ISO-10303-21;
HEADER;
/* Generated by software containing ST-Developer
 * from STEP Tools, Inc. (www.steptools.com) 
 */

FILE_DESCRIPTION(
/* description */ (''),
/* implementation_level */ '2;1');

FILE_NAME(
/* name */ 'Chassis.stp',
/* time_stamp */ '2025-11-05T19:47:45-08:00',
/* author */ ('alexi'),
/* organization */ (''),
/* preprocessor_version */ 'ST-DEVELOPER v19.2',
/* originating_system */ 'Autodesk Inventor 2024',
/* authorisation */ '');

FILE_SCHEMA (('AUTOMOTIVE_DESIGN { 1 0 10303 214 3 1 1 }'));
ENDSEC;

DATA;
#10=MECHANICAL_DESIGN_GEOMETRIC_PRESENTATION_REPRESENTATION('',(#13),#2788);
#11=SHAPE_REPRESENTATION_RELATIONSHIP('SRR','None',#2795,#12);
#12=ADVANCED_BREP_SHAPE_REPRESENTATION('',(#14),#2787);
#13=STYLED_ITEM('',(#2805),#14);
#14=MANIFOLD_SOLID_BREP('\X2\C194B9ACB4DC\X0\1',#1527);
#15=B_SPLINE_SURFACE_WITH_KNOTS('',3,1,((#2293,#2294),(#2295,#2296),(#2297,
#2298),(#2299,#2300),(#2301,#2302),(#2303,#2304),(#2305,#2306),(#2307,#2308),
(#2309,#2310),(#2311,#2312),(#2313,#2314),(#2315,#2316),(#2317,#2318),(#2319,
#2320),(#2321,#2322),(#2323,#2324),(#2325,#2326),(#2327,#2328)),
 .UNSPECIFIED.,.F.,.F.,.F.,(4,1,1,1,1,1,1,1,1,1,1,1,1,1,1,4),(2,2),(0.,
0.01338659532485,0.0267731906497,0.04015978597454,0.05354638129939,0.06693297662424,
0.08031957194909,0.09370616727393,0.107092762599,0.120479357924,0.133865953248,
0.147252548573,0.160639143898,0.174025739223,0.187412334548,0.200798929873),
(-5.83688223460026E-5,1.00000336482513),.UNSPECIFIED.);
#16=B_SPLINE_SURFACE_WITH_KNOTS('',3,1,((#2466,#2467),(#2468,#2469),(#2470,
#2471),(#2472,#2473),(#2474,#2475),(#2476,#2477),(#2478,#2479),(#2480,#2481),
(#2482,#2483),(#2484,#2485),(#2486,#2487),(#2488,#2489),(#2490,#2491),(#2492,
#2493),(#2494,#2495),(#2496,#2497),(#2498,#2499),(#2500,#2501)),
 .UNSPECIFIED.,.F.,.F.,.F.,(4,1,1,1,1,1,1,1,1,1,1,1,1,1,1,4),(2,2),(0.,
0.01338659532485,0.0267731906497,0.04015978597454,0.05354638129939,0.06693297662424,
0.08031957194909,0.09370616727393,0.107092762599,0.120479357924,0.133865953248,
0.147252548573,0.160639143898,0.174025739223,0.187412334548,0.200798929873),
(-5.83688145314143E-5,1.0000033648219),.UNSPECIFIED.);
#17=B_SPLINE_SURFACE_WITH_KNOTS('',3,1,((#2515,#2516),(#2517,#2518),(#2519,
#2520),(#2521,#2522),(#2523,#2524),(#2525,#2526),(#2527,#2528),(#2529,#2530),
(#2531,#2532),(#2533,#2534),(#2535,#2536),(#2537,#2538),(#2539,#2540),(#2541,
#2542),(#2543,#2544),(#2545,#2546),(#2547,#2548),(#2549,#2550)),
 .UNSPECIFIED.,.F.,.F.,.F.,(4,1,1,1,1,1,1,1,1,1,1,1,1,1,1,4),(2,2),(0.,
0.01526422254642,0.03052844509285,0.04579266763927,0.0610568901857,0.07632111273212,
0.09158533527855,0.106849557825,0.122113780371,0.137378002918,0.152642225464,
0.167906448011,0.183170670557,0.198434893104,0.21369911565,0.228963338196),
(-5.83691435138741E-5,1.0000067873941),.UNSPECIFIED.);
#18=B_SPLINE_SURFACE_WITH_KNOTS('',3,1,((#2601,#2602),(#2603,#2604),(#2605,
#2606),(#2607,#2608),(#2609,#2610),(#2611,#2612),(#2613,#2614),(#2615,#2616),
(#2617,#2618),(#2619,#2620),(#2621,#2622),(#2623,#2624),(#2625,#2626),(#2627,
#2628),(#2629,#2630),(#2631,#2632),(#2633,#2634),(#2635,#2636)),
 .UNSPECIFIED.,.F.,.F.,.F.,(4,1,1,1,1,1,1,1,1,1,1,1,1,1,1,4),(2,2),(0.,
0.01526422254643,0.03052844509285,0.04579266763928,0.0610568901857,0.07632111273212,
0.09158533527855,0.106849557825,0.122113780371,0.137378002918,0.152642225464,
0.167906448011,0.183170670557,0.198434893104,0.21369911565,0.228963338196),
(-5.83691513262116E-5,1.00000678739431),.UNSPECIFIED.);
#19=FACE_BOUND('',#255,.T.);
#20=FACE_BOUND('',#256,.T.);
#21=FACE_BOUND('',#257,.T.);
#22=FACE_BOUND('',#260,.T.);
#23=FACE_BOUND('',#261,.T.);
#24=FACE_BOUND('',#262,.T.);
#25=FACE_BOUND('',#268,.T.);
#26=FACE_BOUND('',#269,.T.);
#27=FACE_BOUND('',#270,.T.);
#28=FACE_BOUND('',#280,.T.);
#29=FACE_BOUND('',#295,.T.);
#30=FACE_BOUND('',#296,.T.);
#31=FACE_BOUND('',#297,.T.);
#32=FACE_BOUND('',#312,.T.);
#33=FACE_BOUND('',#313,.T.);
#34=FACE_BOUND('',#317,.T.);
#35=FACE_BOUND('',#318,.T.);
#36=FACE_BOUND('',#319,.T.);
#37=FACE_BOUND('',#324,.T.);
#38=FACE_BOUND('',#325,.T.);
#39=FACE_BOUND('',#327,.T.);
#40=FACE_BOUND('',#328,.T.);
#41=FACE_BOUND('',#329,.T.);
#42=FACE_BOUND('',#338,.T.);
#43=FACE_BOUND('',#348,.T.);
#44=FACE_BOUND('',#349,.T.);
#45=FACE_BOUND('',#356,.T.);
#46=FACE_BOUND('',#357,.T.);
#47=B_SPLINE_CURVE_WITH_KNOTS('',3,(#2158,#2159,#2160,#2161,#2162,#2163,
#2164,#2165,#2166,#2167),.UNSPECIFIED.,.F.,.F.,(4,2,2,2,4),(-0.331297040902632,
-0.248472899792152,-0.16564852045139,-0.0828241411090413,0.),
 .UNSPECIFIED.);
#48=B_SPLINE_CURVE_WITH_KNOTS('',3,(#2182,#2183,#2184,#2185,#2186,#2187,
#2188,#2189,#2190,#2191,#2192,#2193,#2194,#2195),.UNSPECIFIED.,.F.,.F.,
(4,2,2,2,2,2,4),(0.,0.0727774898133158,0.145555341137302,0.291461574974322,
0.437367808812251,0.510145660136503,0.582923149947407),.UNSPECIFIED.);
#49=B_SPLINE_CURVE_WITH_KNOTS('',3,(#2280,#2281,#2282,#2283,#2284,#2285,
#2286,#2287,#2288,#2289),.UNSPECIFIED.,.F.,.F.,(4,2,2,2,4),(-0.433989654111646,
-0.325492713989456,-0.216994827056824,-0.108496940125556,0.),
 .UNSPECIFIED.);
#50=B_SPLINE_CURVE_WITH_KNOTS('',3,(#2330,#2331,#2332,#2333,#2334,#2335,
#2336,#2337,#2338,#2339),.UNSPECIFIED.,.F.,.F.,(4,2,2,2,4),(-0.331297040901538,
-0.248472899791147,-0.165648520451038,-0.0828241411092038,0.),
 .UNSPECIFIED.);
#51=B_SPLINE_CURVE_WITH_KNOTS('',3,(#2343,#2344,#2345,#2346,#2347,#2348,
#2349,#2350,#2351,#2352),.UNSPECIFIED.,.F.,.F.,(4,2,2,2,4),(-0.51188566315703,
-0.387912731256988,-0.255942831579046,-0.123972931897102,0.),
 .UNSPECIFIED.);
#52=B_SPLINE_CURVE_WITH_KNOTS('',3,(#2504,#2505,#2506,#2507,#2508,#2509,
#2510,#2511,#2512,#2513),.UNSPECIFIED.,.F.,.F.,(4,2,2,2,4),(0.,0.123972931897313,
0.255942831566991,0.387912731235175,0.51188566313448),.UNSPECIFIED.);
#53=B_SPLINE_CURVE_WITH_KNOTS('',3,(#2551,#2552,#2553,#2554,#2555,#2556,
#2557,#2558,#2559,#2560),.UNSPECIFIED.,.F.,.F.,(4,2,2,2,4),(-0.433989654113805,
-0.32549271399183,-0.216994827058469,-0.10849694012587,0.),
 .UNSPECIFIED.);
#54=B_SPLINE_CURVE_WITH_KNOTS('',3,(#2637,#2638,#2639,#2640,#2641,#2642,
#2643,#2644,#2645,#2646,#2647,#2648,#2649,#2650),.UNSPECIFIED.,.F.,.F.,
(4,2,2,2,2,2,4),(-0.582923149971846,-0.510145660161449,-0.437367808837488,
-0.291461574986148,-0.145555341138196,-0.0727774898135216,0.),
 .UNSPECIFIED.);
#55=CYLINDRICAL_SURFACE('',#1554,1.905);
#56=CYLINDRICAL_SURFACE('',#1558,3.1242);
#57=CYLINDRICAL_SURFACE('',#1559,3.1242);
#58=CYLINDRICAL_SURFACE('',#1570,2.0701);
#59=CYLINDRICAL_SURFACE('',#1577,2.0701);
#60=CYLINDRICAL_SURFACE('',#1578,1.905);
#61=CYLINDRICAL_SURFACE('',#1580,1.905);
#62=CYLINDRICAL_SURFACE('',#1587,2.7051);
#63=CYLINDRICAL_SURFACE('',#1589,1.2699999993523);
#64=CYLINDRICAL_SURFACE('',#1606,1.2699999993523);
#65=CYLINDRICAL_SURFACE('',#1608,1.2699999993523);
#66=CYLINDRICAL_SURFACE('',#1612,2.4765);
#67=CYLINDRICAL_SURFACE('',#1614,0.507999998538992);
#68=CYLINDRICAL_SURFACE('',#1617,0.507999998538992);
#69=CYLINDRICAL_SURFACE('',#1618,1.2699999993523);
#70=CYLINDRICAL_SURFACE('',#1621,1.2699999993523);
#71=CYLINDRICAL_SURFACE('',#1629,1.2699999993523);
#72=CYLINDRICAL_SURFACE('',#1631,2.7051);
#73=CYLINDRICAL_SURFACE('',#1633,2.7051);
#74=CYLINDRICAL_SURFACE('',#1639,2.7051);
#75=CYLINDRICAL_SURFACE('',#1642,2.0701);
#76=CYLINDRICAL_SURFACE('',#1644,1.2699999993523);
#77=CYLINDRICAL_SURFACE('',#1646,1.2699999993523);
#78=CYLINDRICAL_SURFACE('',#1652,1.2699999993523);
#79=CYLINDRICAL_SURFACE('',#1654,2.4765);
#80=CYLINDRICAL_SURFACE('',#1660,2.4765);
#81=CYLINDRICAL_SURFACE('',#1666,1.2699999993523);
#82=CYLINDRICAL_SURFACE('',#1671,2.7051);
#83=CYLINDRICAL_SURFACE('',#1672,1.2699999993523);
#84=CYLINDRICAL_SURFACE('',#1678,3.1242);
#85=CYLINDRICAL_SURFACE('',#1680,2.7051);
#86=CYLINDRICAL_SURFACE('',#1681,1.905);
#87=CYLINDRICAL_SURFACE('',#1682,1.905);
#88=CYLINDRICAL_SURFACE('',#1683,3.1242);
#89=CYLINDRICAL_SURFACE('',#1688,2.4765);
#90=CYLINDRICAL_SURFACE('',#1690,2.4765);
#91=CYLINDRICAL_SURFACE('',#1692,1.2699999993523);
#92=CYLINDRICAL_SURFACE('',#1699,3.1242);
#93=CIRCLE('',#1552,1.90500144769473);
#94=CIRCLE('',#1553,3.1242);
#95=CIRCLE('',#1556,1.90500144769473);
#96=CIRCLE('',#1557,3.1242);
#97=CIRCLE('',#1560,3.1242);
#98=CIRCLE('',#1561,3.1242);
#99=CIRCLE('',#1563,1.90500144769473);
#100=CIRCLE('',#1565,0.507999998538992);
#101=CIRCLE('',#1566,0.507999998538992);
#102=CIRCLE('',#1567,2.0701);
#103=CIRCLE('',#1568,2.0701);
#104=CIRCLE('',#1569,2.0701);
#105=CIRCLE('',#1571,2.0701);
#106=CIRCLE('',#1573,0.507999998538992);
#107=CIRCLE('',#1574,0.507999998538992);
#108=CIRCLE('',#1575,2.0701);
#109=CIRCLE('',#1576,2.0701);
#110=CIRCLE('',#1579,1.90500144769384);
#111=CIRCLE('',#1581,1.90500144769386);
#112=CIRCLE('',#1583,1.2699999993523);
#113=CIRCLE('',#1584,2.7051);
#114=CIRCLE('',#1585,2.7051);
#115=CIRCLE('',#1586,2.7051);
#116=CIRCLE('',#1588,2.7051);
#117=CIRCLE('',#1590,1.2699999993523);
#118=CIRCLE('',#1597,3.12420000000005);
#119=CIRCLE('',#1599,1.2699999993523);
#120=CIRCLE('',#1600,1.2699999993523);
#121=CIRCLE('',#1601,1.2699999993523);
#122=CIRCLE('',#1602,1.2699999993523);
#123=CIRCLE('',#1603,1.2699999993523);
#124=CIRCLE('',#1604,1.2699999993523);
#125=CIRCLE('',#1605,2.4765);
#126=CIRCLE('',#1607,1.2699999993523);
#127=CIRCLE('',#1609,1.2699999993523);
#128=CIRCLE('',#1613,2.4765);
#129=CIRCLE('',#1616,3.1242000000001);
#130=CIRCLE('',#1619,1.2699999993523);
#131=CIRCLE('',#1622,1.2699999993523);
#132=CIRCLE('',#1623,1.2699999993523);
#133=CIRCLE('',#1625,1.2699999993523);
#134=CIRCLE('',#1626,2.7051);
#135=CIRCLE('',#1627,2.7051);
#136=CIRCLE('',#1628,2.7051);
#137=CIRCLE('',#1630,1.2699999993523);
#138=CIRCLE('',#1632,2.7051);
#139=CIRCLE('',#1634,2.7051);
#140=CIRCLE('',#1638,1.90500144769473);
#141=CIRCLE('',#1640,2.7051);
#142=CIRCLE('',#1645,1.2699999993523);
#143=CIRCLE('',#1647,1.2699999993523);
#144=CIRCLE('',#1649,1.2699999993523);
#145=CIRCLE('',#1650,2.4765);
#146=CIRCLE('',#1651,2.4765);
#147=CIRCLE('',#1653,1.2699999993523);
#148=CIRCLE('',#1655,2.4765);
#149=CIRCLE('',#1657,2.7051);
#150=CIRCLE('',#1661,2.4765);
#151=CIRCLE('',#1664,2.7051);
#152=CIRCLE('',#1667,1.2699999993523);
#153=CIRCLE('',#1668,1.2699999993523);
#154=CIRCLE('',#1673,1.2699999993523);
#155=CIRCLE('',#1685,1.2699999993523);
#156=CIRCLE('',#1686,2.4765);
#157=CIRCLE('',#1687,2.4765);
#158=CIRCLE('',#1689,2.4765);
#159=CIRCLE('',#1691,2.4765);
#160=CIRCLE('',#1693,1.2699999993523);
#161=FACE_OUTER_BOUND('',#247,.T.);
#162=FACE_OUTER_BOUND('',#248,.T.);
#163=FACE_OUTER_BOUND('',#249,.T.);
#164=FACE_OUTER_BOUND('',#250,.T.);
#165=FACE_OUTER_BOUND('',#251,.T.);
#166=FACE_OUTER_BOUND('',#252,.T.);
#167=FACE_OUTER_BOUND('',#253,.T.);
#168=FACE_OUTER_BOUND('',#254,.T.);
#169=FACE_OUTER_BOUND('',#258,.T.);
#170=FACE_OUTER_BOUND('',#259,.T.);
#171=FACE_OUTER_BOUND('',#263,.T.);
#172=FACE_OUTER_BOUND('',#264,.T.);
#173=FACE_OUTER_BOUND('',#265,.T.);
#174=FACE_OUTER_BOUND('',#266,.T.);
#175=FACE_OUTER_BOUND('',#267,.T.);
#176=FACE_OUTER_BOUND('',#271,.T.);
#177=FACE_OUTER_BOUND('',#272,.T.);
#178=FACE_OUTER_BOUND('',#273,.T.);
#179=FACE_OUTER_BOUND('',#274,.T.);
#180=FACE_OUTER_BOUND('',#275,.T.);
#181=FACE_OUTER_BOUND('',#276,.T.);
#182=FACE_OUTER_BOUND('',#277,.T.);
#183=FACE_OUTER_BOUND('',#278,.T.);
#184=FACE_OUTER_BOUND('',#279,.T.);
#185=FACE_OUTER_BOUND('',#281,.T.);
#186=FACE_OUTER_BOUND('',#282,.T.);
#187=FACE_OUTER_BOUND('',#283,.T.);
#188=FACE_OUTER_BOUND('',#284,.T.);
#189=FACE_OUTER_BOUND('',#285,.T.);
#190=FACE_OUTER_BOUND('',#286,.T.);
#191=FACE_OUTER_BOUND('',#287,.T.);
#192=FACE_OUTER_BOUND('',#288,.T.);
#193=FACE_OUTER_BOUND('',#289,.T.);
#194=FACE_OUTER_BOUND('',#290,.T.);
#195=FACE_OUTER_BOUND('',#291,.T.);
#196=FACE_OUTER_BOUND('',#292,.T.);
#197=FACE_OUTER_BOUND('',#293,.T.);
#198=FACE_OUTER_BOUND('',#294,.T.);
#199=FACE_OUTER_BOUND('',#298,.T.);
#200=FACE_OUTER_BOUND('',#299,.T.);
#201=FACE_OUTER_BOUND('',#300,.T.);
#202=FACE_OUTER_BOUND('',#301,.T.);
#203=FACE_OUTER_BOUND('',#302,.T.);
#204=FACE_OUTER_BOUND('',#303,.T.);
#205=FACE_OUTER_BOUND('',#304,.T.);
#206=FACE_OUTER_BOUND('',#305,.T.);
#207=FACE_OUTER_BOUND('',#306,.T.);
#208=FACE_OUTER_BOUND('',#307,.T.);
#209=FACE_OUTER_BOUND('',#308,.T.);
#210=FACE_OUTER_BOUND('',#309,.T.);
#211=FACE_OUTER_BOUND('',#310,.T.);
#212=FACE_OUTER_BOUND('',#311,.T.);
#213=FACE_OUTER_BOUND('',#314,.T.);
#214=FACE_OUTER_BOUND('',#315,.T.);
#215=FACE_OUTER_BOUND('',#316,.T.);
#216=FACE_OUTER_BOUND('',#320,.T.);
#217=FACE_OUTER_BOUND('',#321,.T.);
#218=FACE_OUTER_BOUND('',#322,.T.);
#219=FACE_OUTER_BOUND('',#323,.T.);
#220=FACE_OUTER_BOUND('',#326,.T.);
#221=FACE_OUTER_BOUND('',#330,.T.);
#222=FACE_OUTER_BOUND('',#331,.T.);
#223=FACE_OUTER_BOUND('',#332,.T.);
#224=FACE_OUTER_BOUND('',#333,.T.);
#225=FACE_OUTER_BOUND('',#334,.T.);
#226=FACE_OUTER_BOUND('',#335,.T.);
#227=FACE_OUTER_BOUND('',#336,.T.);
#228=FACE_OUTER_BOUND('',#337,.T.);
#229=FACE_OUTER_BOUND('',#339,.T.);
#230=FACE_OUTER_BOUND('',#340,.T.);
#231=FACE_OUTER_BOUND('',#341,.T.);
#232=FACE_OUTER_BOUND('',#342,.T.);
#233=FACE_OUTER_BOUND('',#343,.T.);
#234=FACE_OUTER_BOUND('',#344,.T.);
#235=FACE_OUTER_BOUND('',#345,.T.);
#236=FACE_OUTER_BOUND('',#346,.T.);
#237=FACE_OUTER_BOUND('',#347,.T.);
#238=FACE_OUTER_BOUND('',#350,.T.);
#239=FACE_OUTER_BOUND('',#351,.T.);
#240=FACE_OUTER_BOUND('',#352,.T.);
#241=FACE_OUTER_BOUND('',#353,.T.);
#242=FACE_OUTER_BOUND('',#354,.T.);
#243=FACE_OUTER_BOUND('',#355,.T.);
#244=FACE_OUTER_BOUND('',#358,.T.);
#245=FACE_OUTER_BOUND('',#359,.T.);
#246=FACE_OUTER_BOUND('',#360,.T.);
#247=EDGE_LOOP('',(#973,#974,#975,#976));
#248=EDGE_LOOP('',(#977,#978,#979,#980));
#249=EDGE_LOOP('',(#981,#982,#983,#984));
#250=EDGE_LOOP('',(#985,#986,#987,#988));
#251=EDGE_LOOP('',(#989,#990,#991,#992));
#252=EDGE_LOOP('',(#993,#994,#995,#996));
#253=EDGE_LOOP('',(#997,#998,#999,#1000));
#254=EDGE_LOOP('',(#1001,#1002,#1003,#1004,#1005,#1006,#1007,#1008,#1009,
#1010,#1011,#1012,#1013,#1014));
#255=EDGE_LOOP('',(#1015));
#256=EDGE_LOOP('',(#1016));
#257=EDGE_LOOP('',(#1017));
#258=EDGE_LOOP('',(#1018,#1019,#1020,#1021));
#259=EDGE_LOOP('',(#1022,#1023,#1024,#1025,#1026,#1027,#1028,#1029,#1030,
#1031,#1032,#1033,#1034,#1035));
#260=EDGE_LOOP('',(#1036));
#261=EDGE_LOOP('',(#1037));
#262=EDGE_LOOP('',(#1038));
#263=EDGE_LOOP('',(#1039,#1040,#1041,#1042));
#264=EDGE_LOOP('',(#1043,#1044,#1045,#1046));
#265=EDGE_LOOP('',(#1047,#1048,#1049,#1050));
#266=EDGE_LOOP('',(#1051,#1052,#1053,#1054));
#267=EDGE_LOOP('',(#1055,#1056,#1057,#1058,#1059));
#268=EDGE_LOOP('',(#1060));
#269=EDGE_LOOP('',(#1061));
#270=EDGE_LOOP('',(#1062));
#271=EDGE_LOOP('',(#1063,#1064,#1065,#1066));
#272=EDGE_LOOP('',(#1067,#1068,#1069,#1070));
#273=EDGE_LOOP('',(#1071,#1072,#1073,#1074));
#274=EDGE_LOOP('',(#1075,#1076,#1077,#1078));
#275=EDGE_LOOP('',(#1079,#1080,#1081,#1082));
#276=EDGE_LOOP('',(#1083,#1084,#1085,#1086));
#277=EDGE_LOOP('',(#1087,#1088,#1089,#1090));
#278=EDGE_LOOP('',(#1091,#1092,#1093,#1094));
#279=EDGE_LOOP('',(#1095,#1096,#1097,#1098,#1099,#1100,#1101,#1102,#1103,
#1104,#1105,#1106,#1107,#1108));
#280=EDGE_LOOP('',(#1109));
#281=EDGE_LOOP('',(#1110,#1111,#1112,#1113));
#282=EDGE_LOOP('',(#1114,#1115,#1116,#1117));
#283=EDGE_LOOP('',(#1118,#1119,#1120,#1121));
#284=EDGE_LOOP('',(#1122,#1123,#1124,#1125));
#285=EDGE_LOOP('',(#1126,#1127,#1128,#1129));
#286=EDGE_LOOP('',(#1130,#1131,#1132,#1133));
#287=EDGE_LOOP('',(#1134,#1135,#1136,#1137));
#288=EDGE_LOOP('',(#1138,#1139,#1140,#1141));
#289=EDGE_LOOP('',(#1142,#1143,#1144,#1145));
#290=EDGE_LOOP('',(#1146,#1147,#1148,#1149));
#291=EDGE_LOOP('',(#1150,#1151,#1152,#1153));
#292=EDGE_LOOP('',(#1154,#1155,#1156,#1157));
#293=EDGE_LOOP('',(#1158,#1159,#1160,#1161));
#294=EDGE_LOOP('',(#1162,#1163,#1164,#1165,#1166));
#295=EDGE_LOOP('',(#1167));
#296=EDGE_LOOP('',(#1168));
#297=EDGE_LOOP('',(#1169));
#298=EDGE_LOOP('',(#1170,#1171,#1172,#1173));
#299=EDGE_LOOP('',(#1174,#1175,#1176,#1177));
#300=EDGE_LOOP('',(#1178,#1179,#1180,#1181));
#301=EDGE_LOOP('',(#1182,#1183,#1184,#1185));
#302=EDGE_LOOP('',(#1186,#1187,#1188,#1189));
#303=EDGE_LOOP('',(#1190,#1191,#1192,#1193));
#304=EDGE_LOOP('',(#1194,#1195,#1196,#1197));
#305=EDGE_LOOP('',(#1198,#1199,#1200,#1201));
#306=EDGE_LOOP('',(#1202,#1203,#1204,#1205));
#307=EDGE_LOOP('',(#1206,#1207,#1208,#1209));
#308=EDGE_LOOP('',(#1210,#1211,#1212,#1213));
#309=EDGE_LOOP('',(#1214,#1215,#1216,#1217));
#310=EDGE_LOOP('',(#1218,#1219,#1220,#1221));
#311=EDGE_LOOP('',(#1222,#1223,#1224,#1225,#1226,#1227));
#312=EDGE_LOOP('',(#1228));
#313=EDGE_LOOP('',(#1229));
#314=EDGE_LOOP('',(#1230,#1231,#1232,#1233));
#315=EDGE_LOOP('',(#1234,#1235,#1236,#1237));
#316=EDGE_LOOP('',(#1238,#1239,#1240,#1241,#1242));
#317=EDGE_LOOP('',(#1243));
#318=EDGE_LOOP('',(#1244));
#319=EDGE_LOOP('',(#1245));
#320=EDGE_LOOP('',(#1246,#1247,#1248,#1249));
#321=EDGE_LOOP('',(#1250,#1251,#1252,#1253));
#322=EDGE_LOOP('',(#1254,#1255,#1256,#1257));
#323=EDGE_LOOP('',(#1258,#1259,#1260,#1261,#1262,#1263));
#324=EDGE_LOOP('',(#1264));
#325=EDGE_LOOP('',(#1265));
#326=EDGE_LOOP('',(#1266,#1267,#1268,#1269,#1270));
#327=EDGE_LOOP('',(#1271));
#328=EDGE_LOOP('',(#1272));
#329=EDGE_LOOP('',(#1273));
#330=EDGE_LOOP('',(#1274,#1275,#1276,#1277));
#331=EDGE_LOOP('',(#1278,#1279,#1280,#1281));
#332=EDGE_LOOP('',(#1282,#1283,#1284,#1285));
#333=EDGE_LOOP('',(#1286,#1287,#1288,#1289));
#334=EDGE_LOOP('',(#1290,#1291,#1292,#1293));
#335=EDGE_LOOP('',(#1294,#1295,#1296,#1297));
#336=EDGE_LOOP('',(#1298,#1299,#1300,#1301));
#337=EDGE_LOOP('',(#1302,#1303,#1304,#1305,#1306,#1307,#1308,#1309,#1310,
#1311,#1312,#1313,#1314,#1315));
#338=EDGE_LOOP('',(#1316));
#339=EDGE_LOOP('',(#1317,#1318,#1319,#1320));
#340=EDGE_LOOP('',(#1321,#1322,#1323,#1324));
#341=EDGE_LOOP('',(#1325,#1326,#1327,#1328));
#342=EDGE_LOOP('',(#1329,#1330,#1331,#1332));
#343=EDGE_LOOP('',(#1333,#1334,#1335,#1336));
#344=EDGE_LOOP('',(#1337,#1338,#1339,#1340));
#345=EDGE_LOOP('',(#1341,#1342,#1343,#1344));
#346=EDGE_LOOP('',(#1345,#1346,#1347,#1348));
#347=EDGE_LOOP('',(#1349,#1350,#1351,#1352,#1353,#1354));
#348=EDGE_LOOP('',(#1355));
#349=EDGE_LOOP('',(#1356));
#350=EDGE_LOOP('',(#1357,#1358,#1359,#1360));
#351=EDGE_LOOP('',(#1361,#1362,#1363,#1364));
#352=EDGE_LOOP('',(#1365,#1366,#1367,#1368));
#353=EDGE_LOOP('',(#1369,#1370,#1371,#1372));
#354=EDGE_LOOP('',(#1373,#1374,#1375,#1376));
#355=EDGE_LOOP('',(#1377,#1378,#1379,#1380,#1381,#1382));
#356=EDGE_LOOP('',(#1383));
#357=EDGE_LOOP('',(#1384));
#358=EDGE_LOOP('',(#1385,#1386,#1387,#1388));
#359=EDGE_LOOP('',(#1389,#1390,#1391,#1392));
#360=EDGE_LOOP('',(#1393,#1394,#1395,#1396));
#361=LINE('',#2142,#497);
#362=LINE('',#2144,#498);
#363=LINE('',#2146,#499);
#364=LINE('',#2147,#500);
#365=LINE('',#2152,#501);
#366=LINE('',#2156,#502);
#367=LINE('',#2168,#503);
#368=LINE('',#2174,#504);
#369=LINE('',#2177,#505);
#370=LINE('',#2180,#506);
#371=LINE('',#2196,#507);
#372=LINE('',#2202,#508);
#373=LINE('',#2205,#509);
#374=LINE('',#2210,#510);
#375=LINE('',#2211,#511);
#376=LINE('',#2214,#512);
#377=LINE('',#2216,#513);
#378=LINE('',#2218,#514);
#379=LINE('',#2220,#515);
#380=LINE('',#2224,#516);
#381=LINE('',#2226,#517);
#382=LINE('',#2227,#518);
#383=LINE('',#2229,#519);
#384=LINE('',#2231,#520);
#385=LINE('',#2233,#521);
#386=LINE('',#2244,#522);
#387=LINE('',#2248,#523);
#388=LINE('',#2252,#524);
#389=LINE('',#2254,#525);
#390=LINE('',#2256,#526);
#391=LINE('',#2257,#527);
#392=LINE('',#2259,#528);
#393=LINE('',#2261,#529);
#394=LINE('',#2263,#530);
#395=LINE('',#2267,#531);
#396=LINE('',#2269,#532);
#397=LINE('',#2270,#533);
#398=LINE('',#2271,#534);
#399=LINE('',#2277,#535);
#400=LINE('',#2291,#536);
#401=LINE('',#2341,#537);
#402=LINE('',#2353,#538);
#403=LINE('',#2356,#539);
#404=LINE('',#2359,#540);
#405=LINE('',#2362,#541);
#406=LINE('',#2365,#542);
#407=LINE('',#2374,#543);
#408=LINE('',#2378,#544);
#409=LINE('',#2381,#545);
#410=LINE('',#2383,#546);
#411=LINE('',#2385,#547);
#412=LINE('',#2386,#548);
#413=LINE('',#2388,#549);
#414=LINE('',#2389,#550);
#415=LINE('',#2391,#551);
#416=LINE('',#2392,#552);
#417=LINE('',#2395,#553);
#418=LINE('',#2396,#554);
#419=LINE('',#2399,#555);
#420=LINE('',#2402,#556);
#421=LINE('',#2405,#557);
#422=LINE('',#2409,#558);
#423=LINE('',#2413,#559);
#424=LINE('',#2417,#560);
#425=LINE('',#2421,#561);
#426=LINE('',#2425,#562);
#427=LINE('',#2428,#563);
#428=LINE('',#2433,#564);
#429=LINE('',#2435,#565);
#430=LINE('',#2439,#566);
#431=LINE('',#2442,#567);
#432=LINE('',#2445,#568);
#433=LINE('',#2447,#569);
#434=LINE('',#2448,#570);
#435=LINE('',#2451,#571);
#436=LINE('',#2453,#572);
#437=LINE('',#2454,#573);
#438=LINE('',#2458,#574);
#439=LINE('',#2460,#575);
#440=LINE('',#2463,#576);
#441=LINE('',#2465,#577);
#442=LINE('',#2503,#578);
#443=LINE('',#2514,#579);
#444=LINE('',#2561,#580);
#445=LINE('',#2564,#581);
#446=LINE('',#2568,#582);
#447=LINE('',#2570,#583);
#448=LINE('',#2571,#584);
#449=LINE('',#2576,#585);
#450=LINE('',#2579,#586);
#451=LINE('',#2581,#587);
#452=LINE('',#2584,#588);
#453=LINE('',#2593,#589);
#454=LINE('',#2595,#590);
#455=LINE('',#2600,#591);
#456=LINE('',#2653,#592);
#457=LINE('',#2657,#593);
#458=LINE('',#2661,#594);
#459=LINE('',#2665,#595);
#460=LINE('',#2667,#596);
#461=LINE('',#2669,#597);
#462=LINE('',#2671,#598);
#463=LINE('',#2676,#599);
#464=LINE('',#2680,#600);
#465=LINE('',#2683,#601);
#466=LINE('',#2690,#602);
#467=LINE('',#2693,#603);
#468=LINE('',#2696,#604);
#469=LINE('',#2699,#605);
#470=LINE('',#2700,#606);
#471=LINE('',#2701,#607);
#472=LINE('',#2706,#608);
#473=LINE('',#2707,#609);
#474=LINE('',#2711,#610);
#475=LINE('',#2712,#611);
#476=LINE('',#2713,#612);
#477=LINE('',#2716,#613);
#478=LINE('',#2719,#614);
#479=LINE('',#2720,#615);
#480=LINE('',#2721,#616);
#481=LINE('',#2723,#617);
#482=LINE('',#2727,#618);
#483=LINE('',#2732,#619);
#484=LINE('',#2736,#620);
#485=LINE('',#2738,#621);
#486=LINE('',#2739,#622);
#487=LINE('',#2742,#623);
#488=LINE('',#2745,#624);
#489=LINE('',#2748,#625);
#490=LINE('',#2750,#626);
#491=LINE('',#2751,#627);
#492=LINE('',#2752,#628);
#493=LINE('',#2756,#629);
#494=LINE('',#2759,#630);
#495=LINE('',#2772,#631);
#496=LINE('',#2776,#632);
#497=VECTOR('',#1704,25.4);
#498=VECTOR('',#1705,25.4);
#499=VECTOR('',#1706,25.4);
#500=VECTOR('',#1707,25.4);
#501=VECTOR('',#1712,25.4);
#502=VECTOR('',#1717,25.4);
#503=VECTOR('',#1718,10.);
#504=VECTOR('',#1723,25.4);
#505=VECTOR('',#1726,10.);
#506=VECTOR('',#1729,25.4);
#507=VECTOR('',#1730,25.4);
#508=VECTOR('',#1735,25.4);
#509=VECTOR('',#1738,25.4);
#510=VECTOR('',#1743,10.);
#511=VECTOR('',#1744,10.);
#512=VECTOR('',#1747,25.4);
#513=VECTOR('',#1748,25.4);
#514=VECTOR('',#1749,10.);
#515=VECTOR('',#1750,25.4);
#516=VECTOR('',#1753,25.4);
#517=VECTOR('',#1754,25.4);
#518=VECTOR('',#1755,25.4);
#519=VECTOR('',#1756,25.4);
#520=VECTOR('',#1757,25.4);
#521=VECTOR('',#1758,25.4);
#522=VECTOR('',#1771,2.0701);
#523=VECTOR('',#1774,25.4);
#524=VECTOR('',#1777,25.4);
#525=VECTOR('',#1778,25.4);
#526=VECTOR('',#1779,25.4);
#527=VECTOR('',#1780,25.4);
#528=VECTOR('',#1781,25.4);
#529=VECTOR('',#1782,25.4);
#530=VECTOR('',#1783,25.4);
#531=VECTOR('',#1786,25.4);
#532=VECTOR('',#1787,10.);
#533=VECTOR('',#1788,25.4);
#534=VECTOR('',#1789,25.4);
#535=VECTOR('',#1796,2.0701);
#536=VECTOR('',#1799,10.);
#537=VECTOR('',#1802,10.);
#538=VECTOR('',#1803,10.);
#539=VECTOR('',#1806,25.4);
#540=VECTOR('',#1809,25.4);
#541=VECTOR('',#1812,25.4);
#542=VECTOR('',#1815,25.4);
#543=VECTOR('',#1824,2.7051);
#544=VECTOR('',#1829,25.4);
#545=VECTOR('',#1832,25.4);
#546=VECTOR('',#1835,25.4);
#547=VECTOR('',#1838,25.4);
#548=VECTOR('',#1839,10.);
#549=VECTOR('',#1842,25.4);
#550=VECTOR('',#1843,25.4);
#551=VECTOR('',#1846,25.4);
#552=VECTOR('',#1847,25.4);
#553=VECTOR('',#1850,25.4);
#554=VECTOR('',#1851,10.);
#555=VECTOR('',#1854,25.4);
#556=VECTOR('',#1857,25.4);
#557=VECTOR('',#1860,25.4);
#558=VECTOR('',#1863,25.4);
#559=VECTOR('',#1866,25.4);
#560=VECTOR('',#1869,25.4);
#561=VECTOR('',#1872,25.4);
#562=VECTOR('',#1875,25.4);
#563=VECTOR('',#1878,25.4);
#564=VECTOR('',#1883,25.4);
#565=VECTOR('',#1884,25.4);
#566=VECTOR('',#1889,25.4);
#567=VECTOR('',#1892,25.4);
#568=VECTOR('',#1895,25.4);
#569=VECTOR('',#1896,25.4);
#570=VECTOR('',#1897,25.4);
#571=VECTOR('',#1900,25.4);
#572=VECTOR('',#1901,25.4);
#573=VECTOR('',#1902,25.4);
#574=VECTOR('',#1907,2.4765);
#575=VECTOR('',#1910,25.4);
#576=VECTOR('',#1915,25.4);
#577=VECTOR('',#1918,25.4);
#578=VECTOR('',#1919,10.);
#579=VECTOR('',#1920,25.4);
#580=VECTOR('',#1921,25.4);
#581=VECTOR('',#1924,25.4);
#582=VECTOR('',#1929,25.3999999999886);
#583=VECTOR('',#1930,25.4);
#584=VECTOR('',#1931,25.3999999999886);
#585=VECTOR('',#1936,25.4);
#586=VECTOR('',#1941,25.4);
#587=VECTOR('',#1942,25.4);
#588=VECTOR('',#1945,25.4);
#589=VECTOR('',#1954,25.4);
#590=VECTOR('',#1955,25.4);
#591=VECTOR('',#1962,2.7051);
#592=VECTOR('',#1965,2.7051);
#593=VECTOR('',#1972,25.4);
#594=VECTOR('',#1977,10.);
#595=VECTOR('',#1982,2.7051);
#596=VECTOR('',#1985,25.4);
#597=VECTOR('',#1988,2.0701);
#598=VECTOR('',#1991,25.4);
#599=VECTOR('',#1998,25.4);
#600=VECTOR('',#2003,25.4);
#601=VECTOR('',#2006,25.4);
#602=VECTOR('',#2013,25.4);
#603=VECTOR('',#2016,25.4);
#604=VECTOR('',#2019,2.4765);
#605=VECTOR('',#2024,10.);
#606=VECTOR('',#2025,25.4);
#607=VECTOR('',#2026,25.4);
#608=VECTOR('',#2031,25.4);
#609=VECTOR('',#2032,25.4);
#610=VECTOR('',#2035,25.4);
#611=VECTOR('',#2036,25.3999999999886);
#612=VECTOR('',#2037,25.3999999999886);
#613=VECTOR('',#2040,2.4765);
#614=VECTOR('',#2045,25.4);
#615=VECTOR('',#2046,25.4);
#616=VECTOR('',#2047,25.4);
#617=VECTOR('',#2050,25.4);
#618=VECTOR('',#2055,25.4);
#619=VECTOR('',#2060,25.4);
#620=VECTOR('',#2065,25.4);
#621=VECTOR('',#2066,25.4);
#622=VECTOR('',#2067,25.4);
#623=VECTOR('',#2072,2.7051);
#624=VECTOR('',#2075,25.4);
#625=VECTOR('',#2080,25.4);
#626=VECTOR('',#2083,25.4);
#627=VECTOR('',#2084,25.4);
#628=VECTOR('',#2085,25.4);
#629=VECTOR('',#2092,25.4);
#630=VECTOR('',#2097,2.7051);
#631=VECTOR('',#2116,2.4765);
#632=VECTOR('',#2121,2.4765);
#633=VERTEX_POINT('',#2140);
#634=VERTEX_POINT('',#2141);
#635=VERTEX_POINT('',#2143);
#636=VERTEX_POINT('',#2145);
#637=VERTEX_POINT('',#2149);
#638=VERTEX_POINT('',#2151);
#639=VERTEX_POINT('',#2155);
#640=VERTEX_POINT('',#2157);
#641=VERTEX_POINT('',#2170);
#642=VERTEX_POINT('',#2171);
#643=VERTEX_POINT('',#2173);
#644=VERTEX_POINT('',#2175);
#645=VERTEX_POINT('',#2179);
#646=VERTEX_POINT('',#2181);
#647=VERTEX_POINT('',#2198);
#648=VERTEX_POINT('',#2199);
#649=VERTEX_POINT('',#2201);
#650=VERTEX_POINT('',#2203);
#651=VERTEX_POINT('',#2207);
#652=VERTEX_POINT('',#2208);
#653=VERTEX_POINT('',#2213);
#654=VERTEX_POINT('',#2215);
#655=VERTEX_POINT('',#2217);
#656=VERTEX_POINT('',#2219);
#657=VERTEX_POINT('',#2221);
#658=VERTEX_POINT('',#2223);
#659=VERTEX_POINT('',#2225);
#660=VERTEX_POINT('',#2228);
#661=VERTEX_POINT('',#2230);
#662=VERTEX_POINT('',#2232);
#663=VERTEX_POINT('',#2235);
#664=VERTEX_POINT('',#2237);
#665=VERTEX_POINT('',#2239);
#666=VERTEX_POINT('',#2242);
#667=VERTEX_POINT('',#2246);
#668=VERTEX_POINT('',#2247);
#669=VERTEX_POINT('',#2249);
#670=VERTEX_POINT('',#2251);
#671=VERTEX_POINT('',#2253);
#672=VERTEX_POINT('',#2255);
#673=VERTEX_POINT('',#2258);
#674=VERTEX_POINT('',#2260);
#675=VERTEX_POINT('',#2262);
#676=VERTEX_POINT('',#2264);
#677=VERTEX_POINT('',#2266);
#678=VERTEX_POINT('',#2268);
#679=VERTEX_POINT('',#2272);
#680=VERTEX_POINT('',#2274);
#681=VERTEX_POINT('',#2279);
#682=VERTEX_POINT('',#2290);
#683=VERTEX_POINT('',#2329);
#684=VERTEX_POINT('',#2340);
#685=VERTEX_POINT('',#2342);
#686=VERTEX_POINT('',#2355);
#687=VERTEX_POINT('',#2357);
#688=VERTEX_POINT('',#2361);
#689=VERTEX_POINT('',#2363);
#690=VERTEX_POINT('',#2366);
#691=VERTEX_POINT('',#2368);
#692=VERTEX_POINT('',#2370);
#693=VERTEX_POINT('',#2373);
#694=VERTEX_POINT('',#2377);
#695=VERTEX_POINT('',#2379);
#696=VERTEX_POINT('',#2394);
#697=VERTEX_POINT('',#2398);
#698=VERTEX_POINT('',#2400);
#699=VERTEX_POINT('',#2404);
#700=VERTEX_POINT('',#2406);
#701=VERTEX_POINT('',#2408);
#702=VERTEX_POINT('',#2410);
#703=VERTEX_POINT('',#2412);
#704=VERTEX_POINT('',#2414);
#705=VERTEX_POINT('',#2416);
#706=VERTEX_POINT('',#2418);
#707=VERTEX_POINT('',#2420);
#708=VERTEX_POINT('',#2422);
#709=VERTEX_POINT('',#2424);
#710=VERTEX_POINT('',#2426);
#711=VERTEX_POINT('',#2429);
#712=VERTEX_POINT('',#2432);
#713=VERTEX_POINT('',#2434);
#714=VERTEX_POINT('',#2438);
#715=VERTEX_POINT('',#2440);
#716=VERTEX_POINT('',#2444);
#717=VERTEX_POINT('',#2446);
#718=VERTEX_POINT('',#2450);
#719=VERTEX_POINT('',#2452);
#720=VERTEX_POINT('',#2456);
#721=VERTEX_POINT('',#2502);
#722=VERTEX_POINT('',#2563);
#723=VERTEX_POINT('',#2567);
#724=VERTEX_POINT('',#2569);
#725=VERTEX_POINT('',#2573);
#726=VERTEX_POINT('',#2575);
#727=VERTEX_POINT('',#2580);
#728=VERTEX_POINT('',#2582);
#729=VERTEX_POINT('',#2585);
#730=VERTEX_POINT('',#2587);
#731=VERTEX_POINT('',#2589);
#732=VERTEX_POINT('',#2592);
#733=VERTEX_POINT('',#2594);
#734=VERTEX_POINT('',#2598);
#735=VERTEX_POINT('',#2652);
#736=VERTEX_POINT('',#2659);
#737=VERTEX_POINT('',#2663);
#738=VERTEX_POINT('',#2675);
#739=VERTEX_POINT('',#2679);
#740=VERTEX_POINT('',#2681);
#741=VERTEX_POINT('',#2684);
#742=VERTEX_POINT('',#2686);
#743=VERTEX_POINT('',#2689);
#744=VERTEX_POINT('',#2691);
#745=VERTEX_POINT('',#2695);
#746=VERTEX_POINT('',#2702);
#747=VERTEX_POINT('',#2705);
#748=VERTEX_POINT('',#2709);
#749=VERTEX_POINT('',#2710);
#750=VERTEX_POINT('',#2715);
#751=VERTEX_POINT('',#2724);
#752=VERTEX_POINT('',#2729);
#753=VERTEX_POINT('',#2731);
#754=VERTEX_POINT('',#2735);
#755=VERTEX_POINT('',#2737);
#756=VERTEX_POINT('',#2744);
#757=VERTEX_POINT('',#2765);
#758=VERTEX_POINT('',#2767);
#759=VERTEX_POINT('',#2770);
#760=VERTEX_POINT('',#2774);
#761=EDGE_CURVE('',#633,#634,#361,.T.);
#762=EDGE_CURVE('',#633,#635,#362,.T.);
#763=EDGE_CURVE('',#635,#636,#363,.T.);
#764=EDGE_CURVE('',#634,#636,#364,.T.);
#765=EDGE_CURVE('',#634,#637,#93,.T.);
#766=EDGE_CURVE('',#638,#637,#365,.T.);
#767=EDGE_CURVE('',#638,#633,#94,.T.);
#768=EDGE_CURVE('',#639,#634,#366,.T.);
#769=EDGE_CURVE('',#639,#640,#47,.T.);
#770=EDGE_CURVE('',#637,#640,#367,.T.);
#771=EDGE_CURVE('',#641,#642,#95,.T.);
#772=EDGE_CURVE('',#643,#642,#368,.T.);
#773=EDGE_CURVE('',#643,#644,#96,.T.);
#774=EDGE_CURVE('',#641,#644,#369,.T.);
#775=EDGE_CURVE('',#643,#645,#370,.T.);
#776=EDGE_CURVE('',#645,#646,#48,.T.);
#777=EDGE_CURVE('',#646,#644,#371,.T.);
#778=EDGE_CURVE('',#647,#648,#97,.T.);
#779=EDGE_CURVE('',#647,#649,#372,.T.);
#780=EDGE_CURVE('',#649,#650,#98,.T.);
#781=EDGE_CURVE('',#650,#648,#373,.T.);
#782=EDGE_CURVE('',#651,#652,#99,.T.);
#783=EDGE_CURVE('',#650,#651,#374,.T.);
#784=EDGE_CURVE('',#652,#649,#375,.T.);
#785=EDGE_CURVE('',#645,#653,#376,.T.);
#786=EDGE_CURVE('',#654,#643,#377,.T.);
#787=EDGE_CURVE('',#655,#654,#378,.T.);
#788=EDGE_CURVE('',#656,#655,#379,.T.);
#789=EDGE_CURVE('',#657,#656,#100,.T.);
#790=EDGE_CURVE('',#658,#657,#380,.T.);
#791=EDGE_CURVE('',#659,#658,#381,.T.);
#792=EDGE_CURVE('',#649,#659,#382,.T.);
#793=EDGE_CURVE('',#660,#647,#383,.T.);
#794=EDGE_CURVE('',#661,#660,#384,.T.);
#795=EDGE_CURVE('',#662,#661,#385,.T.);
#796=EDGE_CURVE('',#653,#662,#101,.T.);
#797=EDGE_CURVE('',#663,#663,#102,.T.);
#798=EDGE_CURVE('',#664,#664,#103,.T.);
#799=EDGE_CURVE('',#665,#665,#104,.T.);
#800=EDGE_CURVE('',#666,#666,#105,.T.);
#801=EDGE_CURVE('',#666,#663,#386,.T.);
#802=EDGE_CURVE('',#667,#668,#387,.T.);
#803=EDGE_CURVE('',#668,#669,#106,.T.);
#804=EDGE_CURVE('',#669,#670,#388,.T.);
#805=EDGE_CURVE('',#670,#671,#389,.T.);
#806=EDGE_CURVE('',#671,#672,#390,.T.);
#807=EDGE_CURVE('',#672,#652,#391,.T.);
#808=EDGE_CURVE('',#652,#673,#392,.T.);
#809=EDGE_CURVE('',#673,#674,#393,.T.);
#810=EDGE_CURVE('',#674,#675,#394,.T.);
#811=EDGE_CURVE('',#675,#676,#107,.T.);
#812=EDGE_CURVE('',#676,#677,#395,.T.);
#813=EDGE_CURVE('',#677,#678,#396,.T.);
#814=EDGE_CURVE('',#678,#642,#397,.T.);
#815=EDGE_CURVE('',#642,#667,#398,.T.);
#816=EDGE_CURVE('',#679,#679,#108,.T.);
#817=EDGE_CURVE('',#680,#680,#109,.T.);
#818=EDGE_CURVE('',#679,#664,#399,.T.);
#819=EDGE_CURVE('',#681,#677,#49,.T.);
#820=EDGE_CURVE('',#682,#681,#400,.T.);
#821=EDGE_CURVE('',#682,#678,#110,.T.);
#822=EDGE_CURVE('',#683,#681,#50,.T.);
#823=EDGE_CURVE('',#681,#684,#401,.T.);
#824=EDGE_CURVE('',#685,#684,#51,.T.);
#825=EDGE_CURVE('',#683,#685,#402,.T.);
#826=EDGE_CURVE('',#686,#683,#403,.T.);
#827=EDGE_CURVE('',#686,#687,#111,.T.);
#828=EDGE_CURVE('',#681,#687,#404,.T.);
#829=EDGE_CURVE('',#687,#688,#405,.T.);
#830=EDGE_CURVE('',#688,#689,#112,.T.);
#831=EDGE_CURVE('',#689,#682,#406,.T.);
#832=EDGE_CURVE('',#690,#690,#113,.T.);
#833=EDGE_CURVE('',#691,#691,#114,.T.);
#834=EDGE_CURVE('',#692,#692,#115,.T.);
#835=EDGE_CURVE('',#692,#693,#407,.T.);
#836=EDGE_CURVE('',#693,#693,#116,.T.);
#837=EDGE_CURVE('',#694,#688,#408,.T.);
#838=EDGE_CURVE('',#694,#695,#117,.T.);
#839=EDGE_CURVE('',#695,#689,#409,.T.);
#840=EDGE_CURVE('',#659,#673,#410,.T.);
#841=EDGE_CURVE('',#656,#676,#411,.T.);
#842=EDGE_CURVE('',#655,#677,#412,.T.);
#843=EDGE_CURVE('',#660,#671,#413,.T.);
#844=EDGE_CURVE('',#647,#672,#414,.T.);
#845=EDGE_CURVE('',#662,#669,#415,.T.);
#846=EDGE_CURVE('',#661,#670,#416,.T.);
#847=EDGE_CURVE('',#695,#696,#417,.T.);
#848=EDGE_CURVE('',#696,#682,#418,.T.);
#849=EDGE_CURVE('',#697,#686,#419,.T.);
#850=EDGE_CURVE('',#698,#697,#118,.T.);
#851=EDGE_CURVE('',#698,#687,#420,.T.);
#852=EDGE_CURVE('',#699,#650,#421,.T.);
#853=EDGE_CURVE('',#700,#699,#119,.T.);
#854=EDGE_CURVE('',#701,#700,#422,.T.);
#855=EDGE_CURVE('',#701,#702,#120,.T.);
#856=EDGE_CURVE('',#703,#702,#423,.T.);
#857=EDGE_CURVE('',#704,#703,#121,.T.);
#858=EDGE_CURVE('',#705,#704,#424,.T.);
#859=EDGE_CURVE('',#706,#705,#122,.T.);
#860=EDGE_CURVE('',#707,#706,#425,.T.);
#861=EDGE_CURVE('',#707,#708,#123,.T.);
#862=EDGE_CURVE('',#709,#708,#426,.T.);
#863=EDGE_CURVE('',#710,#709,#124,.T.);
#864=EDGE_CURVE('',#648,#710,#427,.T.);
#865=EDGE_CURVE('',#711,#711,#125,.T.);
#866=EDGE_CURVE('',#710,#712,#428,.T.);
#867=EDGE_CURVE('',#709,#713,#429,.T.);
#868=EDGE_CURVE('',#712,#713,#126,.T.);
#869=EDGE_CURVE('',#707,#714,#430,.T.);
#870=EDGE_CURVE('',#714,#715,#127,.T.);
#871=EDGE_CURVE('',#708,#715,#431,.T.);
#872=EDGE_CURVE('',#703,#716,#432,.T.);
#873=EDGE_CURVE('',#702,#717,#433,.T.);
#874=EDGE_CURVE('',#716,#717,#434,.T.);
#875=EDGE_CURVE('',#701,#718,#435,.T.);
#876=EDGE_CURVE('',#700,#719,#436,.T.);
#877=EDGE_CURVE('',#718,#719,#437,.T.);
#878=EDGE_CURVE('',#720,#720,#128,.T.);
#879=EDGE_CURVE('',#720,#711,#438,.T.);
#880=EDGE_CURVE('',#653,#668,#439,.T.);
#881=EDGE_CURVE('',#654,#696,#129,.T.);
#882=EDGE_CURVE('',#654,#678,#440,.T.);
#883=EDGE_CURVE('',#657,#675,#441,.T.);
#884=EDGE_CURVE('',#721,#639,#442,.T.);
#885=EDGE_CURVE('',#646,#721,#52,.T.);
#886=EDGE_CURVE('',#646,#640,#443,.T.);
#887=EDGE_CURVE('',#640,#667,#53,.T.);
#888=EDGE_CURVE('',#645,#667,#444,.T.);
#889=EDGE_CURVE('',#699,#722,#445,.T.);
#890=EDGE_CURVE('',#719,#722,#130,.T.);
#891=EDGE_CURVE('',#685,#723,#446,.T.);
#892=EDGE_CURVE('',#723,#724,#447,.T.);
#893=EDGE_CURVE('',#683,#724,#448,.T.);
#894=EDGE_CURVE('',#723,#725,#131,.T.);
#895=EDGE_CURVE('',#725,#726,#449,.T.);
#896=EDGE_CURVE('',#724,#726,#132,.T.);
#897=EDGE_CURVE('',#638,#646,#450,.T.);
#898=EDGE_CURVE('',#727,#638,#451,.T.);
#899=EDGE_CURVE('',#728,#727,#133,.T.);
#900=EDGE_CURVE('',#644,#728,#452,.T.);
#901=EDGE_CURVE('',#729,#729,#134,.T.);
#902=EDGE_CURVE('',#730,#730,#135,.T.);
#903=EDGE_CURVE('',#731,#731,#136,.T.);
#904=EDGE_CURVE('',#728,#732,#453,.T.);
#905=EDGE_CURVE('',#727,#733,#454,.T.);
#906=EDGE_CURVE('',#732,#733,#137,.T.);
#907=EDGE_CURVE('',#734,#734,#138,.T.);
#908=EDGE_CURVE('',#734,#731,#455,.T.);
#909=EDGE_CURVE('',#684,#655,#54,.T.);
#910=EDGE_CURVE('',#691,#735,#456,.T.);
#911=EDGE_CURVE('',#735,#735,#139,.T.);
#912=EDGE_CURVE('',#733,#637,#457,.T.);
#913=EDGE_CURVE('',#736,#672,#140,.T.);
#914=EDGE_CURVE('',#736,#648,#458,.T.);
#915=EDGE_CURVE('',#737,#737,#141,.T.);
#916=EDGE_CURVE('',#737,#729,#459,.T.);
#917=EDGE_CURVE('',#736,#712,#460,.T.);
#918=EDGE_CURVE('',#680,#665,#461,.T.);
#919=EDGE_CURVE('',#641,#732,#462,.T.);
#920=EDGE_CURVE('',#718,#717,#142,.T.);
#921=EDGE_CURVE('',#704,#738,#463,.T.);
#922=EDGE_CURVE('',#738,#716,#143,.T.);
#923=EDGE_CURVE('',#726,#739,#464,.T.);
#924=EDGE_CURVE('',#739,#740,#144,.T.);
#925=EDGE_CURVE('',#740,#686,#465,.T.);
#926=EDGE_CURVE('',#741,#741,#145,.T.);
#927=EDGE_CURVE('',#742,#742,#146,.T.);
#928=EDGE_CURVE('',#743,#739,#466,.T.);
#929=EDGE_CURVE('',#743,#744,#147,.T.);
#930=EDGE_CURVE('',#744,#740,#467,.T.);
#931=EDGE_CURVE('',#742,#745,#468,.T.);
#932=EDGE_CURVE('',#745,#745,#148,.T.);
#933=EDGE_CURVE('',#696,#684,#469,.T.);
#934=EDGE_CURVE('',#698,#694,#470,.T.);
#935=EDGE_CURVE('',#684,#698,#471,.T.);
#936=EDGE_CURVE('',#746,#746,#149,.T.);
#937=EDGE_CURVE('',#706,#747,#472,.T.);
#938=EDGE_CURVE('',#714,#747,#473,.T.);
#939=EDGE_CURVE('',#748,#749,#474,.T.);
#940=EDGE_CURVE('',#748,#721,#475,.T.);
#941=EDGE_CURVE('',#749,#639,#476,.T.);
#942=EDGE_CURVE('',#741,#750,#477,.T.);
#943=EDGE_CURVE('',#750,#750,#150,.T.);
#944=EDGE_CURVE('',#697,#685,#478,.T.);
#945=EDGE_CURVE('',#744,#697,#479,.T.);
#946=EDGE_CURVE('',#725,#743,#480,.T.);
#947=EDGE_CURVE('',#640,#641,#481,.T.);
#948=EDGE_CURVE('',#751,#751,#151,.T.);
#949=EDGE_CURVE('',#658,#674,#482,.T.);
#950=EDGE_CURVE('',#635,#752,#152,.T.);
#951=EDGE_CURVE('',#752,#753,#483,.T.);
#952=EDGE_CURVE('',#636,#753,#153,.T.);
#953=EDGE_CURVE('',#752,#754,#484,.T.);
#954=EDGE_CURVE('',#754,#755,#485,.T.);
#955=EDGE_CURVE('',#753,#755,#486,.T.);
#956=EDGE_CURVE('',#751,#730,#487,.T.);
#957=EDGE_CURVE('',#705,#756,#488,.T.);
#958=EDGE_CURVE('',#747,#756,#154,.T.);
#959=EDGE_CURVE('',#756,#738,#489,.T.);
#960=EDGE_CURVE('',#651,#736,#490,.T.);
#961=EDGE_CURVE('',#713,#715,#491,.T.);
#962=EDGE_CURVE('',#722,#651,#492,.T.);
#963=EDGE_CURVE('',#721,#633,#493,.T.);
#964=EDGE_CURVE('',#690,#746,#494,.T.);
#965=EDGE_CURVE('',#754,#748,#155,.T.);
#966=EDGE_CURVE('',#757,#757,#156,.T.);
#967=EDGE_CURVE('',#758,#758,#157,.T.);
#968=EDGE_CURVE('',#759,#759,#158,.T.);
#969=EDGE_CURVE('',#759,#757,#495,.T.);
#970=EDGE_CURVE('',#760,#760,#159,.T.);
#971=EDGE_CURVE('',#760,#758,#496,.T.);
#972=EDGE_CURVE('',#755,#749,#160,.T.);
#973=ORIENTED_EDGE('',*,*,#761,.F.);
#974=ORIENTED_EDGE('',*,*,#762,.T.);
#975=ORIENTED_EDGE('',*,*,#763,.T.);
#976=ORIENTED_EDGE('',*,*,#764,.F.);
#977=ORIENTED_EDGE('',*,*,#765,.T.);
#978=ORIENTED_EDGE('',*,*,#766,.F.);
#979=ORIENTED_EDGE('',*,*,#767,.T.);
#980=ORIENTED_EDGE('',*,*,#761,.T.);
#981=ORIENTED_EDGE('',*,*,#765,.F.);
#982=ORIENTED_EDGE('',*,*,#768,.F.);
#983=ORIENTED_EDGE('',*,*,#769,.T.);
#984=ORIENTED_EDGE('',*,*,#770,.F.);
#985=ORIENTED_EDGE('',*,*,#771,.T.);
#986=ORIENTED_EDGE('',*,*,#772,.F.);
#987=ORIENTED_EDGE('',*,*,#773,.T.);
#988=ORIENTED_EDGE('',*,*,#774,.F.);
#989=ORIENTED_EDGE('',*,*,#773,.F.);
#990=ORIENTED_EDGE('',*,*,#775,.T.);
#991=ORIENTED_EDGE('',*,*,#776,.T.);
#992=ORIENTED_EDGE('',*,*,#777,.T.);
#993=ORIENTED_EDGE('',*,*,#778,.F.);
#994=ORIENTED_EDGE('',*,*,#779,.T.);
#995=ORIENTED_EDGE('',*,*,#780,.T.);
#996=ORIENTED_EDGE('',*,*,#781,.T.);
#997=ORIENTED_EDGE('',*,*,#782,.F.);
#998=ORIENTED_EDGE('',*,*,#783,.F.);
#999=ORIENTED_EDGE('',*,*,#780,.F.);
#1000=ORIENTED_EDGE('',*,*,#784,.F.);
#1001=ORIENTED_EDGE('',*,*,#785,.F.);
#1002=ORIENTED_EDGE('',*,*,#775,.F.);
#1003=ORIENTED_EDGE('',*,*,#786,.F.);
#1004=ORIENTED_EDGE('',*,*,#787,.F.);
#1005=ORIENTED_EDGE('',*,*,#788,.F.);
#1006=ORIENTED_EDGE('',*,*,#789,.F.);
#1007=ORIENTED_EDGE('',*,*,#790,.F.);
#1008=ORIENTED_EDGE('',*,*,#791,.F.);
#1009=ORIENTED_EDGE('',*,*,#792,.F.);
#1010=ORIENTED_EDGE('',*,*,#779,.F.);
#1011=ORIENTED_EDGE('',*,*,#793,.F.);
#1012=ORIENTED_EDGE('',*,*,#794,.F.);
#1013=ORIENTED_EDGE('',*,*,#795,.F.);
#1014=ORIENTED_EDGE('',*,*,#796,.F.);
#1015=ORIENTED_EDGE('',*,*,#797,.T.);
#1016=ORIENTED_EDGE('',*,*,#798,.T.);
#1017=ORIENTED_EDGE('',*,*,#799,.T.);
#1018=ORIENTED_EDGE('',*,*,#800,.T.);
#1019=ORIENTED_EDGE('',*,*,#801,.T.);
#1020=ORIENTED_EDGE('',*,*,#797,.F.);
#1021=ORIENTED_EDGE('',*,*,#801,.F.);
#1022=ORIENTED_EDGE('',*,*,#802,.T.);
#1023=ORIENTED_EDGE('',*,*,#803,.T.);
#1024=ORIENTED_EDGE('',*,*,#804,.T.);
#1025=ORIENTED_EDGE('',*,*,#805,.T.);
#1026=ORIENTED_EDGE('',*,*,#806,.T.);
#1027=ORIENTED_EDGE('',*,*,#807,.T.);
#1028=ORIENTED_EDGE('',*,*,#808,.T.);
#1029=ORIENTED_EDGE('',*,*,#809,.T.);
#1030=ORIENTED_EDGE('',*,*,#810,.T.);
#1031=ORIENTED_EDGE('',*,*,#811,.T.);
#1032=ORIENTED_EDGE('',*,*,#812,.T.);
#1033=ORIENTED_EDGE('',*,*,#813,.T.);
#1034=ORIENTED_EDGE('',*,*,#814,.T.);
#1035=ORIENTED_EDGE('',*,*,#815,.T.);
#1036=ORIENTED_EDGE('',*,*,#800,.F.);
#1037=ORIENTED_EDGE('',*,*,#816,.F.);
#1038=ORIENTED_EDGE('',*,*,#817,.F.);
#1039=ORIENTED_EDGE('',*,*,#816,.T.);
#1040=ORIENTED_EDGE('',*,*,#818,.T.);
#1041=ORIENTED_EDGE('',*,*,#798,.F.);
#1042=ORIENTED_EDGE('',*,*,#818,.F.);
#1043=ORIENTED_EDGE('',*,*,#819,.F.);
#1044=ORIENTED_EDGE('',*,*,#820,.F.);
#1045=ORIENTED_EDGE('',*,*,#821,.T.);
#1046=ORIENTED_EDGE('',*,*,#813,.F.);
#1047=ORIENTED_EDGE('',*,*,#822,.T.);
#1048=ORIENTED_EDGE('',*,*,#823,.T.);
#1049=ORIENTED_EDGE('',*,*,#824,.F.);
#1050=ORIENTED_EDGE('',*,*,#825,.F.);
#1051=ORIENTED_EDGE('',*,*,#822,.F.);
#1052=ORIENTED_EDGE('',*,*,#826,.F.);
#1053=ORIENTED_EDGE('',*,*,#827,.T.);
#1054=ORIENTED_EDGE('',*,*,#828,.F.);
#1055=ORIENTED_EDGE('',*,*,#820,.T.);
#1056=ORIENTED_EDGE('',*,*,#828,.T.);
#1057=ORIENTED_EDGE('',*,*,#829,.T.);
#1058=ORIENTED_EDGE('',*,*,#830,.T.);
#1059=ORIENTED_EDGE('',*,*,#831,.T.);
#1060=ORIENTED_EDGE('',*,*,#832,.F.);
#1061=ORIENTED_EDGE('',*,*,#833,.F.);
#1062=ORIENTED_EDGE('',*,*,#834,.F.);
#1063=ORIENTED_EDGE('',*,*,#834,.T.);
#1064=ORIENTED_EDGE('',*,*,#835,.T.);
#1065=ORIENTED_EDGE('',*,*,#836,.F.);
#1066=ORIENTED_EDGE('',*,*,#835,.F.);
#1067=ORIENTED_EDGE('',*,*,#837,.F.);
#1068=ORIENTED_EDGE('',*,*,#838,.T.);
#1069=ORIENTED_EDGE('',*,*,#839,.T.);
#1070=ORIENTED_EDGE('',*,*,#830,.F.);
#1071=ORIENTED_EDGE('',*,*,#784,.T.);
#1072=ORIENTED_EDGE('',*,*,#792,.T.);
#1073=ORIENTED_EDGE('',*,*,#840,.T.);
#1074=ORIENTED_EDGE('',*,*,#808,.F.);
#1075=ORIENTED_EDGE('',*,*,#841,.F.);
#1076=ORIENTED_EDGE('',*,*,#788,.T.);
#1077=ORIENTED_EDGE('',*,*,#842,.T.);
#1078=ORIENTED_EDGE('',*,*,#812,.F.);
#1079=ORIENTED_EDGE('',*,*,#843,.F.);
#1080=ORIENTED_EDGE('',*,*,#793,.T.);
#1081=ORIENTED_EDGE('',*,*,#844,.T.);
#1082=ORIENTED_EDGE('',*,*,#806,.F.);
#1083=ORIENTED_EDGE('',*,*,#845,.F.);
#1084=ORIENTED_EDGE('',*,*,#795,.T.);
#1085=ORIENTED_EDGE('',*,*,#846,.T.);
#1086=ORIENTED_EDGE('',*,*,#804,.F.);
#1087=ORIENTED_EDGE('',*,*,#839,.F.);
#1088=ORIENTED_EDGE('',*,*,#847,.T.);
#1089=ORIENTED_EDGE('',*,*,#848,.T.);
#1090=ORIENTED_EDGE('',*,*,#831,.F.);
#1091=ORIENTED_EDGE('',*,*,#827,.F.);
#1092=ORIENTED_EDGE('',*,*,#849,.F.);
#1093=ORIENTED_EDGE('',*,*,#850,.F.);
#1094=ORIENTED_EDGE('',*,*,#851,.T.);
#1095=ORIENTED_EDGE('',*,*,#781,.F.);
#1096=ORIENTED_EDGE('',*,*,#852,.F.);
#1097=ORIENTED_EDGE('',*,*,#853,.F.);
#1098=ORIENTED_EDGE('',*,*,#854,.F.);
#1099=ORIENTED_EDGE('',*,*,#855,.T.);
#1100=ORIENTED_EDGE('',*,*,#856,.F.);
#1101=ORIENTED_EDGE('',*,*,#857,.F.);
#1102=ORIENTED_EDGE('',*,*,#858,.F.);
#1103=ORIENTED_EDGE('',*,*,#859,.F.);
#1104=ORIENTED_EDGE('',*,*,#860,.F.);
#1105=ORIENTED_EDGE('',*,*,#861,.T.);
#1106=ORIENTED_EDGE('',*,*,#862,.F.);
#1107=ORIENTED_EDGE('',*,*,#863,.F.);
#1108=ORIENTED_EDGE('',*,*,#864,.F.);
#1109=ORIENTED_EDGE('',*,*,#865,.T.);
#1110=ORIENTED_EDGE('',*,*,#866,.F.);
#1111=ORIENTED_EDGE('',*,*,#863,.T.);
#1112=ORIENTED_EDGE('',*,*,#867,.T.);
#1113=ORIENTED_EDGE('',*,*,#868,.F.);
#1114=ORIENTED_EDGE('',*,*,#869,.T.);
#1115=ORIENTED_EDGE('',*,*,#870,.T.);
#1116=ORIENTED_EDGE('',*,*,#871,.F.);
#1117=ORIENTED_EDGE('',*,*,#861,.F.);
#1118=ORIENTED_EDGE('',*,*,#872,.F.);
#1119=ORIENTED_EDGE('',*,*,#856,.T.);
#1120=ORIENTED_EDGE('',*,*,#873,.T.);
#1121=ORIENTED_EDGE('',*,*,#874,.F.);
#1122=ORIENTED_EDGE('',*,*,#875,.F.);
#1123=ORIENTED_EDGE('',*,*,#854,.T.);
#1124=ORIENTED_EDGE('',*,*,#876,.T.);
#1125=ORIENTED_EDGE('',*,*,#877,.F.);
#1126=ORIENTED_EDGE('',*,*,#878,.T.);
#1127=ORIENTED_EDGE('',*,*,#879,.T.);
#1128=ORIENTED_EDGE('',*,*,#865,.F.);
#1129=ORIENTED_EDGE('',*,*,#879,.F.);
#1130=ORIENTED_EDGE('',*,*,#880,.F.);
#1131=ORIENTED_EDGE('',*,*,#796,.T.);
#1132=ORIENTED_EDGE('',*,*,#845,.T.);
#1133=ORIENTED_EDGE('',*,*,#803,.F.);
#1134=ORIENTED_EDGE('',*,*,#821,.F.);
#1135=ORIENTED_EDGE('',*,*,#848,.F.);
#1136=ORIENTED_EDGE('',*,*,#881,.F.);
#1137=ORIENTED_EDGE('',*,*,#882,.T.);
#1138=ORIENTED_EDGE('',*,*,#883,.F.);
#1139=ORIENTED_EDGE('',*,*,#789,.T.);
#1140=ORIENTED_EDGE('',*,*,#841,.T.);
#1141=ORIENTED_EDGE('',*,*,#811,.F.);
#1142=ORIENTED_EDGE('',*,*,#769,.F.);
#1143=ORIENTED_EDGE('',*,*,#884,.F.);
#1144=ORIENTED_EDGE('',*,*,#885,.F.);
#1145=ORIENTED_EDGE('',*,*,#886,.T.);
#1146=ORIENTED_EDGE('',*,*,#887,.F.);
#1147=ORIENTED_EDGE('',*,*,#886,.F.);
#1148=ORIENTED_EDGE('',*,*,#776,.F.);
#1149=ORIENTED_EDGE('',*,*,#888,.T.);
#1150=ORIENTED_EDGE('',*,*,#876,.F.);
#1151=ORIENTED_EDGE('',*,*,#853,.T.);
#1152=ORIENTED_EDGE('',*,*,#889,.T.);
#1153=ORIENTED_EDGE('',*,*,#890,.F.);
#1154=ORIENTED_EDGE('',*,*,#825,.T.);
#1155=ORIENTED_EDGE('',*,*,#891,.T.);
#1156=ORIENTED_EDGE('',*,*,#892,.T.);
#1157=ORIENTED_EDGE('',*,*,#893,.F.);
#1158=ORIENTED_EDGE('',*,*,#892,.F.);
#1159=ORIENTED_EDGE('',*,*,#894,.T.);
#1160=ORIENTED_EDGE('',*,*,#895,.T.);
#1161=ORIENTED_EDGE('',*,*,#896,.F.);
#1162=ORIENTED_EDGE('',*,*,#777,.F.);
#1163=ORIENTED_EDGE('',*,*,#897,.F.);
#1164=ORIENTED_EDGE('',*,*,#898,.F.);
#1165=ORIENTED_EDGE('',*,*,#899,.F.);
#1166=ORIENTED_EDGE('',*,*,#900,.F.);
#1167=ORIENTED_EDGE('',*,*,#901,.T.);
#1168=ORIENTED_EDGE('',*,*,#902,.T.);
#1169=ORIENTED_EDGE('',*,*,#903,.T.);
#1170=ORIENTED_EDGE('',*,*,#904,.F.);
#1171=ORIENTED_EDGE('',*,*,#899,.T.);
#1172=ORIENTED_EDGE('',*,*,#905,.T.);
#1173=ORIENTED_EDGE('',*,*,#906,.F.);
#1174=ORIENTED_EDGE('',*,*,#907,.T.);
#1175=ORIENTED_EDGE('',*,*,#908,.T.);
#1176=ORIENTED_EDGE('',*,*,#903,.F.);
#1177=ORIENTED_EDGE('',*,*,#908,.F.);
#1178=ORIENTED_EDGE('',*,*,#819,.T.);
#1179=ORIENTED_EDGE('',*,*,#842,.F.);
#1180=ORIENTED_EDGE('',*,*,#909,.F.);
#1181=ORIENTED_EDGE('',*,*,#823,.F.);
#1182=ORIENTED_EDGE('',*,*,#833,.T.);
#1183=ORIENTED_EDGE('',*,*,#910,.T.);
#1184=ORIENTED_EDGE('',*,*,#911,.F.);
#1185=ORIENTED_EDGE('',*,*,#910,.F.);
#1186=ORIENTED_EDGE('',*,*,#882,.F.);
#1187=ORIENTED_EDGE('',*,*,#786,.T.);
#1188=ORIENTED_EDGE('',*,*,#772,.T.);
#1189=ORIENTED_EDGE('',*,*,#814,.F.);
#1190=ORIENTED_EDGE('',*,*,#905,.F.);
#1191=ORIENTED_EDGE('',*,*,#898,.T.);
#1192=ORIENTED_EDGE('',*,*,#766,.T.);
#1193=ORIENTED_EDGE('',*,*,#912,.F.);
#1194=ORIENTED_EDGE('',*,*,#913,.T.);
#1195=ORIENTED_EDGE('',*,*,#844,.F.);
#1196=ORIENTED_EDGE('',*,*,#778,.T.);
#1197=ORIENTED_EDGE('',*,*,#914,.F.);
#1198=ORIENTED_EDGE('',*,*,#915,.T.);
#1199=ORIENTED_EDGE('',*,*,#916,.T.);
#1200=ORIENTED_EDGE('',*,*,#901,.F.);
#1201=ORIENTED_EDGE('',*,*,#916,.F.);
#1202=ORIENTED_EDGE('',*,*,#914,.T.);
#1203=ORIENTED_EDGE('',*,*,#864,.T.);
#1204=ORIENTED_EDGE('',*,*,#866,.T.);
#1205=ORIENTED_EDGE('',*,*,#917,.F.);
#1206=ORIENTED_EDGE('',*,*,#817,.T.);
#1207=ORIENTED_EDGE('',*,*,#918,.T.);
#1208=ORIENTED_EDGE('',*,*,#799,.F.);
#1209=ORIENTED_EDGE('',*,*,#918,.F.);
#1210=ORIENTED_EDGE('',*,*,#774,.T.);
#1211=ORIENTED_EDGE('',*,*,#900,.T.);
#1212=ORIENTED_EDGE('',*,*,#904,.T.);
#1213=ORIENTED_EDGE('',*,*,#919,.F.);
#1214=ORIENTED_EDGE('',*,*,#875,.T.);
#1215=ORIENTED_EDGE('',*,*,#920,.T.);
#1216=ORIENTED_EDGE('',*,*,#873,.F.);
#1217=ORIENTED_EDGE('',*,*,#855,.F.);
#1218=ORIENTED_EDGE('',*,*,#921,.F.);
#1219=ORIENTED_EDGE('',*,*,#857,.T.);
#1220=ORIENTED_EDGE('',*,*,#872,.T.);
#1221=ORIENTED_EDGE('',*,*,#922,.F.);
#1222=ORIENTED_EDGE('',*,*,#826,.T.);
#1223=ORIENTED_EDGE('',*,*,#893,.T.);
#1224=ORIENTED_EDGE('',*,*,#896,.T.);
#1225=ORIENTED_EDGE('',*,*,#923,.T.);
#1226=ORIENTED_EDGE('',*,*,#924,.T.);
#1227=ORIENTED_EDGE('',*,*,#925,.T.);
#1228=ORIENTED_EDGE('',*,*,#926,.F.);
#1229=ORIENTED_EDGE('',*,*,#927,.F.);
#1230=ORIENTED_EDGE('',*,*,#928,.F.);
#1231=ORIENTED_EDGE('',*,*,#929,.T.);
#1232=ORIENTED_EDGE('',*,*,#930,.T.);
#1233=ORIENTED_EDGE('',*,*,#924,.F.);
#1234=ORIENTED_EDGE('',*,*,#927,.T.);
#1235=ORIENTED_EDGE('',*,*,#931,.T.);
#1236=ORIENTED_EDGE('',*,*,#932,.F.);
#1237=ORIENTED_EDGE('',*,*,#931,.F.);
#1238=ORIENTED_EDGE('',*,*,#933,.F.);
#1239=ORIENTED_EDGE('',*,*,#847,.F.);
#1240=ORIENTED_EDGE('',*,*,#838,.F.);
#1241=ORIENTED_EDGE('',*,*,#934,.F.);
#1242=ORIENTED_EDGE('',*,*,#935,.F.);
#1243=ORIENTED_EDGE('',*,*,#936,.T.);
#1244=ORIENTED_EDGE('',*,*,#911,.T.);
#1245=ORIENTED_EDGE('',*,*,#836,.T.);
#1246=ORIENTED_EDGE('',*,*,#869,.F.);
#1247=ORIENTED_EDGE('',*,*,#860,.T.);
#1248=ORIENTED_EDGE('',*,*,#937,.T.);
#1249=ORIENTED_EDGE('',*,*,#938,.F.);
#1250=ORIENTED_EDGE('',*,*,#939,.F.);
#1251=ORIENTED_EDGE('',*,*,#940,.T.);
#1252=ORIENTED_EDGE('',*,*,#884,.T.);
#1253=ORIENTED_EDGE('',*,*,#941,.F.);
#1254=ORIENTED_EDGE('',*,*,#926,.T.);
#1255=ORIENTED_EDGE('',*,*,#942,.T.);
#1256=ORIENTED_EDGE('',*,*,#943,.F.);
#1257=ORIENTED_EDGE('',*,*,#942,.F.);
#1258=ORIENTED_EDGE('',*,*,#944,.F.);
#1259=ORIENTED_EDGE('',*,*,#945,.F.);
#1260=ORIENTED_EDGE('',*,*,#929,.F.);
#1261=ORIENTED_EDGE('',*,*,#946,.F.);
#1262=ORIENTED_EDGE('',*,*,#894,.F.);
#1263=ORIENTED_EDGE('',*,*,#891,.F.);
#1264=ORIENTED_EDGE('',*,*,#943,.T.);
#1265=ORIENTED_EDGE('',*,*,#932,.T.);
#1266=ORIENTED_EDGE('',*,*,#947,.T.);
#1267=ORIENTED_EDGE('',*,*,#919,.T.);
#1268=ORIENTED_EDGE('',*,*,#906,.T.);
#1269=ORIENTED_EDGE('',*,*,#912,.T.);
#1270=ORIENTED_EDGE('',*,*,#770,.T.);
#1271=ORIENTED_EDGE('',*,*,#915,.F.);
#1272=ORIENTED_EDGE('',*,*,#948,.F.);
#1273=ORIENTED_EDGE('',*,*,#907,.F.);
#1274=ORIENTED_EDGE('',*,*,#949,.F.);
#1275=ORIENTED_EDGE('',*,*,#790,.T.);
#1276=ORIENTED_EDGE('',*,*,#883,.T.);
#1277=ORIENTED_EDGE('',*,*,#810,.F.);
#1278=ORIENTED_EDGE('',*,*,#763,.F.);
#1279=ORIENTED_EDGE('',*,*,#950,.T.);
#1280=ORIENTED_EDGE('',*,*,#951,.T.);
#1281=ORIENTED_EDGE('',*,*,#952,.F.);
#1282=ORIENTED_EDGE('',*,*,#951,.F.);
#1283=ORIENTED_EDGE('',*,*,#953,.T.);
#1284=ORIENTED_EDGE('',*,*,#954,.T.);
#1285=ORIENTED_EDGE('',*,*,#955,.F.);
#1286=ORIENTED_EDGE('',*,*,#895,.F.);
#1287=ORIENTED_EDGE('',*,*,#946,.T.);
#1288=ORIENTED_EDGE('',*,*,#928,.T.);
#1289=ORIENTED_EDGE('',*,*,#923,.F.);
#1290=ORIENTED_EDGE('',*,*,#948,.T.);
#1291=ORIENTED_EDGE('',*,*,#956,.T.);
#1292=ORIENTED_EDGE('',*,*,#902,.F.);
#1293=ORIENTED_EDGE('',*,*,#956,.F.);
#1294=ORIENTED_EDGE('',*,*,#937,.F.);
#1295=ORIENTED_EDGE('',*,*,#859,.T.);
#1296=ORIENTED_EDGE('',*,*,#957,.T.);
#1297=ORIENTED_EDGE('',*,*,#958,.F.);
#1298=ORIENTED_EDGE('',*,*,#957,.F.);
#1299=ORIENTED_EDGE('',*,*,#858,.T.);
#1300=ORIENTED_EDGE('',*,*,#921,.T.);
#1301=ORIENTED_EDGE('',*,*,#959,.F.);
#1302=ORIENTED_EDGE('',*,*,#960,.T.);
#1303=ORIENTED_EDGE('',*,*,#917,.T.);
#1304=ORIENTED_EDGE('',*,*,#868,.T.);
#1305=ORIENTED_EDGE('',*,*,#961,.T.);
#1306=ORIENTED_EDGE('',*,*,#870,.F.);
#1307=ORIENTED_EDGE('',*,*,#938,.T.);
#1308=ORIENTED_EDGE('',*,*,#958,.T.);
#1309=ORIENTED_EDGE('',*,*,#959,.T.);
#1310=ORIENTED_EDGE('',*,*,#922,.T.);
#1311=ORIENTED_EDGE('',*,*,#874,.T.);
#1312=ORIENTED_EDGE('',*,*,#920,.F.);
#1313=ORIENTED_EDGE('',*,*,#877,.T.);
#1314=ORIENTED_EDGE('',*,*,#890,.T.);
#1315=ORIENTED_EDGE('',*,*,#962,.T.);
#1316=ORIENTED_EDGE('',*,*,#878,.F.);
#1317=ORIENTED_EDGE('',*,*,#851,.F.);
#1318=ORIENTED_EDGE('',*,*,#934,.T.);
#1319=ORIENTED_EDGE('',*,*,#837,.T.);
#1320=ORIENTED_EDGE('',*,*,#829,.F.);
#1321=ORIENTED_EDGE('',*,*,#846,.F.);
#1322=ORIENTED_EDGE('',*,*,#794,.T.);
#1323=ORIENTED_EDGE('',*,*,#843,.T.);
#1324=ORIENTED_EDGE('',*,*,#805,.F.);
#1325=ORIENTED_EDGE('',*,*,#767,.F.);
#1326=ORIENTED_EDGE('',*,*,#897,.T.);
#1327=ORIENTED_EDGE('',*,*,#885,.T.);
#1328=ORIENTED_EDGE('',*,*,#963,.T.);
#1329=ORIENTED_EDGE('',*,*,#930,.F.);
#1330=ORIENTED_EDGE('',*,*,#945,.T.);
#1331=ORIENTED_EDGE('',*,*,#849,.T.);
#1332=ORIENTED_EDGE('',*,*,#925,.F.);
#1333=ORIENTED_EDGE('',*,*,#832,.T.);
#1334=ORIENTED_EDGE('',*,*,#964,.T.);
#1335=ORIENTED_EDGE('',*,*,#936,.F.);
#1336=ORIENTED_EDGE('',*,*,#964,.F.);
#1337=ORIENTED_EDGE('',*,*,#771,.F.);
#1338=ORIENTED_EDGE('',*,*,#947,.F.);
#1339=ORIENTED_EDGE('',*,*,#887,.T.);
#1340=ORIENTED_EDGE('',*,*,#815,.F.);
#1341=ORIENTED_EDGE('',*,*,#913,.F.);
#1342=ORIENTED_EDGE('',*,*,#960,.F.);
#1343=ORIENTED_EDGE('',*,*,#782,.T.);
#1344=ORIENTED_EDGE('',*,*,#807,.F.);
#1345=ORIENTED_EDGE('',*,*,#909,.T.);
#1346=ORIENTED_EDGE('',*,*,#787,.T.);
#1347=ORIENTED_EDGE('',*,*,#881,.T.);
#1348=ORIENTED_EDGE('',*,*,#933,.T.);
#1349=ORIENTED_EDGE('',*,*,#963,.F.);
#1350=ORIENTED_EDGE('',*,*,#940,.F.);
#1351=ORIENTED_EDGE('',*,*,#965,.F.);
#1352=ORIENTED_EDGE('',*,*,#953,.F.);
#1353=ORIENTED_EDGE('',*,*,#950,.F.);
#1354=ORIENTED_EDGE('',*,*,#762,.F.);
#1355=ORIENTED_EDGE('',*,*,#966,.T.);
#1356=ORIENTED_EDGE('',*,*,#967,.T.);
#1357=ORIENTED_EDGE('',*,*,#968,.T.);
#1358=ORIENTED_EDGE('',*,*,#969,.T.);
#1359=ORIENTED_EDGE('',*,*,#966,.F.);
#1360=ORIENTED_EDGE('',*,*,#969,.F.);
#1361=ORIENTED_EDGE('',*,*,#970,.T.);
#1362=ORIENTED_EDGE('',*,*,#971,.T.);
#1363=ORIENTED_EDGE('',*,*,#967,.F.);
#1364=ORIENTED_EDGE('',*,*,#971,.F.);
#1365=ORIENTED_EDGE('',*,*,#954,.F.);
#1366=ORIENTED_EDGE('',*,*,#965,.T.);
#1367=ORIENTED_EDGE('',*,*,#939,.T.);
#1368=ORIENTED_EDGE('',*,*,#972,.F.);
#1369=ORIENTED_EDGE('',*,*,#889,.F.);
#1370=ORIENTED_EDGE('',*,*,#852,.T.);
#1371=ORIENTED_EDGE('',*,*,#783,.T.);
#1372=ORIENTED_EDGE('',*,*,#962,.F.);
#1373=ORIENTED_EDGE('',*,*,#867,.F.);
#1374=ORIENTED_EDGE('',*,*,#862,.T.);
#1375=ORIENTED_EDGE('',*,*,#871,.T.);
#1376=ORIENTED_EDGE('',*,*,#961,.F.);
#1377=ORIENTED_EDGE('',*,*,#768,.T.);
#1378=ORIENTED_EDGE('',*,*,#764,.T.);
#1379=ORIENTED_EDGE('',*,*,#952,.T.);
#1380=ORIENTED_EDGE('',*,*,#955,.T.);
#1381=ORIENTED_EDGE('',*,*,#972,.T.);
#1382=ORIENTED_EDGE('',*,*,#941,.T.);
#1383=ORIENTED_EDGE('',*,*,#968,.F.);
#1384=ORIENTED_EDGE('',*,*,#970,.F.);
#1385=ORIENTED_EDGE('',*,*,#888,.F.);
#1386=ORIENTED_EDGE('',*,*,#785,.T.);
#1387=ORIENTED_EDGE('',*,*,#880,.T.);
#1388=ORIENTED_EDGE('',*,*,#802,.F.);
#1389=ORIENTED_EDGE('',*,*,#840,.F.);
#1390=ORIENTED_EDGE('',*,*,#791,.T.);
#1391=ORIENTED_EDGE('',*,*,#949,.T.);
#1392=ORIENTED_EDGE('',*,*,#809,.F.);
#1393=ORIENTED_EDGE('',*,*,#824,.T.);
#1394=ORIENTED_EDGE('',*,*,#935,.T.);
#1395=ORIENTED_EDGE('',*,*,#850,.T.);
#1396=ORIENTED_EDGE('',*,*,#944,.T.);
#1397=PLANE('',#1550);
#1398=PLANE('',#1551);
#1399=PLANE('',#1555);
#1400=PLANE('',#1562);
#1401=PLANE('',#1564);
#1402=PLANE('',#1572);
#1403=PLANE('',#1582);
#1404=PLANE('',#1591);
#1405=PLANE('',#1592);
#1406=PLANE('',#1593);
#1407=PLANE('',#1594);
#1408=PLANE('',#1595);
#1409=PLANE('',#1596);
#1410=PLANE('',#1598);
#1411=PLANE('',#1610);
#1412=PLANE('',#1611);
#1413=PLANE('',#1615);
#1414=PLANE('',#1620);
#1415=PLANE('',#1624);
#1416=PLANE('',#1635);
#1417=PLANE('',#1636);
#1418=PLANE('',#1637);
#1419=PLANE('',#1641);
#1420=PLANE('',#1643);
#1421=PLANE('',#1648);
#1422=PLANE('',#1656);
#1423=PLANE('',#1658);
#1424=PLANE('',#1659);
#1425=PLANE('',#1662);
#1426=PLANE('',#1663);
#1427=PLANE('',#1665);
#1428=PLANE('',#1669);
#1429=PLANE('',#1670);
#1430=PLANE('',#1674);
#1431=PLANE('',#1675);
#1432=PLANE('',#1676);
#1433=PLANE('',#1677);
#1434=PLANE('',#1679);
#1435=PLANE('',#1684);
#1436=PLANE('',#1694);
#1437=PLANE('',#1695);
#1438=PLANE('',#1696);
#1439=PLANE('',#1697);
#1440=PLANE('',#1698);
#1441=ADVANCED_FACE('',(#161),#1397,.F.);
#1442=ADVANCED_FACE('',(#162),#1398,.T.);
#1443=ADVANCED_FACE('',(#163),#55,.F.);
#1444=ADVANCED_FACE('',(#164),#1399,.T.);
#1445=ADVANCED_FACE('',(#165),#56,.T.);
#1446=ADVANCED_FACE('',(#166),#57,.T.);
#1447=ADVANCED_FACE('',(#167),#1400,.F.);
#1448=ADVANCED_FACE('',(#168,#19,#20,#21),#1401,.F.);
#1449=ADVANCED_FACE('',(#169),#58,.F.);
#1450=ADVANCED_FACE('',(#170,#22,#23,#24),#1402,.T.);
#1451=ADVANCED_FACE('',(#171),#59,.F.);
#1452=ADVANCED_FACE('',(#172),#60,.F.);
#1453=ADVANCED_FACE('',(#173),#15,.T.);
#1454=ADVANCED_FACE('',(#174),#61,.F.);
#1455=ADVANCED_FACE('',(#175,#25,#26,#27),#1403,.T.);
#1456=ADVANCED_FACE('',(#176),#62,.F.);
#1457=ADVANCED_FACE('',(#177),#63,.T.);
#1458=ADVANCED_FACE('',(#178),#1404,.F.);
#1459=ADVANCED_FACE('',(#179),#1405,.F.);
#1460=ADVANCED_FACE('',(#180),#1406,.F.);
#1461=ADVANCED_FACE('',(#181),#1407,.F.);
#1462=ADVANCED_FACE('',(#182),#1408,.F.);
#1463=ADVANCED_FACE('',(#183),#1409,.F.);
#1464=ADVANCED_FACE('',(#184,#28),#1410,.F.);
#1465=ADVANCED_FACE('',(#185),#64,.T.);
#1466=ADVANCED_FACE('',(#186),#65,.F.);
#1467=ADVANCED_FACE('',(#187),#1411,.F.);
#1468=ADVANCED_FACE('',(#188),#1412,.F.);
#1469=ADVANCED_FACE('',(#189),#66,.F.);
#1470=ADVANCED_FACE('',(#190),#67,.T.);
#1471=ADVANCED_FACE('',(#191),#1413,.F.);
#1472=ADVANCED_FACE('',(#192),#68,.T.);
#1473=ADVANCED_FACE('',(#193),#16,.F.);
#1474=ADVANCED_FACE('',(#194),#17,.F.);
#1475=ADVANCED_FACE('',(#195),#69,.T.);
#1476=ADVANCED_FACE('',(#196),#1414,.F.);
#1477=ADVANCED_FACE('',(#197),#70,.T.);
#1478=ADVANCED_FACE('',(#198,#29,#30,#31),#1415,.F.);
#1479=ADVANCED_FACE('',(#199),#71,.T.);
#1480=ADVANCED_FACE('',(#200),#72,.F.);
#1481=ADVANCED_FACE('',(#201),#18,.T.);
#1482=ADVANCED_FACE('',(#202),#73,.F.);
#1483=ADVANCED_FACE('',(#203),#1416,.F.);
#1484=ADVANCED_FACE('',(#204),#1417,.F.);
#1485=ADVANCED_FACE('',(#205),#1418,.T.);
#1486=ADVANCED_FACE('',(#206),#74,.F.);
#1487=ADVANCED_FACE('',(#207),#1419,.F.);
#1488=ADVANCED_FACE('',(#208),#75,.F.);
#1489=ADVANCED_FACE('',(#209),#1420,.F.);
#1490=ADVANCED_FACE('',(#210),#76,.F.);
#1491=ADVANCED_FACE('',(#211),#77,.T.);
#1492=ADVANCED_FACE('',(#212,#32,#33),#1421,.T.);
#1493=ADVANCED_FACE('',(#213),#78,.T.);
#1494=ADVANCED_FACE('',(#214),#79,.F.);
#1495=ADVANCED_FACE('',(#215,#34,#35,#36),#1422,.F.);
#1496=ADVANCED_FACE('',(#216),#1423,.F.);
#1497=ADVANCED_FACE('',(#217),#1424,.F.);
#1498=ADVANCED_FACE('',(#218),#80,.F.);
#1499=ADVANCED_FACE('',(#219,#37,#38),#1425,.F.);
#1500=ADVANCED_FACE('',(#220,#39,#40,#41),#1426,.T.);
#1501=ADVANCED_FACE('',(#221),#1427,.F.);
#1502=ADVANCED_FACE('',(#222),#81,.T.);
#1503=ADVANCED_FACE('',(#223),#1428,.F.);
#1504=ADVANCED_FACE('',(#224),#1429,.F.);
#1505=ADVANCED_FACE('',(#225),#82,.F.);
#1506=ADVANCED_FACE('',(#226),#83,.T.);
#1507=ADVANCED_FACE('',(#227),#1430,.F.);
#1508=ADVANCED_FACE('',(#228,#42),#1431,.T.);
#1509=ADVANCED_FACE('',(#229),#1432,.F.);
#1510=ADVANCED_FACE('',(#230),#1433,.F.);
#1511=ADVANCED_FACE('',(#231),#84,.T.);
#1512=ADVANCED_FACE('',(#232),#1434,.F.);
#1513=ADVANCED_FACE('',(#233),#85,.F.);
#1514=ADVANCED_FACE('',(#234),#86,.F.);
#1515=ADVANCED_FACE('',(#235),#87,.F.);
#1516=ADVANCED_FACE('',(#236),#88,.T.);
#1517=ADVANCED_FACE('',(#237,#43,#44),#1435,.F.);
#1518=ADVANCED_FACE('',(#238),#89,.F.);
#1519=ADVANCED_FACE('',(#239),#90,.F.);
#1520=ADVANCED_FACE('',(#240),#91,.T.);
#1521=ADVANCED_FACE('',(#241),#1436,.F.);
#1522=ADVANCED_FACE('',(#242),#1437,.F.);
#1523=ADVANCED_FACE('',(#243,#45,#46),#1438,.T.);
#1524=ADVANCED_FACE('',(#244),#1439,.F.);
#1525=ADVANCED_FACE('',(#245),#1440,.F.);
#1526=ADVANCED_FACE('',(#246),#92,.T.);
#1527=CLOSED_SHELL('',(#1441,#1442,#1443,#1444,#1445,#1446,#1447,#1448,
#1449,#1450,#1451,#1452,#1453,#1454,#1455,#1456,#1457,#1458,#1459,#1460,
#1461,#1462,#1463,#1464,#1465,#1466,#1467,#1468,#1469,#1470,#1471,#1472,
#1473,#1474,#1475,#1476,#1477,#1478,#1479,#1480,#1481,#1482,#1483,#1484,
#1485,#1486,#1487,#1488,#1489,#1490,#1491,#1492,#1493,#1494,#1495,#1496,
#1497,#1498,#1499,#1500,#1501,#1502,#1503,#1504,#1505,#1506,#1507,#1508,
#1509,#1510,#1511,#1512,#1513,#1514,#1515,#1516,#1517,#1518,#1519,#1520,
#1521,#1522,#1523,#1524,#1525,#1526));
#1528=DERIVED_UNIT_ELEMENT(#1531,1.);
#1529=DERIVED_UNIT_ELEMENT(#2790,-3.);
#1530=DIMENSIONAL_EXPONENTS(0.,1.,0.,0.,0.,0.,0.);
#1531=(
CONVERSION_BASED_UNIT('gram',#1533)
MASS_UNIT()
NAMED_UNIT(#1530)
);
#1532=(
MASS_UNIT()
NAMED_UNIT(*)
SI_UNIT(.KILO.,.GRAM.)
);
#1533=MASS_MEASURE_WITH_UNIT(MASS_MEASURE(0.001),#1532);
#1534=DERIVED_UNIT((#1528,#1529));
#1535=MEASURE_REPRESENTATION_ITEM('density measure',
POSITIVE_RATIO_MEASURE(1.),#1534);
#1536=PROPERTY_DEFINITION_REPRESENTATION(#1541,#1538);
#1537=PROPERTY_DEFINITION_REPRESENTATION(#1542,#1539);
#1538=REPRESENTATION('material name',(#1540),#2787);
#1539=REPRESENTATION('density',(#1535),#2787);
#1540=DESCRIPTIVE_REPRESENTATION_ITEM('\X2\C77CBC18\X0\','\X2\C77CBC18\X0\');
#1541=PROPERTY_DEFINITION('material property','material name',#2797);
#1542=PROPERTY_DEFINITION('material property','density of part',#2797);
#1543=DATE_TIME_ROLE('creation_date');
#1544=APPLIED_DATE_AND_TIME_ASSIGNMENT(#1545,#1543,(#2797));
#1545=DATE_AND_TIME(#1546,#1547);
#1546=CALENDAR_DATE(2025,5,11);
#1547=LOCAL_TIME(0,0,0.,#1548);
#1548=COORDINATED_UNIVERSAL_TIME_OFFSET(0,0,.BEHIND.);
#1549=AXIS2_PLACEMENT_3D('',#2138,#1700,#1701);
#1550=AXIS2_PLACEMENT_3D('',#2139,#1702,#1703);
#1551=AXIS2_PLACEMENT_3D('',#2148,#1708,#1709);
#1552=AXIS2_PLACEMENT_3D('',#2150,#1710,#1711);
#1553=AXIS2_PLACEMENT_3D('',#2153,#1713,#1714);
#1554=AXIS2_PLACEMENT_3D('',#2154,#1715,#1716);
#1555=AXIS2_PLACEMENT_3D('',#2169,#1719,#1720);
#1556=AXIS2_PLACEMENT_3D('',#2172,#1721,#1722);
#1557=AXIS2_PLACEMENT_3D('',#2176,#1724,#1725);
#1558=AXIS2_PLACEMENT_3D('',#2178,#1727,#1728);
#1559=AXIS2_PLACEMENT_3D('',#2197,#1731,#1732);
#1560=AXIS2_PLACEMENT_3D('',#2200,#1733,#1734);
#1561=AXIS2_PLACEMENT_3D('',#2204,#1736,#1737);
#1562=AXIS2_PLACEMENT_3D('',#2206,#1739,#1740);
#1563=AXIS2_PLACEMENT_3D('',#2209,#1741,#1742);
#1564=AXIS2_PLACEMENT_3D('',#2212,#1745,#1746);
#1565=AXIS2_PLACEMENT_3D('',#2222,#1751,#1752);
#1566=AXIS2_PLACEMENT_3D('',#2234,#1759,#1760);
#1567=AXIS2_PLACEMENT_3D('',#2236,#1761,#1762);
#1568=AXIS2_PLACEMENT_3D('',#2238,#1763,#1764);
#1569=AXIS2_PLACEMENT_3D('',#2240,#1765,#1766);
#1570=AXIS2_PLACEMENT_3D('',#2241,#1767,#1768);
#1571=AXIS2_PLACEMENT_3D('',#2243,#1769,#1770);
#1572=AXIS2_PLACEMENT_3D('',#2245,#1772,#1773);
#1573=AXIS2_PLACEMENT_3D('',#2250,#1775,#1776);
#1574=AXIS2_PLACEMENT_3D('',#2265,#1784,#1785);
#1575=AXIS2_PLACEMENT_3D('',#2273,#1790,#1791);
#1576=AXIS2_PLACEMENT_3D('',#2275,#1792,#1793);
#1577=AXIS2_PLACEMENT_3D('',#2276,#1794,#1795);
#1578=AXIS2_PLACEMENT_3D('',#2278,#1797,#1798);
#1579=AXIS2_PLACEMENT_3D('',#2292,#1800,#1801);
#1580=AXIS2_PLACEMENT_3D('',#2354,#1804,#1805);
#1581=AXIS2_PLACEMENT_3D('',#2358,#1807,#1808);
#1582=AXIS2_PLACEMENT_3D('',#2360,#1810,#1811);
#1583=AXIS2_PLACEMENT_3D('',#2364,#1813,#1814);
#1584=AXIS2_PLACEMENT_3D('',#2367,#1816,#1817);
#1585=AXIS2_PLACEMENT_3D('',#2369,#1818,#1819);
#1586=AXIS2_PLACEMENT_3D('',#2371,#1820,#1821);
#1587=AXIS2_PLACEMENT_3D('',#2372,#1822,#1823);
#1588=AXIS2_PLACEMENT_3D('',#2375,#1825,#1826);
#1589=AXIS2_PLACEMENT_3D('',#2376,#1827,#1828);
#1590=AXIS2_PLACEMENT_3D('',#2380,#1830,#1831);
#1591=AXIS2_PLACEMENT_3D('',#2382,#1833,#1834);
#1592=AXIS2_PLACEMENT_3D('',#2384,#1836,#1837);
#1593=AXIS2_PLACEMENT_3D('',#2387,#1840,#1841);
#1594=AXIS2_PLACEMENT_3D('',#2390,#1844,#1845);
#1595=AXIS2_PLACEMENT_3D('',#2393,#1848,#1849);
#1596=AXIS2_PLACEMENT_3D('',#2397,#1852,#1853);
#1597=AXIS2_PLACEMENT_3D('',#2401,#1855,#1856);
#1598=AXIS2_PLACEMENT_3D('',#2403,#1858,#1859);
#1599=AXIS2_PLACEMENT_3D('',#2407,#1861,#1862);
#1600=AXIS2_PLACEMENT_3D('',#2411,#1864,#1865);
#1601=AXIS2_PLACEMENT_3D('',#2415,#1867,#1868);
#1602=AXIS2_PLACEMENT_3D('',#2419,#1870,#1871);
#1603=AXIS2_PLACEMENT_3D('',#2423,#1873,#1874);
#1604=AXIS2_PLACEMENT_3D('',#2427,#1876,#1877);
#1605=AXIS2_PLACEMENT_3D('',#2430,#1879,#1880);
#1606=AXIS2_PLACEMENT_3D('',#2431,#1881,#1882);
#1607=AXIS2_PLACEMENT_3D('',#2436,#1885,#1886);
#1608=AXIS2_PLACEMENT_3D('',#2437,#1887,#1888);
#1609=AXIS2_PLACEMENT_3D('',#2441,#1890,#1891);
#1610=AXIS2_PLACEMENT_3D('',#2443,#1893,#1894);
#1611=AXIS2_PLACEMENT_3D('',#2449,#1898,#1899);
#1612=AXIS2_PLACEMENT_3D('',#2455,#1903,#1904);
#1613=AXIS2_PLACEMENT_3D('',#2457,#1905,#1906);
#1614=AXIS2_PLACEMENT_3D('',#2459,#1908,#1909);
#1615=AXIS2_PLACEMENT_3D('',#2461,#1911,#1912);
#1616=AXIS2_PLACEMENT_3D('',#2462,#1913,#1914);
#1617=AXIS2_PLACEMENT_3D('',#2464,#1916,#1917);
#1618=AXIS2_PLACEMENT_3D('',#2562,#1922,#1923);
#1619=AXIS2_PLACEMENT_3D('',#2565,#1925,#1926);
#1620=AXIS2_PLACEMENT_3D('',#2566,#1927,#1928);
#1621=AXIS2_PLACEMENT_3D('',#2572,#1932,#1933);
#1622=AXIS2_PLACEMENT_3D('',#2574,#1934,#1935);
#1623=AXIS2_PLACEMENT_3D('',#2577,#1937,#1938);
#1624=AXIS2_PLACEMENT_3D('',#2578,#1939,#1940);
#1625=AXIS2_PLACEMENT_3D('',#2583,#1943,#1944);
#1626=AXIS2_PLACEMENT_3D('',#2586,#1946,#1947);
#1627=AXIS2_PLACEMENT_3D('',#2588,#1948,#1949);
#1628=AXIS2_PLACEMENT_3D('',#2590,#1950,#1951);
#1629=AXIS2_PLACEMENT_3D('',#2591,#1952,#1953);
#1630=AXIS2_PLACEMENT_3D('',#2596,#1956,#1957);
#1631=AXIS2_PLACEMENT_3D('',#2597,#1958,#1959);
#1632=AXIS2_PLACEMENT_3D('',#2599,#1960,#1961);
#1633=AXIS2_PLACEMENT_3D('',#2651,#1963,#1964);
#1634=AXIS2_PLACEMENT_3D('',#2654,#1966,#1967);
#1635=AXIS2_PLACEMENT_3D('',#2655,#1968,#1969);
#1636=AXIS2_PLACEMENT_3D('',#2656,#1970,#1971);
#1637=AXIS2_PLACEMENT_3D('',#2658,#1973,#1974);
#1638=AXIS2_PLACEMENT_3D('',#2660,#1975,#1976);
#1639=AXIS2_PLACEMENT_3D('',#2662,#1978,#1979);
#1640=AXIS2_PLACEMENT_3D('',#2664,#1980,#1981);
#1641=AXIS2_PLACEMENT_3D('',#2666,#1983,#1984);
#1642=AXIS2_PLACEMENT_3D('',#2668,#1986,#1987);
#1643=AXIS2_PLACEMENT_3D('',#2670,#1989,#1990);
#1644=AXIS2_PLACEMENT_3D('',#2672,#1992,#1993);
#1645=AXIS2_PLACEMENT_3D('',#2673,#1994,#1995);
#1646=AXIS2_PLACEMENT_3D('',#2674,#1996,#1997);
#1647=AXIS2_PLACEMENT_3D('',#2677,#1999,#2000);
#1648=AXIS2_PLACEMENT_3D('',#2678,#2001,#2002);
#1649=AXIS2_PLACEMENT_3D('',#2682,#2004,#2005);
#1650=AXIS2_PLACEMENT_3D('',#2685,#2007,#2008);
#1651=AXIS2_PLACEMENT_3D('',#2687,#2009,#2010);
#1652=AXIS2_PLACEMENT_3D('',#2688,#2011,#2012);
#1653=AXIS2_PLACEMENT_3D('',#2692,#2014,#2015);
#1654=AXIS2_PLACEMENT_3D('',#2694,#2017,#2018);
#1655=AXIS2_PLACEMENT_3D('',#2697,#2020,#2021);
#1656=AXIS2_PLACEMENT_3D('',#2698,#2022,#2023);
#1657=AXIS2_PLACEMENT_3D('',#2703,#2027,#2028);
#1658=AXIS2_PLACEMENT_3D('',#2704,#2029,#2030);
#1659=AXIS2_PLACEMENT_3D('',#2708,#2033,#2034);
#1660=AXIS2_PLACEMENT_3D('',#2714,#2038,#2039);
#1661=AXIS2_PLACEMENT_3D('',#2717,#2041,#2042);
#1662=AXIS2_PLACEMENT_3D('',#2718,#2043,#2044);
#1663=AXIS2_PLACEMENT_3D('',#2722,#2048,#2049);
#1664=AXIS2_PLACEMENT_3D('',#2725,#2051,#2052);
#1665=AXIS2_PLACEMENT_3D('',#2726,#2053,#2054);
#1666=AXIS2_PLACEMENT_3D('',#2728,#2056,#2057);
#1667=AXIS2_PLACEMENT_3D('',#2730,#2058,#2059);
#1668=AXIS2_PLACEMENT_3D('',#2733,#2061,#2062);
#1669=AXIS2_PLACEMENT_3D('',#2734,#2063,#2064);
#1670=AXIS2_PLACEMENT_3D('',#2740,#2068,#2069);
#1671=AXIS2_PLACEMENT_3D('',#2741,#2070,#2071);
#1672=AXIS2_PLACEMENT_3D('',#2743,#2073,#2074);
#1673=AXIS2_PLACEMENT_3D('',#2746,#2076,#2077);
#1674=AXIS2_PLACEMENT_3D('',#2747,#2078,#2079);
#1675=AXIS2_PLACEMENT_3D('',#2749,#2081,#2082);
#1676=AXIS2_PLACEMENT_3D('',#2753,#2086,#2087);
#1677=AXIS2_PLACEMENT_3D('',#2754,#2088,#2089);
#1678=AXIS2_PLACEMENT_3D('',#2755,#2090,#2091);
#1679=AXIS2_PLACEMENT_3D('',#2757,#2093,#2094);
#1680=AXIS2_PLACEMENT_3D('',#2758,#2095,#2096);
#1681=AXIS2_PLACEMENT_3D('',#2760,#2098,#2099);
#1682=AXIS2_PLACEMENT_3D('',#2761,#2100,#2101);
#1683=AXIS2_PLACEMENT_3D('',#2762,#2102,#2103);
#1684=AXIS2_PLACEMENT_3D('',#2763,#2104,#2105);
#1685=AXIS2_PLACEMENT_3D('',#2764,#2106,#2107);
#1686=AXIS2_PLACEMENT_3D('',#2766,#2108,#2109);
#1687=AXIS2_PLACEMENT_3D('',#2768,#2110,#2111);
#1688=AXIS2_PLACEMENT_3D('',#2769,#2112,#2113);
#1689=AXIS2_PLACEMENT_3D('',#2771,#2114,#2115);
#1690=AXIS2_PLACEMENT_3D('',#2773,#2117,#2118);
#1691=AXIS2_PLACEMENT_3D('',#2775,#2119,#2120);
#1692=AXIS2_PLACEMENT_3D('',#2777,#2122,#2123);
#1693=AXIS2_PLACEMENT_3D('',#2778,#2124,#2125);
#1694=AXIS2_PLACEMENT_3D('',#2779,#2126,#2127);
#1695=AXIS2_PLACEMENT_3D('',#2780,#2128,#2129);
#1696=AXIS2_PLACEMENT_3D('',#2781,#2130,#2131);
#1697=AXIS2_PLACEMENT_3D('',#2782,#2132,#2133);
#1698=AXIS2_PLACEMENT_3D('',#2783,#2134,#2135);
#1699=AXIS2_PLACEMENT_3D('',#2784,#2136,#2137);
#1700=DIRECTION('axis',(0.,0.,1.));
#1701=DIRECTION('refdir',(1.,0.,0.));
#1702=DIRECTION('center_axis',(6.123233995737E-17,-6.123233995737E-17,-1.));
#1703=DIRECTION('ref_axis',(1.,-1.224646799147E-16,6.123233995737E-17));
#1704=DIRECTION('',(1.224646799147E-16,1.,-6.123233995737E-17));
#1705=DIRECTION('',(1.,-1.224646799147E-16,6.123233995737E-17));
#1706=DIRECTION('',(1.224646799147E-16,1.,-6.123233995737E-17));
#1707=DIRECTION('',(1.,-1.224646799147E-16,6.123233995737E-17));
#1708=DIRECTION('center_axis',(0.,0.,1.));
#1709=DIRECTION('ref_axis',(1.,0.,0.));
#1710=DIRECTION('center_axis',(0.,0.,-1.));
#1711=DIRECTION('ref_axis',(-0.999999999999711,-7.59943874266889E-7,0.));
#1712=DIRECTION('',(1.,-6.123233995737E-17,6.123233995737E-17));
#1713=DIRECTION('center_axis',(0.,0.,1.));
#1714=DIRECTION('ref_axis',(3.19826106575328E-15,-1.,0.));
#1715=DIRECTION('center_axis',(-6.123233995737E-17,6.123233995737E-17,1.));
#1716=DIRECTION('ref_axis',(1.,-6.123233995737E-17,6.123233995737E-17));
#1717=DIRECTION('',(-6.123233995737E-17,6.123233995737E-17,1.));
#1718=DIRECTION('',(0.,0.,-1.));
#1719=DIRECTION('center_axis',(0.,1.,0.));
#1720=DIRECTION('ref_axis',(0.,0.,1.));
#1721=DIRECTION('center_axis',(0.,-1.,0.));
#1722=DIRECTION('ref_axis',(-7.59943874266889E-7,0.,-0.999999999999711));
#1723=DIRECTION('',(0.,0.,1.));
#1724=DIRECTION('center_axis',(-5.49069172690072E-14,1.,-5.49069172689958E-14));
#1725=DIRECTION('ref_axis',(-1.,-4.54863796018245E-14,5.33043510958881E-16));
#1726=DIRECTION('',(-1.,0.,0.));
#1727=DIRECTION('center_axis',(6.123233995737E-17,1.,0.));
#1728=DIRECTION('ref_axis',(0.,0.,1.));
#1729=DIRECTION('',(0.,-1.,0.));
#1730=DIRECTION('',(6.123233995737E-17,1.,0.));
#1731=DIRECTION('center_axis',(-1.,1.224646799147E-16,0.));
#1732=DIRECTION('ref_axis',(0.,0.,1.));
#1733=DIRECTION('center_axis',(-1.,0.,0.));
#1734=DIRECTION('ref_axis',(0.,-1.,5.33043510958881E-16));
#1735=DIRECTION('',(1.,0.,0.));
#1736=DIRECTION('center_axis',(-1.,0.,0.));
#1737=DIRECTION('ref_axis',(0.,-1.,5.33043510958881E-16));
#1738=DIRECTION('',(-1.,1.224646799147E-16,0.));
#1739=DIRECTION('center_axis',(-1.,1.88891648254149E-13,-1.8889164825482E-13));
#1740=DIRECTION('ref_axis',(-1.8889164825482E-13,0.,1.));
#1741=DIRECTION('center_axis',(1.,-9.00474410971748E-14,-9.00474410971748E-14));
#1742=DIRECTION('ref_axis',(-7.4597605856934E-14,-7.59943874266889E-7,-0.999999999999711));
#1743=DIRECTION('',(0.,1.,0.));
#1744=DIRECTION('',(0.,0.,-1.));
#1745=DIRECTION('center_axis',(0.,0.,1.));
#1746=DIRECTION('ref_axis',(1.,0.,0.));
#1747=DIRECTION('',(1.,0.,0.));
#1748=DIRECTION('',(-1.,0.,0.));
#1749=DIRECTION('',(0.,1.,0.));
#1750=DIRECTION('',(1.,0.,0.));
#1751=DIRECTION('center_axis',(0.,0.,1.));
#1752=DIRECTION('ref_axis',(1.,0.,0.));
#1753=DIRECTION('',(0.,-1.,0.));
#1754=DIRECTION('',(1.,0.,0.));
#1755=DIRECTION('',(0.,1.,0.));
#1756=DIRECTION('',(0.,-1.,0.));
#1757=DIRECTION('',(1.,0.,0.));
#1758=DIRECTION('',(0.,1.,0.));
#1759=DIRECTION('center_axis',(0.,0.,1.));
#1760=DIRECTION('ref_axis',(1.,0.,0.));
#1761=DIRECTION('center_axis',(0.,0.,1.));
#1762=DIRECTION('ref_axis',(1.,0.,0.));
#1763=DIRECTION('center_axis',(0.,0.,1.));
#1764=DIRECTION('ref_axis',(1.,0.,0.));
#1765=DIRECTION('center_axis',(0.,0.,1.));
#1766=DIRECTION('ref_axis',(1.,0.,0.));
#1767=DIRECTION('center_axis',(0.,0.,-1.));
#1768=DIRECTION('ref_axis',(1.,0.,0.));
#1769=DIRECTION('center_axis',(0.,0.,1.));
#1770=DIRECTION('ref_axis',(1.,0.,0.));
#1771=DIRECTION('',(0.,0.,-1.));
#1772=DIRECTION('center_axis',(0.,0.,1.));
#1773=DIRECTION('ref_axis',(1.,0.,0.));
#1774=DIRECTION('',(1.,0.,0.));
#1775=DIRECTION('center_axis',(0.,0.,1.));
#1776=DIRECTION('ref_axis',(1.,0.,0.));
#1777=DIRECTION('',(0.,1.,0.));
#1778=DIRECTION('',(1.,0.,0.));
#1779=DIRECTION('',(0.,-1.,0.));
#1780=DIRECTION('',(1.,0.,0.));
#1781=DIRECTION('',(0.,1.,0.));
#1782=DIRECTION('',(1.,0.,0.));
#1783=DIRECTION('',(0.,-1.,0.));
#1784=DIRECTION('center_axis',(0.,0.,1.));
#1785=DIRECTION('ref_axis',(1.,0.,0.));
#1786=DIRECTION('',(1.,0.,0.));
#1787=DIRECTION('',(0.,1.,0.));
#1788=DIRECTION('',(-1.,0.,0.));
#1789=DIRECTION('',(0.,-1.,0.));
#1790=DIRECTION('center_axis',(0.,0.,1.));
#1791=DIRECTION('ref_axis',(1.,0.,0.));
#1792=DIRECTION('center_axis',(0.,0.,1.));
#1793=DIRECTION('ref_axis',(1.,0.,0.));
#1794=DIRECTION('center_axis',(0.,0.,-1.));
#1795=DIRECTION('ref_axis',(1.,0.,0.));
#1796=DIRECTION('',(0.,0.,-1.));
#1797=DIRECTION('center_axis',(-1.836970198721E-16,-1.,0.));
#1798=DIRECTION('ref_axis',(0.,0.,1.));
#1799=DIRECTION('',(0.,-1.,0.));
#1800=DIRECTION('center_axis',(0.,1.,0.));
#1801=DIRECTION('ref_axis',(7.59943453198726E-7,0.,-0.999999999999711));
#1802=DIRECTION('',(1.,0.,0.));
#1803=DIRECTION('',(0.,-1.,0.));
#1804=DIRECTION('center_axis',(-6.123233995737E-17,1.836970198721E-16,-1.));
#1805=DIRECTION('ref_axis',(-1.,1.836970198721E-16,6.123233995737E-17));
#1806=DIRECTION('',(-6.123233995737E-17,1.836970198721E-16,-1.));
#1807=DIRECTION('center_axis',(0.,0.,1.));
#1808=DIRECTION('ref_axis',(0.999999999999711,-7.59943411528962E-7,0.));
#1809=DIRECTION('',(6.123233995737E-17,-1.124819836996E-32,1.));
#1810=DIRECTION('center_axis',(-1.,1.836970198721E-16,6.123233995737E-17));
#1811=DIRECTION('ref_axis',(-1.836970198721E-16,-1.,0.));
#1812=DIRECTION('',(1.836970198721E-16,1.,0.));
#1813=DIRECTION('center_axis',(-1.,1.836970198721E-16,6.123233995737E-17));
#1814=DIRECTION('ref_axis',(-1.836970198721E-16,-1.,0.));
#1815=DIRECTION('',(-6.123233995737E-17,1.124819836996E-32,-1.));
#1816=DIRECTION('center_axis',(-1.,1.836970198721E-16,6.123233995737E-17));
#1817=DIRECTION('ref_axis',(-1.836970198721E-16,-1.,0.));
#1818=DIRECTION('center_axis',(-1.,1.836970198721E-16,6.123233995737E-17));
#1819=DIRECTION('ref_axis',(-1.836970198721E-16,-1.,0.));
#1820=DIRECTION('center_axis',(-1.,1.836970198721E-16,6.123233995737E-17));
#1821=DIRECTION('ref_axis',(-1.836970198721E-16,-1.,0.));
#1822=DIRECTION('center_axis',(1.,-1.836970198721E-16,-6.123233995737E-17));
#1823=DIRECTION('ref_axis',(-1.836970198721E-16,-1.,0.));
#1824=DIRECTION('',(1.,-1.836970198721E-16,-6.123233995737E-17));
#1825=DIRECTION('center_axis',(-1.,1.836970198721E-16,6.123233995737E-17));
#1826=DIRECTION('ref_axis',(-1.836970198721E-16,-1.,0.));
#1827=DIRECTION('center_axis',(1.,-1.836970198721E-16,-6.123233995737E-17));
#1828=DIRECTION('ref_axis',(-1.836970198721E-16,-1.,0.));
#1829=DIRECTION('',(-1.,1.836970198721E-16,6.123233995737E-17));
#1830=DIRECTION('center_axis',(-1.,1.836970198721E-16,6.123233995737E-17));
#1831=DIRECTION('ref_axis',(-1.836970198721E-16,-1.,0.));
#1832=DIRECTION('',(-1.,1.836970198721E-16,6.123233995737E-17));
#1833=DIRECTION('center_axis',(-1.,0.,0.));
#1834=DIRECTION('ref_axis',(0.,1.,0.));
#1835=DIRECTION('',(0.,0.,1.));
#1836=DIRECTION('center_axis',(0.,1.,0.));
#1837=DIRECTION('ref_axis',(1.,0.,0.));
#1838=DIRECTION('',(0.,0.,1.));
#1839=DIRECTION('',(0.,0.,1.));
#1840=DIRECTION('center_axis',(1.,0.,0.));
#1841=DIRECTION('ref_axis',(0.,-1.,0.));
#1842=DIRECTION('',(0.,0.,1.));
#1843=DIRECTION('',(0.,0.,1.));
#1844=DIRECTION('center_axis',(-1.,0.,0.));
#1845=DIRECTION('ref_axis',(0.,1.,0.));
#1846=DIRECTION('',(0.,0.,1.));
#1847=DIRECTION('',(0.,0.,1.));
#1848=DIRECTION('center_axis',(-1.836970198721E-16,-1.,0.));
#1849=DIRECTION('ref_axis',(-6.123233995737E-17,1.12481983699642E-32,-1.));
#1850=DIRECTION('',(-6.123233995737E-17,1.124819836996E-32,-1.));
#1851=DIRECTION('',(-1.,0.,0.));
#1852=DIRECTION('center_axis',(0.,0.,-1.));
#1853=DIRECTION('ref_axis',(-1.,0.,0.));
#1854=DIRECTION('',(1.224646799147E-16,1.,1.836970198721E-16));
#1855=DIRECTION('center_axis',(0.,0.,-1.));
#1856=DIRECTION('ref_axis',(0.,-1.,0.));
#1857=DIRECTION('',(-1.,1.836970198721E-16,6.123233995737E-17));
#1858=DIRECTION('center_axis',(1.224646799147E-16,1.,6.123233995737E-17));
#1859=DIRECTION('ref_axis',(-1.,1.224646799147E-16,0.));
#1860=DIRECTION('',(7.498798913309E-33,6.123233995737E-17,-1.));
#1861=DIRECTION('center_axis',(1.224646799147E-16,1.,6.123233995737E-17));
#1862=DIRECTION('ref_axis',(-1.,1.224646799147E-16,0.));
#1863=DIRECTION('',(1.,-1.224646799147E-16,0.));
#1864=DIRECTION('center_axis',(1.224646799147E-16,1.,6.123233995737E-17));
#1865=DIRECTION('ref_axis',(-1.,1.224646799147E-16,0.));
#1866=DIRECTION('',(7.498798913309E-33,6.123233995737E-17,-1.));
#1867=DIRECTION('center_axis',(1.224646799147E-16,1.,6.123233995737E-17));
#1868=DIRECTION('ref_axis',(-1.,1.224646799147E-16,0.));
#1869=DIRECTION('',(1.,-1.224646799147E-16,0.));
#1870=DIRECTION('center_axis',(1.224646799147E-16,1.,6.123233995737E-17));
#1871=DIRECTION('ref_axis',(-1.,1.224646799147E-16,0.));
#1872=DIRECTION('',(-7.498798913309E-33,-6.123233995737E-17,1.));
#1873=DIRECTION('center_axis',(1.224646799147E-16,1.,6.123233995737E-17));
#1874=DIRECTION('ref_axis',(-1.,1.224646799147E-16,0.));
#1875=DIRECTION('',(1.,-1.224646799147E-16,0.));
#1876=DIRECTION('center_axis',(1.224646799147E-16,1.,6.123233995737E-17));
#1877=DIRECTION('ref_axis',(-1.,1.224646799147E-16,0.));
#1878=DIRECTION('',(-7.498798913309E-33,-6.123233995737E-17,1.));
#1879=DIRECTION('center_axis',(1.224646799147E-16,1.,6.123233995737E-17));
#1880=DIRECTION('ref_axis',(-1.,1.224646799147E-16,0.));
#1881=DIRECTION('center_axis',(-1.224646799147E-16,-1.,-6.123233995737E-17));
#1882=DIRECTION('ref_axis',(-1.,1.224646799147E-16,0.));
#1883=DIRECTION('',(1.224646799147E-16,1.,6.123233995737E-17));
#1884=DIRECTION('',(1.224646799147E-16,1.,6.123233995737E-17));
#1885=DIRECTION('center_axis',(1.224646799147E-16,1.,6.123233995737E-17));
#1886=DIRECTION('ref_axis',(-1.,1.224646799147E-16,0.));
#1887=DIRECTION('center_axis',(-1.224646799147E-16,-1.,-6.123233995737E-17));
#1888=DIRECTION('ref_axis',(-1.,1.224646799147E-16,0.));
#1889=DIRECTION('',(1.224646799147E-16,1.,6.123233995737E-17));
#1890=DIRECTION('center_axis',(1.224646799147E-16,1.,6.123233995737E-17));
#1891=DIRECTION('ref_axis',(-1.,1.224646799147E-16,0.));
#1892=DIRECTION('',(1.224646799147E-16,1.,6.123233995737E-17));
#1893=DIRECTION('center_axis',(-1.,1.224646799147E-16,0.));
#1894=DIRECTION('ref_axis',(7.49879891330741E-33,6.123233995737E-17,-1.));
#1895=DIRECTION('',(1.224646799147E-16,1.,6.123233995737E-17));
#1896=DIRECTION('',(1.224646799147E-16,1.,6.123233995737E-17));
#1897=DIRECTION('',(7.498798913309E-33,6.123233995737E-17,-1.));
#1898=DIRECTION('center_axis',(7.498798913309E-33,6.123233995737E-17,-1.));
#1899=DIRECTION('ref_axis',(1.,-1.224646799147E-16,1.58877687214952E-45));
#1900=DIRECTION('',(1.224646799147E-16,1.,6.123233995737E-17));
#1901=DIRECTION('',(1.224646799147E-16,1.,6.123233995737E-17));
#1902=DIRECTION('',(1.,-1.224646799147E-16,0.));
#1903=DIRECTION('center_axis',(-1.224646799147E-16,-1.,-6.123233995737E-17));
#1904=DIRECTION('ref_axis',(-1.,1.224646799147E-16,0.));
#1905=DIRECTION('center_axis',(1.224646799147E-16,1.,6.123233995737E-17));
#1906=DIRECTION('ref_axis',(-1.,1.224646799147E-16,0.));
#1907=DIRECTION('',(-1.224646799147E-16,-1.,-6.123233995737E-17));
#1908=DIRECTION('center_axis',(0.,0.,-1.));
#1909=DIRECTION('ref_axis',(1.,0.,0.));
#1910=DIRECTION('',(0.,0.,1.));
#1911=DIRECTION('center_axis',(0.,-1.,0.));
#1912=DIRECTION('ref_axis',(0.,0.,-1.));
#1913=DIRECTION('center_axis',(0.,-1.,0.));
#1914=DIRECTION('ref_axis',(1.,0.,-2.75405813995413E-14));
#1915=DIRECTION('',(0.,0.,1.));
#1916=DIRECTION('center_axis',(0.,0.,-1.));
#1917=DIRECTION('ref_axis',(1.,0.,0.));
#1918=DIRECTION('',(0.,0.,1.));
#1919=DIRECTION('',(0.,1.,0.));
#1920=DIRECTION('',(1.,-6.123233995737E-17,6.123233995737E-17));
#1921=DIRECTION('',(0.,0.,1.));
#1922=DIRECTION('center_axis',(-1.224646799147E-16,-1.,-6.123233995737E-17));
#1923=DIRECTION('ref_axis',(-1.,1.224646799147E-16,0.));
#1924=DIRECTION('',(1.224646799147E-16,1.,6.123233995737E-17));
#1925=DIRECTION('center_axis',(1.224646799147E-16,1.,6.123233995737E-17));
#1926=DIRECTION('ref_axis',(-1.,1.224646799147E-16,0.));
#1927=DIRECTION('center_axis',(0.0659541626178397,-1.91374103277786E-16,
0.997822653798449));
#1928=DIRECTION('ref_axis',(-0.997822653798449,1.1008244878805E-16,0.0659541626178397));
#1929=DIRECTION('',(-0.997822653798449,1.1008244878805E-16,0.0659541626178397));
#1930=DIRECTION('',(1.224646799147E-16,1.,1.836970198721E-16));
#1931=DIRECTION('',(-0.997822653798449,1.1008244878805E-16,0.0659541626178397));
#1932=DIRECTION('center_axis',(-1.224646799147E-16,-1.,-1.836970198721E-16));
#1933=DIRECTION('ref_axis',(-6.123233995737E-17,1.836970198721E-16,-1.));
#1934=DIRECTION('center_axis',(1.224646799147E-16,1.,1.836970198721E-16));
#1935=DIRECTION('ref_axis',(-6.123233995737E-17,1.836970198721E-16,-1.));
#1936=DIRECTION('',(1.224646799147E-16,1.,1.836970198721E-16));
#1937=DIRECTION('center_axis',(1.224646799147E-16,1.,1.836970198721E-16));
#1938=DIRECTION('ref_axis',(-6.123233995737E-17,1.836970198721E-16,-1.));
#1939=DIRECTION('center_axis',(1.,-6.123233995737E-17,6.123233995737E-17));
#1940=DIRECTION('ref_axis',(6.123233995737E-17,1.,0.));
#1941=DIRECTION('',(6.123233995737E-17,-3.749399456655E-33,-1.));
#1942=DIRECTION('',(-6.123233995737E-17,-1.,0.));
#1943=DIRECTION('center_axis',(1.,-6.123233995737E-17,6.123233995737E-17));
#1944=DIRECTION('ref_axis',(6.123233995737E-17,1.,0.));
#1945=DIRECTION('',(-6.123233995737E-17,3.749399456655E-33,1.));
#1946=DIRECTION('center_axis',(1.,-6.123233995737E-17,6.123233995737E-17));
#1947=DIRECTION('ref_axis',(6.123233995737E-17,1.,0.));
#1948=DIRECTION('center_axis',(1.,-6.123233995737E-17,6.123233995737E-17));
#1949=DIRECTION('ref_axis',(6.123233995737E-17,1.,0.));
#1950=DIRECTION('center_axis',(1.,-6.123233995737E-17,6.123233995737E-17));
#1951=DIRECTION('ref_axis',(6.123233995737E-17,1.,0.));
#1952=DIRECTION('center_axis',(-1.,6.123233995737E-17,-6.123233995737E-17));
#1953=DIRECTION('ref_axis',(6.123233995737E-17,1.,0.));
#1954=DIRECTION('',(1.,-6.123233995737E-17,6.123233995737E-17));
#1955=DIRECTION('',(1.,-6.123233995737E-17,6.123233995737E-17));
#1956=DIRECTION('center_axis',(1.,-6.123233995737E-17,6.123233995737E-17));
#1957=DIRECTION('ref_axis',(6.123233995737E-17,1.,0.));
#1958=DIRECTION('center_axis',(-1.,6.123233995737E-17,-6.123233995737E-17));
#1959=DIRECTION('ref_axis',(6.123233995737E-17,1.,0.));
#1960=DIRECTION('center_axis',(1.,-6.123233995737E-17,6.123233995737E-17));
#1961=DIRECTION('ref_axis',(6.123233995737E-17,1.,0.));
#1962=DIRECTION('',(-1.,6.123233995737E-17,-6.123233995737E-17));
#1963=DIRECTION('center_axis',(1.,-1.836970198721E-16,-6.123233995737E-17));
#1964=DIRECTION('ref_axis',(-1.836970198721E-16,-1.,0.));
#1965=DIRECTION('',(1.,-1.836970198721E-16,-6.123233995737E-17));
#1966=DIRECTION('center_axis',(-1.,1.836970198721E-16,6.123233995737E-17));
#1967=DIRECTION('ref_axis',(-1.836970198721E-16,-1.,0.));
#1968=DIRECTION('center_axis',(0.,-1.,0.));
#1969=DIRECTION('ref_axis',(-1.,0.,0.));
#1970=DIRECTION('center_axis',(6.123233995737E-17,-3.749399456655E-33,-1.));
#1971=DIRECTION('ref_axis',(-6.123233995737E-17,-1.,6.91070043441438E-47));
#1972=DIRECTION('',(-6.123233995737E-17,-1.,0.));
#1973=DIRECTION('center_axis',(-1.,1.77085920244683E-14,-1.77085920245312E-14));
#1974=DIRECTION('ref_axis',(-1.77085920245312E-14,0.,1.));
#1975=DIRECTION('center_axis',(1.,-2.81398253428671E-15,-2.81398253428671E-15));
#1976=DIRECTION('ref_axis',(-2.33117518302919E-15,-7.59943874266889E-7,
-0.999999999999711));
#1977=DIRECTION('',(0.,-1.,0.));
#1978=DIRECTION('center_axis',(-1.,6.123233995737E-17,-6.123233995737E-17));
#1979=DIRECTION('ref_axis',(6.123233995737E-17,1.,0.));
#1980=DIRECTION('center_axis',(1.,-6.123233995737E-17,6.123233995737E-17));
#1981=DIRECTION('ref_axis',(6.123233995737E-17,1.,0.));
#1982=DIRECTION('',(-1.,6.123233995737E-17,-6.123233995737E-17));
#1983=DIRECTION('center_axis',(1.,-1.224646799147E-16,0.));
#1984=DIRECTION('ref_axis',(-7.49879891330741E-33,-6.123233995737E-17,1.));
#1985=DIRECTION('',(-7.498798913309E-33,-6.123233995737E-17,1.));
#1986=DIRECTION('center_axis',(0.,0.,-1.));
#1987=DIRECTION('ref_axis',(1.,0.,0.));
#1988=DIRECTION('',(0.,0.,-1.));
#1989=DIRECTION('center_axis',(-6.123233995737E-17,-1.,0.));
#1990=DIRECTION('ref_axis',(-6.123233995737E-17,3.74939945665493E-33,1.));
#1991=DIRECTION('',(-6.123233995737E-17,3.749399456655E-33,1.));
#1992=DIRECTION('center_axis',(-1.224646799147E-16,-1.,-6.123233995737E-17));
#1993=DIRECTION('ref_axis',(-1.,1.224646799147E-16,0.));
#1994=DIRECTION('center_axis',(1.224646799147E-16,1.,6.123233995737E-17));
#1995=DIRECTION('ref_axis',(-1.,1.224646799147E-16,0.));
#1996=DIRECTION('center_axis',(-1.224646799147E-16,-1.,-6.123233995737E-17));
#1997=DIRECTION('ref_axis',(-1.,1.224646799147E-16,0.));
#1998=DIRECTION('',(1.224646799147E-16,1.,6.123233995737E-17));
#1999=DIRECTION('center_axis',(1.224646799147E-16,1.,6.123233995737E-17));
#2000=DIRECTION('ref_axis',(-1.,1.224646799147E-16,0.));
#2001=DIRECTION('center_axis',(1.224646799147E-16,1.,1.836970198721E-16));
#2002=DIRECTION('ref_axis',(-6.123233995737E-17,1.836970198721E-16,-1.));
#2003=DIRECTION('',(6.123233995737E-17,-1.836970198721E-16,1.));
#2004=DIRECTION('center_axis',(1.224646799147E-16,1.,1.836970198721E-16));
#2005=DIRECTION('ref_axis',(-6.123233995737E-17,1.836970198721E-16,-1.));
#2006=DIRECTION('',(1.,-1.224646799147E-16,-6.123233995737E-17));
#2007=DIRECTION('center_axis',(1.224646799147E-16,1.,1.836970198721E-16));
#2008=DIRECTION('ref_axis',(-6.123233995737E-17,1.836970198721E-16,-1.));
#2009=DIRECTION('center_axis',(1.224646799147E-16,1.,1.836970198721E-16));
#2010=DIRECTION('ref_axis',(-6.123233995737E-17,1.836970198721E-16,-1.));
#2011=DIRECTION('center_axis',(-1.224646799147E-16,-1.,-1.836970198721E-16));
#2012=DIRECTION('ref_axis',(-6.123233995737E-17,1.836970198721E-16,-1.));
#2013=DIRECTION('',(1.224646799147E-16,1.,1.836970198721E-16));
#2014=DIRECTION('center_axis',(1.224646799147E-16,1.,1.836970198721E-16));
#2015=DIRECTION('ref_axis',(-6.123233995737E-17,1.836970198721E-16,-1.));
#2016=DIRECTION('',(1.224646799147E-16,1.,1.836970198721E-16));
#2017=DIRECTION('center_axis',(-1.224646799147E-16,-1.,-1.836970198721E-16));
#2018=DIRECTION('ref_axis',(-6.123233995737E-17,1.836970198721E-16,-1.));
#2019=DIRECTION('',(-1.224646799147E-16,-1.,-1.836970198721E-16));
#2020=DIRECTION('center_axis',(1.224646799147E-16,1.,1.836970198721E-16));
#2021=DIRECTION('ref_axis',(-6.123233995737E-17,1.836970198721E-16,-1.));
#2022=DIRECTION('center_axis',(-1.,1.836970198721E-16,6.123233995737E-17));
#2023=DIRECTION('ref_axis',(-1.836970198721E-16,-1.,0.));
#2024=DIRECTION('',(0.,-1.,0.));
#2025=DIRECTION('',(1.836970198721E-16,1.,0.));
#2026=DIRECTION('',(6.123233995737E-17,-1.124819836996E-32,1.));
#2027=DIRECTION('center_axis',(-1.,1.836970198721E-16,6.123233995737E-17));
#2028=DIRECTION('ref_axis',(-1.836970198721E-16,-1.,0.));
#2029=DIRECTION('center_axis',(1.,-1.224646799147E-16,0.));
#2030=DIRECTION('ref_axis',(-7.49879891330741E-33,-6.123233995737E-17,1.));
#2031=DIRECTION('',(1.224646799147E-16,1.,6.123233995737E-17));
#2032=DIRECTION('',(-7.498798913309E-33,-6.123233995737E-17,1.));
#2033=DIRECTION('center_axis',(-0.0659541626178397,6.91760713686111E-17,
0.997822653798449));
#2034=DIRECTION('ref_axis',(-0.997822653798449,1.18159504202153E-16,-0.0659541626178397));
#2035=DIRECTION('',(1.224646799147E-16,1.,-6.123233995737E-17));
#2036=DIRECTION('',(-0.997822653798449,1.18159504202153E-16,-0.0659541626178397));
#2037=DIRECTION('',(-0.997822653798449,1.18159504202153E-16,-0.0659541626178397));
#2038=DIRECTION('center_axis',(-1.224646799147E-16,-1.,-1.836970198721E-16));
#2039=DIRECTION('ref_axis',(-6.123233995737E-17,1.836970198721E-16,-1.));
#2040=DIRECTION('',(-1.224646799147E-16,-1.,-1.836970198721E-16));
#2041=DIRECTION('center_axis',(1.224646799147E-16,1.,1.836970198721E-16));
#2042=DIRECTION('ref_axis',(-6.123233995737E-17,1.836970198721E-16,-1.));
#2043=DIRECTION('center_axis',(1.224646799147E-16,1.,1.836970198721E-16));
#2044=DIRECTION('ref_axis',(-6.123233995737E-17,1.836970198721E-16,-1.));
#2045=DIRECTION('',(-6.123233995737E-17,1.836970198721E-16,-1.));
#2046=DIRECTION('',(1.,-1.224646799147E-16,-6.123233995737E-17));
#2047=DIRECTION('',(6.123233995737E-17,-1.836970198721E-16,1.));
#2048=DIRECTION('center_axis',(1.,-6.123233995737E-17,6.123233995737E-17));
#2049=DIRECTION('ref_axis',(6.123233995737E-17,1.,0.));
#2050=DIRECTION('',(6.123233995737E-17,1.,0.));
#2051=DIRECTION('center_axis',(1.,-6.123233995737E-17,6.123233995737E-17));
#2052=DIRECTION('ref_axis',(6.123233995737E-17,1.,0.));
#2053=DIRECTION('center_axis',(1.,0.,0.));
#2054=DIRECTION('ref_axis',(0.,-1.,0.));
#2055=DIRECTION('',(0.,0.,1.));
#2056=DIRECTION('center_axis',(-1.224646799147E-16,-1.,6.123233995737E-17));
#2057=DIRECTION('ref_axis',(-6.123233995737E-17,6.123233995737E-17,1.));
#2058=DIRECTION('center_axis',(1.224646799147E-16,1.,-6.123233995737E-17));
#2059=DIRECTION('ref_axis',(-6.123233995737E-17,6.123233995737E-17,1.));
#2060=DIRECTION('',(1.224646799147E-16,1.,-6.123233995737E-17));
#2061=DIRECTION('center_axis',(1.224646799147E-16,1.,-6.123233995737E-17));
#2062=DIRECTION('ref_axis',(-6.123233995737E-17,6.123233995737E-17,1.));
#2063=DIRECTION('center_axis',(-1.,1.224646799147E-16,-6.123233995737E-17));
#2064=DIRECTION('ref_axis',(6.123233995737E-17,-6.123233995737E-17,-1.));
#2065=DIRECTION('',(6.123233995737E-17,-6.123233995737E-17,-1.));
#2066=DIRECTION('',(1.224646799147E-16,1.,-6.123233995737E-17));
#2067=DIRECTION('',(6.123233995737E-17,-6.123233995737E-17,-1.));
#2068=DIRECTION('center_axis',(1.,-1.224646799147E-16,-6.123233995737E-17));
#2069=DIRECTION('ref_axis',(6.123233995737E-17,-1.836970198721E-16,1.));
#2070=DIRECTION('center_axis',(-1.,6.123233995737E-17,-6.123233995737E-17));
#2071=DIRECTION('ref_axis',(6.123233995737E-17,1.,0.));
#2072=DIRECTION('',(-1.,6.123233995737E-17,-6.123233995737E-17));
#2073=DIRECTION('center_axis',(-1.224646799147E-16,-1.,-6.123233995737E-17));
#2074=DIRECTION('ref_axis',(-1.,1.224646799147E-16,0.));
#2075=DIRECTION('',(1.224646799147E-16,1.,6.123233995737E-17));
#2076=DIRECTION('center_axis',(1.224646799147E-16,1.,6.123233995737E-17));
#2077=DIRECTION('ref_axis',(-1.,1.224646799147E-16,0.));
#2078=DIRECTION('center_axis',(7.498798913309E-33,6.123233995737E-17,-1.));
#2079=DIRECTION('ref_axis',(1.,-1.224646799147E-16,1.58877687214952E-45));
#2080=DIRECTION('',(1.,-1.224646799147E-16,0.));
#2081=DIRECTION('center_axis',(1.224646799147E-16,1.,6.123233995737E-17));
#2082=DIRECTION('ref_axis',(-1.,1.224646799147E-16,0.));
#2083=DIRECTION('',(-1.,1.224646799147E-16,0.));
#2084=DIRECTION('',(1.,-1.224646799147E-16,0.));
#2085=DIRECTION('',(7.498798913309E-33,6.123233995737E-17,-1.));
#2086=DIRECTION('center_axis',(-6.123233995737E-17,1.124819836996E-32,-1.));
#2087=DIRECTION('ref_axis',(1.836970198721E-16,1.,-4.18063164893781E-45));
#2088=DIRECTION('center_axis',(0.,1.,0.));
#2089=DIRECTION('ref_axis',(1.,0.,0.));
#2090=DIRECTION('center_axis',(-6.123233995737E-17,6.123233995737E-17,1.));
#2091=DIRECTION('ref_axis',(1.,-6.123233995737E-17,6.123233995737E-17));
#2092=DIRECTION('',(-6.123233995737E-17,6.123233995737E-17,1.));
#2093=DIRECTION('center_axis',(-6.123233995737E-17,1.836970198721E-16,-1.));
#2094=DIRECTION('ref_axis',(1.,-1.224646799147E-16,-6.123233995737E-17));
#2095=DIRECTION('center_axis',(1.,-1.836970198721E-16,-6.123233995737E-17));
#2096=DIRECTION('ref_axis',(-1.836970198721E-16,-1.,0.));
#2097=DIRECTION('',(1.,-1.836970198721E-16,-6.123233995737E-17));
#2098=DIRECTION('center_axis',(6.123233995737E-17,1.,0.));
#2099=DIRECTION('ref_axis',(0.,0.,1.));
#2100=DIRECTION('center_axis',(-1.,1.224646799147E-16,0.));
#2101=DIRECTION('ref_axis',(0.,0.,1.));
#2102=DIRECTION('center_axis',(-1.836970198721E-16,-1.,0.));
#2103=DIRECTION('ref_axis',(0.,0.,1.));
#2104=DIRECTION('center_axis',(1.224646799147E-16,1.,-6.123233995737E-17));
#2105=DIRECTION('ref_axis',(-6.123233995737E-17,6.123233995737E-17,1.));
#2106=DIRECTION('center_axis',(1.224646799147E-16,1.,-6.123233995737E-17));
#2107=DIRECTION('ref_axis',(-6.123233995737E-17,6.123233995737E-17,1.));
#2108=DIRECTION('center_axis',(1.224646799147E-16,1.,-6.123233995737E-17));
#2109=DIRECTION('ref_axis',(-6.123233995737E-17,6.123233995737E-17,1.));
#2110=DIRECTION('center_axis',(1.224646799147E-16,1.,-6.123233995737E-17));
#2111=DIRECTION('ref_axis',(-6.123233995737E-17,6.123233995737E-17,1.));
#2112=DIRECTION('center_axis',(-1.224646799147E-16,-1.,6.123233995737E-17));
#2113=DIRECTION('ref_axis',(-6.123233995737E-17,6.123233995737E-17,1.));
#2114=DIRECTION('center_axis',(1.224646799147E-16,1.,-6.123233995737E-17));
#2115=DIRECTION('ref_axis',(-6.123233995737E-17,6.123233995737E-17,1.));
#2116=DIRECTION('',(-1.224646799147E-16,-1.,6.123233995737E-17));
#2117=DIRECTION('center_axis',(-1.224646799147E-16,-1.,6.123233995737E-17));
#2118=DIRECTION('ref_axis',(-6.123233995737E-17,6.123233995737E-17,1.));
#2119=DIRECTION('center_axis',(1.224646799147E-16,1.,-6.123233995737E-17));
#2120=DIRECTION('ref_axis',(-6.123233995737E-17,6.123233995737E-17,1.));
#2121=DIRECTION('',(-1.224646799147E-16,-1.,6.123233995737E-17));
#2122=DIRECTION('center_axis',(-1.224646799147E-16,-1.,6.123233995737E-17));
#2123=DIRECTION('ref_axis',(-6.123233995737E-17,6.123233995737E-17,1.));
#2124=DIRECTION('center_axis',(1.224646799147E-16,1.,-6.123233995737E-17));
#2125=DIRECTION('ref_axis',(-6.123233995737E-17,6.123233995737E-17,1.));
#2126=DIRECTION('center_axis',(-1.,1.224646799147E-16,0.));
#2127=DIRECTION('ref_axis',(7.49879891330741E-33,6.123233995737E-17,-1.));
#2128=DIRECTION('center_axis',(7.498798913309E-33,6.123233995737E-17,-1.));
#2129=DIRECTION('ref_axis',(1.,-1.224646799147E-16,1.58877687214952E-45));
#2130=DIRECTION('center_axis',(1.224646799147E-16,1.,-6.123233995737E-17));
#2131=DIRECTION('ref_axis',(-6.123233995737E-17,6.123233995737E-17,1.));
#2132=DIRECTION('center_axis',(0.,1.,0.));
#2133=DIRECTION('ref_axis',(1.,0.,0.));
#2134=DIRECTION('center_axis',(0.,1.,0.));
#2135=DIRECTION('ref_axis',(1.,0.,0.));
#2136=DIRECTION('center_axis',(-6.123233995737E-17,1.836970198721E-16,-1.));
#2137=DIRECTION('ref_axis',(-1.,1.836970198721E-16,6.12323399573701E-17));
#2138=CARTESIAN_POINT('',(0.,0.,0.));
#2139=CARTESIAN_POINT('Origin',(3.1242,-9.49323454355898E-15,123.0122));
#2140=CARTESIAN_POINT('',(3.1242,-9.5173868785994E-15,123.0122));
#2141=CARTESIAN_POINT('',(3.1242,1.2192,123.0122));
#2142=CARTESIAN_POINT('',(3.1242,-9.49323454355898E-15,123.0122));
#2143=CARTESIAN_POINT('',(15.0368,-1.0952107289511E-14,123.0122));
#2144=CARTESIAN_POINT('',(3.1242,-9.49323454355898E-15,123.0122));
#2145=CARTESIAN_POINT('',(15.0368,1.2192,123.0122));
#2146=CARTESIAN_POINT('',(15.0368,-1.0952107289511E-14,123.0122));
#2147=CARTESIAN_POINT('',(3.1242,1.2192,123.0122));
#2148=CARTESIAN_POINT('Origin',(1.77716200586143,1.77716200585664,123.0122));
#2149=CARTESIAN_POINT('',(1.2192,3.1242,123.0122));
#2150=CARTESIAN_POINT('Origin',(3.12420144769418,3.12420144769418,123.0122));
#2151=CARTESIAN_POINT('',(-6.81227905733234E-15,3.1242,123.0122));
#2152=CARTESIAN_POINT('',(-6.9885269624914E-15,3.1242,123.0122));
#2153=CARTESIAN_POINT('Origin',(3.12419999999999,3.12420000000001,123.0122));
#2154=CARTESIAN_POINT('Origin',(3.1242,3.1242,3.1242));
#2155=CARTESIAN_POINT('',(3.1242,1.2192,1.7272));
#2156=CARTESIAN_POINT('',(3.1242,1.2192,1.7272));
#2157=CARTESIAN_POINT('',(1.2192,3.1242,3.1242));
#2158=CARTESIAN_POINT('Ctrl Pts',(3.1242,1.2192,1.7272));
#2159=CARTESIAN_POINT('Ctrl Pts',(2.87403693335273,1.2192,1.8439855564913));
#2160=CARTESIAN_POINT('Ctrl Pts',(2.62630712791511,1.26847682919954,1.95966091616936));
#2161=CARTESIAN_POINT('Ctrl Pts',(2.16406820689054,1.45994247828446,2.19323944097432));
#2162=CARTESIAN_POINT('Ctrl Pts',(1.9540530458757,1.60027011780454,2.30891066879269));
#2163=CARTESIAN_POINT('Ctrl Pts',(1.60027011780771,1.95405304587055,2.54248933120457));
#2164=CARTESIAN_POINT('Ctrl Pts',(1.45994247828472,2.16406820688902,2.65816055901881));
#2165=CARTESIAN_POINT('Ctrl Pts',(1.26847682920076,2.62630712791307,2.89173908382667));
#2166=CARTESIAN_POINT('Ctrl Pts',(1.2192,2.87403693334998,3.00741444352843));
#2167=CARTESIAN_POINT('Ctrl Pts',(1.2192,3.1242,3.1242));
#2168=CARTESIAN_POINT('',(1.2192,3.1242,123.0122));
#2169=CARTESIAN_POINT('Origin',(1.77716200585664,406.4,1.77716200586143));
#2170=CARTESIAN_POINT('',(1.2192,406.4,3.1242));
#2171=CARTESIAN_POINT('',(3.1242,406.4,1.2192));
#2172=CARTESIAN_POINT('Origin',(3.12420144769418,406.4,3.12420144769418));
#2173=CARTESIAN_POINT('',(3.1242,406.4,1.76247905159238E-16));
#2174=CARTESIAN_POINT('',(3.1242,406.4,0.));
#2175=CARTESIAN_POINT('',(2.50272025326119E-14,406.4,3.1242));
#2176=CARTESIAN_POINT('Origin',(3.12420000000002,406.4,3.1242));
#2177=CARTESIAN_POINT('',(1.2192,406.4,3.1242));
#2178=CARTESIAN_POINT('Origin',(3.1242,0.,3.1242));
#2179=CARTESIAN_POINT('',(3.1242,-1.76247905159238E-16,1.76247905159238E-16));
#2180=CARTESIAN_POINT('',(3.1242,406.4,0.));
#2181=CARTESIAN_POINT('',(7.04991620637002E-16,3.1242,3.1242));
#2182=CARTESIAN_POINT('Ctrl Pts',(3.1242,3.46944695195361E-17,2.6779793660392E-16));
#2183=CARTESIAN_POINT('Ctrl Pts',(2.91955640618775,0.130275476483576,2.98097653428357E-16));
#2184=CARTESIAN_POINT('Ctrl Pts',(2.71540800390948,0.260245980332543,0.0201070777347962));
#2185=CARTESIAN_POINT('Ctrl Pts',(2.31398835201517,0.520804731548366,0.0999544300038586));
#2186=CARTESIAN_POINT('Ctrl Pts',(2.11768533147277,0.650770505396557,0.159502302053192));
#2187=CARTESIAN_POINT('Ctrl Pts',(1.54957949771693,1.04223666654142,0.394819479991275));
#2188=CARTESIAN_POINT('Ctrl Pts',(1.20515794635882,1.30091807475034,0.62495743285865));
#2189=CARTESIAN_POINT('Ctrl Pts',(0.624957432856836,1.82328192525129,1.20515794636063));
#2190=CARTESIAN_POINT('Ctrl Pts',(0.394819479988421,2.08196333346179,1.54957949772121));
#2191=CARTESIAN_POINT('Ctrl Pts',(0.159502302050461,2.47342949460875,2.11768533148067));
#2192=CARTESIAN_POINT('Ctrl Pts',(0.0999544300014634,2.60339526845734,2.31398835202393));
#2193=CARTESIAN_POINT('Ctrl Pts',(0.0201070777348464,2.86395401966941,2.71540800391251));
#2194=CARTESIAN_POINT('Ctrl Pts',(3.29255374380152E-16,2.99392452353223,
2.91955640618765));
#2195=CARTESIAN_POINT('Ctrl Pts',(3.39355279987963E-16,3.1242,3.1242));
#2196=CARTESIAN_POINT('',(3.52495810318374E-16,3.1242,3.1242));
#2197=CARTESIAN_POINT('Origin',(410.4132,3.1242,3.1242));
#2198=CARTESIAN_POINT('',(17.5768,3.1242,1.76247905159238E-16));
#2199=CARTESIAN_POINT('',(17.5768,4.82919260136434E-14,3.1242));
#2200=CARTESIAN_POINT('Origin',(17.5768000000001,3.12420000000005,3.1242));
#2201=CARTESIAN_POINT('',(410.4132,3.1242,0.));
#2202=CARTESIAN_POINT('',(17.5768,3.1242,0.));
#2203=CARTESIAN_POINT('',(410.4132,3.52495810318374E-16,3.1242));
#2204=CARTESIAN_POINT('Origin',(410.4132,3.1242,3.1242));
#2205=CARTESIAN_POINT('',(410.4132,3.52495810318374E-16,3.1242));
#2206=CARTESIAN_POINT('Origin',(410.4132,1.77716200585664,1.77716200586143));
#2207=CARTESIAN_POINT('',(410.4132,1.2192,3.1242));
#2208=CARTESIAN_POINT('',(410.4132,3.1242,1.2192));
#2209=CARTESIAN_POINT('Origin',(410.4132,3.12420144769418,3.12420144769418));
#2210=CARTESIAN_POINT('',(410.4132,3.52495810318374E-16,3.1242));
#2211=CARTESIAN_POINT('',(410.4132,3.1242,1.2192));
#2212=CARTESIAN_POINT('Origin',(213.995000000178,203.094603617702,0.));
#2213=CARTESIAN_POINT('',(15.7988,0.,0.));
#2214=CARTESIAN_POINT('',(3.1242,0.,0.));
#2215=CARTESIAN_POINT('',(424.8658,406.4,0.));
#2216=CARTESIAN_POINT('',(424.8658,406.4,0.));
#2217=CARTESIAN_POINT('',(424.8658,0.,1.76247905159238E-16));
#2218=CARTESIAN_POINT('',(424.8658,0.,0.));
#2219=CARTESIAN_POINT('',(412.1912,-8.81239525796316E-17,0.));
#2220=CARTESIAN_POINT('',(412.1912,-8.81239525796316E-17,0.));
#2221=CARTESIAN_POINT('',(411.6832,0.508,0.));
#2222=CARTESIAN_POINT('Origin',(412.191199998527,0.507999998538992,0.));
#2223=CARTESIAN_POINT('',(411.6832,3.429,0.));
#2224=CARTESIAN_POINT('',(411.6832,3.429,0.));
#2225=CARTESIAN_POINT('',(410.4132,3.429,0.));
#2226=CARTESIAN_POINT('',(410.4132,3.429,0.));
#2227=CARTESIAN_POINT('',(410.4132,3.1242,0.));
#2228=CARTESIAN_POINT('',(17.5768,3.429,0.));
#2229=CARTESIAN_POINT('',(17.5768,3.429,0.));
#2230=CARTESIAN_POINT('',(16.3068,3.429,0.));
#2231=CARTESIAN_POINT('',(16.3068,3.429,0.));
#2232=CARTESIAN_POINT('',(16.3068,0.508,0.));
#2233=CARTESIAN_POINT('',(16.3068,0.508,0.));
#2234=CARTESIAN_POINT('Origin',(15.7988000014732,0.507999998538992,0.));
#2235=CARTESIAN_POINT('',(34.0741,397.5989,0.));
#2236=CARTESIAN_POINT('Origin',(36.1442,397.5989,0.));
#2237=CARTESIAN_POINT('',(389.7757,397.5989,0.));
#2238=CARTESIAN_POINT('Origin',(391.8458,397.5989,0.));
#2239=CARTESIAN_POINT('',(211.9249,397.5989,0.));
#2240=CARTESIAN_POINT('Origin',(213.995,397.5989,0.));
#2241=CARTESIAN_POINT('Origin',(36.1442,397.5989,0.));
#2242=CARTESIAN_POINT('',(34.0741,397.5989,1.2192));
#2243=CARTESIAN_POINT('Origin',(36.1442,397.5989,1.2192));
#2244=CARTESIAN_POINT('',(34.0741,397.5989,0.));
#2245=CARTESIAN_POINT('Origin',(213.995000000178,203.094603617702,1.2192));
#2246=CARTESIAN_POINT('',(3.1242,-1.76247905159238E-16,1.2192));
#2247=CARTESIAN_POINT('',(15.7988,0.,1.2192));
#2248=CARTESIAN_POINT('',(3.1242,0.,1.2192));
#2249=CARTESIAN_POINT('',(16.3068,0.508,1.2192));
#2250=CARTESIAN_POINT('Origin',(15.7988000014732,0.507999998538992,1.2192));
#2251=CARTESIAN_POINT('',(16.3068,3.429,1.2192));
#2252=CARTESIAN_POINT('',(16.3068,0.508,1.2192));
#2253=CARTESIAN_POINT('',(17.5768,3.429,1.2192));
#2254=CARTESIAN_POINT('',(16.3068,3.429,1.2192));
#2255=CARTESIAN_POINT('',(17.5768,3.1242,1.2192));
#2256=CARTESIAN_POINT('',(17.5768,3.429,1.2192));
#2257=CARTESIAN_POINT('',(17.5768,3.1242,1.2192));
#2258=CARTESIAN_POINT('',(410.4132,3.429,1.2192));
#2259=CARTESIAN_POINT('',(410.4132,3.1242,1.2192));
#2260=CARTESIAN_POINT('',(411.6832,3.429,1.2192));
#2261=CARTESIAN_POINT('',(410.4132,3.429,1.2192));
#2262=CARTESIAN_POINT('',(411.6832,0.508,1.2192));
#2263=CARTESIAN_POINT('',(411.6832,3.429,1.2192));
#2264=CARTESIAN_POINT('',(412.1912,-8.81239525796316E-17,1.2192));
#2265=CARTESIAN_POINT('Origin',(412.191199998527,0.507999998538992,1.2192));
#2266=CARTESIAN_POINT('',(424.8658,-9.02389274415454E-14,1.2192));
#2267=CARTESIAN_POINT('',(412.1912,-8.81239525796316E-17,1.2192));
#2268=CARTESIAN_POINT('',(424.8658,406.4,1.2192));
#2269=CARTESIAN_POINT('',(424.8658,0.,1.2192));
#2270=CARTESIAN_POINT('',(424.8658,406.4,1.2192));
#2271=CARTESIAN_POINT('',(3.1242,406.4,1.2192));
#2272=CARTESIAN_POINT('',(389.7757,397.5989,1.2192));
#2273=CARTESIAN_POINT('Origin',(391.8458,397.5989,1.2192));
#2274=CARTESIAN_POINT('',(211.9249,397.5989,1.2192));
#2275=CARTESIAN_POINT('Origin',(213.995,397.5989,1.2192));
#2276=CARTESIAN_POINT('Origin',(391.8458,397.5989,0.));
#2277=CARTESIAN_POINT('',(389.7757,397.5989,0.));
#2278=CARTESIAN_POINT('Origin',(424.8658,406.4,3.1242));
#2279=CARTESIAN_POINT('',(426.7708,3.1242,3.1242));
#2280=CARTESIAN_POINT('Ctrl Pts',(426.7708,3.1242,3.1242));
#2281=CARTESIAN_POINT('Ctrl Pts',(426.7708,2.8630235561853,2.87403552336253));
#2282=CARTESIAN_POINT('Ctrl Pts',(426.721522595575,2.60433129084488,2.62630573919765));
#2283=CARTESIAN_POINT('Ctrl Pts',(426.530057536881,2.08196638247245,2.16406824350431));
#2284=CARTESIAN_POINT('Ctrl Pts',(426.389729911984,1.82328345740666,1.95405307566313));
#2285=CARTESIAN_POINT('Ctrl Pts',(426.035946924339,1.30091654259539,1.60027008801804));
#2286=CARTESIAN_POINT('Ctrl Pts',(425.825931756499,1.04223361752453,1.45994246312115));
#2287=CARTESIAN_POINT('Ctrl Pts',(425.363694260797,0.519868709155272,1.2684774044218));
#2288=CARTESIAN_POINT('Ctrl Pts',(425.115964476631,0.261176443839445,1.21920000000001));
#2289=CARTESIAN_POINT('Ctrl Pts',(424.8658,0.,1.2192));
#2290=CARTESIAN_POINT('',(426.7708,406.4,3.1242));
#2291=CARTESIAN_POINT('',(426.7708,406.4,3.1242));
#2292=CARTESIAN_POINT('Origin',(424.865798552307,406.4,3.12420144769329));
#2293=CARTESIAN_POINT('Ctrl Pts',(424.8658,1.2192711632682,1.7272));
#2294=CARTESIAN_POINT('Ctrl Pts',(424.8658,-4.10239479855816E-6,1.7272));
#2295=CARTESIAN_POINT('Ctrl Pts',(424.932296950003,1.21925224704801,1.75824444444439));
#2296=CARTESIAN_POINT('Ctrl Pts',(424.974859215232,-3.51261954084814E-5,
1.75824444444439));
#2297=CARTESIAN_POINT('Ctrl Pts',(425.065282418209,1.22624960214755,1.82033333333342));
#2298=CARTESIAN_POINT('Ctrl Pts',(425.192963816978,0.011440979938197,1.82033333333342));
#2299=CARTESIAN_POINT('Ctrl Pts',(425.262581814894,1.25748739842264,1.91346666666658));
#2300=CARTESIAN_POINT('Ctrl Pts',(425.51654734025,0.0626729469233616,1.91346666666658));
#2301=CARTESIAN_POINT('Ctrl Pts',(425.455532174186,1.30919137685512,2.0066));
#2302=CARTESIAN_POINT('Ctrl Pts',(425.832998166365,0.147470750607246,2.0066));
#2303=CARTESIAN_POINT('Ctrl Pts',(425.642021790094,1.38077719464317,2.09973333333342));
#2304=CARTESIAN_POINT('Ctrl Pts',(426.138852963563,0.264876031735833,2.09973333333342));
#2305=CARTESIAN_POINT('Ctrl Pts',(425.820006827564,1.47146532900003,2.19286666666658));
#2306=CARTESIAN_POINT('Ctrl Pts',(426.430759712786,0.413610323502086,2.19286666666658));
#2307=CARTESIAN_POINT('Ctrl Pts',(425.987537409846,1.58026089928924,2.286));
#2308=CARTESIAN_POINT('Ctrl Pts',(426.705520492505,0.5920419585667,2.286));
#2309=CARTESIAN_POINT('Ctrl Pts',(426.142777994399,1.70597226189787,2.37913333333342));
#2310=CARTESIAN_POINT('Ctrl Pts',(426.960124896459,0.798216565830937,2.37913333333342));
#2311=CARTESIAN_POINT('Ctrl Pts',(426.284027738105,1.84722200560027,2.47226666666658));
#2312=CARTESIAN_POINT('Ctrl Pts',(427.191783434158,1.0298751035298,2.47226666666658));
#2313=CARTESIAN_POINT('Ctrl Pts',(426.409739100705,2.00246259014428,2.5654));
#2314=CARTESIAN_POINT('Ctrl Pts',(427.397958041431,1.28447950750472,2.5654));
#2315=CARTESIAN_POINT('Ctrl Pts',(426.518534671003,2.16999317243681,2.6585333333418));
#2316=CARTESIAN_POINT('Ctrl Pts',(427.576389676499,1.55924028721612,2.6585333333418));
#2317=CARTESIAN_POINT('Ctrl Pts',(426.60922280535,2.34797820991257,2.7516666666582));
#2318=CARTESIAN_POINT('Ctrl Pts',(427.725123968263,1.85114703644688,2.7516666666582));
#2319=CARTESIAN_POINT('Ctrl Pts',(426.68080862314,2.53446782580917,2.8448));
#2320=CARTESIAN_POINT('Ctrl Pts',(427.84252924939,2.15700183364663,2.8448));
#2321=CARTESIAN_POINT('Ctrl Pts',(426.732512601585,2.72741818510637,2.9379333333418));
#2322=CARTESIAN_POINT('Ctrl Pts',(427.927327053068,2.4734526597516,2.9379333333418));
#2323=CARTESIAN_POINT('Ctrl Pts',(426.763750397848,2.92471758179123,3.0310666666582));
#2324=CARTESIAN_POINT('Ctrl Pts',(427.978559020061,2.79703618302214,3.0310666666582));
#2325=CARTESIAN_POINT('Ctrl Pts',(426.770747752955,3.05770304999734,3.0931555555612));
#2326=CARTESIAN_POINT('Ctrl Pts',(427.990035126199,3.01514078476806,3.0931555555612));
#2327=CARTESIAN_POINT('Ctrl Pts',(426.770728836732,3.1242,3.1242));
#2328=CARTESIAN_POINT('Ctrl Pts',(427.990004102395,3.1242,3.1242));
#2329=CARTESIAN_POINT('',(424.8658,1.2192,1.7272));
#2330=CARTESIAN_POINT('Ctrl Pts',(424.8658,1.21920000000002,1.72719999999997));
#2331=CARTESIAN_POINT('Ctrl Pts',(425.115963066648,1.21920000000002,1.84398555649151));
#2332=CARTESIAN_POINT('Ctrl Pts',(425.363692872086,1.2684768291997,1.95966091617194));
#2333=CARTESIAN_POINT('Ctrl Pts',(425.825931793111,1.4599424782855,2.19323944097093));
#2334=CARTESIAN_POINT('Ctrl Pts',(426.035946954125,1.60027011780544,2.30891066879445));
#2335=CARTESIAN_POINT('Ctrl Pts',(426.389729882192,1.95405304587049,2.54248933120304));
#2336=CARTESIAN_POINT('Ctrl Pts',(426.530057521715,2.16406820688831,2.65816055901939));
#2337=CARTESIAN_POINT('Ctrl Pts',(426.721523170799,2.62630712791176,2.89173908382709));
#2338=CARTESIAN_POINT('Ctrl Pts',(426.7708,2.87403693334949,3.00741444352821));
#2339=CARTESIAN_POINT('Ctrl Pts',(426.7708,3.1242,3.1242));
#2340=CARTESIAN_POINT('',(427.99,3.1242,3.1242));
#2341=CARTESIAN_POINT('',(426.7708,3.1242,3.1242));
#2342=CARTESIAN_POINT('',(424.8658,5.99242877541312E-15,1.7272));
#2343=CARTESIAN_POINT('Ctrl Pts',(424.8658,2.30794116456989E-14,1.72720000000001));
#2344=CARTESIAN_POINT('Ctrl Pts',(425.263253939618,2.27912329135264E-14,
1.84033810505117));
#2345=CARTESIAN_POINT('Ctrl Pts',(425.657080826718,0.07584484789781,1.95246671465991));
#2346=CARTESIAN_POINT('Ctrl Pts',(426.418935910508,0.380589162095257,2.18604877878917));
#2347=CARTESIAN_POINT('Ctrl Pts',(426.775776708636,0.615892087865516,2.30526180438767));
#2348=CARTESIAN_POINT('Ctrl Pts',(427.374107912135,1.21422329136162,2.54613819561616));
#2349=CARTESIAN_POINT('Ctrl Pts',(427.609410837911,1.57106408950062,2.66535122120348));
#2350=CARTESIAN_POINT('Ctrl Pts',(427.914155152104,2.33291917329375,2.89893328533993));
#2351=CARTESIAN_POINT('Ctrl Pts',(427.99,2.72674606038639,3.01106189497053));
#2352=CARTESIAN_POINT('Ctrl Pts',(427.99,3.1242,3.1242));
#2353=CARTESIAN_POINT('',(424.8658,1.2192,1.7272));
#2354=CARTESIAN_POINT('Origin',(424.8658,3.1242,123.0122));
#2355=CARTESIAN_POINT('',(424.8658,1.2192,123.0122));
#2356=CARTESIAN_POINT('',(424.8658,1.2192,123.0122));
#2357=CARTESIAN_POINT('',(426.7708,3.1242,123.0122));
#2358=CARTESIAN_POINT('Origin',(424.865798552307,3.1242014476933,123.0122));
#2359=CARTESIAN_POINT('',(426.7708,3.1242,3.1242));
#2360=CARTESIAN_POINT('Origin',(426.7708,204.652485845264,63.0355190349836));
#2361=CARTESIAN_POINT('',(426.7708,405.13,123.0122));
#2362=CARTESIAN_POINT('',(426.7708,3.1242,123.0122));
#2363=CARTESIAN_POINT('',(426.7708,406.4,121.7422));
#2364=CARTESIAN_POINT('Origin',(426.7708,405.13000000066,121.74220000066));
#2365=CARTESIAN_POINT('',(426.7708,406.4,121.7422));
#2366=CARTESIAN_POINT('',(426.7708,15.4051,116.7003));
#2367=CARTESIAN_POINT('Origin',(426.7708,12.7,116.7003));
#2368=CARTESIAN_POINT('',(426.7708,205.9051,116.7003));
#2369=CARTESIAN_POINT('Origin',(426.7708,203.2,116.7003));
#2370=CARTESIAN_POINT('',(426.7708,396.4051,116.7003));
#2371=CARTESIAN_POINT('Origin',(426.7708,393.7,116.7003));
#2372=CARTESIAN_POINT('Origin',(427.99,393.7,116.7003));
#2373=CARTESIAN_POINT('',(427.99,396.4051,116.7003));
#2374=CARTESIAN_POINT('',(427.99,396.4051,116.7003));
#2375=CARTESIAN_POINT('Origin',(427.99,393.7,116.7003));
#2376=CARTESIAN_POINT('Origin',(427.99,405.13000000066,121.74220000066));
#2377=CARTESIAN_POINT('',(427.99,405.13,123.0122));
#2378=CARTESIAN_POINT('',(427.99,405.13,123.0122));
#2379=CARTESIAN_POINT('',(427.99,406.4,121.7422));
#2380=CARTESIAN_POINT('Origin',(427.99,405.13000000066,121.74220000066));
#2381=CARTESIAN_POINT('',(427.99,406.4,121.7422));
#2382=CARTESIAN_POINT('Origin',(410.4132,3.1242,0.));
#2383=CARTESIAN_POINT('',(410.4132,3.429,0.));
#2384=CARTESIAN_POINT('Origin',(412.1912,-8.81239525796316E-17,0.));
#2385=CARTESIAN_POINT('',(412.1912,-8.81239525796316E-17,0.));
#2386=CARTESIAN_POINT('',(424.8658,0.,0.));
#2387=CARTESIAN_POINT('Origin',(17.5768,3.429,0.));
#2388=CARTESIAN_POINT('',(17.5768,3.429,0.));
#2389=CARTESIAN_POINT('',(17.5768,3.1242,0.));
#2390=CARTESIAN_POINT('Origin',(16.3068,0.508,0.));
#2391=CARTESIAN_POINT('',(16.3068,0.508,0.));
#2392=CARTESIAN_POINT('',(16.3068,3.429,0.));
#2393=CARTESIAN_POINT('Origin',(427.99,406.4,121.7422));
#2394=CARTESIAN_POINT('',(427.99,406.4,3.1242));
#2395=CARTESIAN_POINT('',(427.99,406.4,121.7422));
#2396=CARTESIAN_POINT('',(427.99,406.4,3.1242));
#2397=CARTESIAN_POINT('Origin',(426.212837994139,1.77716200585664,123.0122));
#2398=CARTESIAN_POINT('',(424.8658,-1.62148072746513E-14,123.0122));
#2399=CARTESIAN_POINT('',(424.8658,-1.62148072746513E-14,123.0122));
#2400=CARTESIAN_POINT('',(427.99,3.1242,123.0122));
#2401=CARTESIAN_POINT('Origin',(424.8658,3.12420000000005,123.0122));
#2402=CARTESIAN_POINT('',(427.99,3.1242,123.0122));
#2403=CARTESIAN_POINT('Origin',(213.995000000152,2.42833423114098E-14,5.1402178658226));
#2404=CARTESIAN_POINT('',(410.4132,2.0940807830612E-16,5.461));
#2405=CARTESIAN_POINT('',(410.4132,2.0940807830612E-16,5.461));
#2406=CARTESIAN_POINT('',(409.1432,2.8717315005184E-16,6.731));
#2407=CARTESIAN_POINT('Origin',(409.143200000635,3.64938221678866E-16,5.4610000006604));
#2408=CARTESIAN_POINT('',(224.79,2.28639287793103E-14,6.731));
#2409=CARTESIAN_POINT('',(224.79,2.28639287793103E-14,6.731));
#2410=CARTESIAN_POINT('',(223.52,2.29416938510544E-14,8.001));
#2411=CARTESIAN_POINT('Origin',(224.78999999934,2.2786163707683E-14,8.0009999993396));
#2412=CARTESIAN_POINT('',(223.52,2.2708398635817E-14,11.811));
#2413=CARTESIAN_POINT('',(223.52,2.2708398635817E-14,11.811));
#2414=CARTESIAN_POINT('',(222.25,2.27861637075637E-14,13.081));
#2415=CARTESIAN_POINT('Origin',(222.250000000635,2.28639287791909E-14,11.811000000635));
#2416=CARTESIAN_POINT('',(205.74,2.48080555729565E-14,13.081));
#2417=CARTESIAN_POINT('',(205.74,2.48080555729565E-14,13.081));
#2418=CARTESIAN_POINT('',(204.47,2.50413507881939E-14,11.811));
#2419=CARTESIAN_POINT('Origin',(205.73999999934,2.48858206447413E-14,11.8110000006604));
#2420=CARTESIAN_POINT('',(204.47,2.52746460034314E-14,8.001));
#2421=CARTESIAN_POINT('',(204.47,2.52746460034314E-14,8.001));
#2422=CARTESIAN_POINT('',(203.2,2.55079412186612E-14,6.731));
#2423=CARTESIAN_POINT('Origin',(203.200000000635,2.54301761468866E-14,8.0009999993396));
#2424=CARTESIAN_POINT('',(18.8468,4.80846968479146E-14,6.731));
#2425=CARTESIAN_POINT('',(18.8468,4.80846968479146E-14,6.731));
#2426=CARTESIAN_POINT('',(17.5768,4.83179920631622E-14,5.461));
#2427=CARTESIAN_POINT('Origin',(18.8467999993396,4.81624619197146E-14,5.4610000006604));
#2428=CARTESIAN_POINT('',(17.5768,4.84610797951726E-14,3.1242));
#2429=CARTESIAN_POINT('',(216.4715,2.37893331330856E-14,8.255));
#2430=CARTESIAN_POINT('Origin',(213.995,2.40926169128943E-14,8.255));
#2431=CARTESIAN_POINT('Origin',(18.8467999993396,4.81624619197146E-14,5.4610000006604));
#2432=CARTESIAN_POINT('',(17.5768,1.2192,5.461));
#2433=CARTESIAN_POINT('',(17.5768,4.83179920631622E-14,5.461));
#2434=CARTESIAN_POINT('',(18.8468,1.2192,6.731));
#2435=CARTESIAN_POINT('',(18.8468,4.80846968479146E-14,6.731));
#2436=CARTESIAN_POINT('Origin',(18.8467999993396,1.2192,5.4610000006604));
#2437=CARTESIAN_POINT('Origin',(203.200000000635,2.54301761468866E-14,8.0009999993396));
#2438=CARTESIAN_POINT('',(204.47,1.2192,8.001));
#2439=CARTESIAN_POINT('',(204.47,2.52746460034314E-14,8.001));
#2440=CARTESIAN_POINT('',(203.2,1.2192,6.731));
#2441=CARTESIAN_POINT('Origin',(203.200000000635,1.2192,8.0009999993396));
#2442=CARTESIAN_POINT('',(203.2,2.55079412186612E-14,6.731));
#2443=CARTESIAN_POINT('Origin',(223.52,2.2708398635817E-14,11.811));
#2444=CARTESIAN_POINT('',(223.52,1.2192,11.811));
#2445=CARTESIAN_POINT('',(223.52,2.2708398635817E-14,11.811));
#2446=CARTESIAN_POINT('',(223.52,1.2192,8.001));
#2447=CARTESIAN_POINT('',(223.52,2.29416938510544E-14,8.001));
#2448=CARTESIAN_POINT('',(223.52,1.2192,11.811));
#2449=CARTESIAN_POINT('Origin',(224.79,2.28639287793103E-14,6.731));
#2450=CARTESIAN_POINT('',(224.79,1.2192,6.731));
#2451=CARTESIAN_POINT('',(224.79,2.28639287793103E-14,6.731));
#2452=CARTESIAN_POINT('',(409.1432,1.2192,6.731));
#2453=CARTESIAN_POINT('',(409.1432,2.8717315005184E-16,6.731));
#2454=CARTESIAN_POINT('',(224.79,1.2192,6.731));
#2455=CARTESIAN_POINT('Origin',(213.995,2.40926169128943E-14,8.255));
#2456=CARTESIAN_POINT('',(216.4715,1.2192,8.255));
#2457=CARTESIAN_POINT('Origin',(213.995,1.2192,8.255));
#2458=CARTESIAN_POINT('',(216.4715,2.37893331330856E-14,8.255));
#2459=CARTESIAN_POINT('Origin',(15.7988000014732,0.507999998538992,0.));
#2460=CARTESIAN_POINT('',(15.7988,0.,0.));
#2461=CARTESIAN_POINT('Origin',(426.212837994144,406.4,1.77716200586143));
#2462=CARTESIAN_POINT('Origin',(424.8658,406.4,3.12420000000009));
#2463=CARTESIAN_POINT('',(424.8658,406.4,0.));
#2464=CARTESIAN_POINT('Origin',(412.191199998527,0.507999998538992,0.));
#2465=CARTESIAN_POINT('',(411.6832,0.508,0.));
#2466=CARTESIAN_POINT('Ctrl Pts',(3.1242,1.21927116325868,1.7272));
#2467=CARTESIAN_POINT('Ctrl Pts',(3.1242,-4.10239087875125E-6,1.7272));
#2468=CARTESIAN_POINT('Ctrl Pts',(3.05770304999701,1.21925224703848,1.75824444444439));
#2469=CARTESIAN_POINT('Ctrl Pts',(3.0151407847682,-3.51261914889895E-5,
1.75824444444439));
#2470=CARTESIAN_POINT('Ctrl Pts',(2.92471758179024,1.22624960213806,1.82033333333342));
#2471=CARTESIAN_POINT('Ctrl Pts',(2.79703618302255,0.0114409799421024,1.82033333333342));
#2472=CARTESIAN_POINT('Ctrl Pts',(2.72741818510438,1.25748739841331,1.91346666666658));
#2473=CARTESIAN_POINT('Ctrl Pts',(2.47345265975242,0.0626729469271998,1.91346666666658));
#2474=CARTESIAN_POINT('Ctrl Pts',(2.53446782580622,1.30919137684604,2.0066));
#2475=CARTESIAN_POINT('Ctrl Pts',(2.15700183364785,0.147470750610977,2.0066));
#2476=CARTESIAN_POINT('Ctrl Pts',(2.34797820990869,1.38077719463445,2.09973333333342));
#2477=CARTESIAN_POINT('Ctrl Pts',(1.85114703644849,0.264876031739441,2.09973333333342));
#2478=CARTESIAN_POINT('Ctrl Pts',(2.16999317243204,1.47146532899176,2.19286666666658));
#2479=CARTESIAN_POINT('Ctrl Pts',(1.5592402872181,0.413610323505506,2.19286666666658));
#2480=CARTESIAN_POINT('Ctrl Pts',(2.00246259013866,1.58026089928152,2.286));
#2481=CARTESIAN_POINT('Ctrl Pts',(1.28447950750704,0.592041958569896,2.286));
#2482=CARTESIAN_POINT('Ctrl Pts',(1.84722200559388,1.70597226189078,2.37913333333342));
#2483=CARTESIAN_POINT('Ctrl Pts',(1.02987510353244,0.798216565833873,2.37913333333342));
#2484=CARTESIAN_POINT('Ctrl Pts',(1.70597226189078,1.84722200559388,2.47226666666658));
#2485=CARTESIAN_POINT('Ctrl Pts',(0.798216565833873,1.02987510353244,2.47226666666658));
#2486=CARTESIAN_POINT('Ctrl Pts',(1.58026089928152,2.00246259013866,2.5654));
#2487=CARTESIAN_POINT('Ctrl Pts',(0.592041958569896,1.28447950750678,2.5654));
#2488=CARTESIAN_POINT('Ctrl Pts',(1.47146532899176,2.16999317243204,2.6585333333418));
#2489=CARTESIAN_POINT('Ctrl Pts',(0.413610323505506,1.5592402872181,2.6585333333418));
#2490=CARTESIAN_POINT('Ctrl Pts',(1.38077719463445,2.34797820990869,2.7516666666582));
#2491=CARTESIAN_POINT('Ctrl Pts',(0.264876031739441,1.85114703644849,2.7516666666582));
#2492=CARTESIAN_POINT('Ctrl Pts',(1.30919137684604,2.53446782580622,2.8448));
#2493=CARTESIAN_POINT('Ctrl Pts',(0.147470750611002,2.15700183364785,2.8448));
#2494=CARTESIAN_POINT('Ctrl Pts',(1.25748739841331,2.72741818510438,2.9379333333418));
#2495=CARTESIAN_POINT('Ctrl Pts',(0.0626729469272252,2.47345265975242,2.9379333333418));
#2496=CARTESIAN_POINT('Ctrl Pts',(1.22624960213806,2.92471758179024,3.0310666666582));
#2497=CARTESIAN_POINT('Ctrl Pts',(0.0114409799421202,2.79703618302255,3.0310666666582));
#2498=CARTESIAN_POINT('Ctrl Pts',(1.21925224703848,3.05770304999701,3.0931555555612));
#2499=CARTESIAN_POINT('Ctrl Pts',(-3.51261914715651E-5,3.0151407847682,
3.0931555555612));
#2500=CARTESIAN_POINT('Ctrl Pts',(1.21927116325868,3.1242,3.1242));
#2501=CARTESIAN_POINT('Ctrl Pts',(-4.1023908614789E-6,3.1242,3.1242));
#2502=CARTESIAN_POINT('',(3.1242,-1.69197988952875E-14,1.7272));
#2503=CARTESIAN_POINT('',(3.1242,-1.69197988952875E-14,1.7272));
#2504=CARTESIAN_POINT('Ctrl Pts',(3.25260651745651E-16,3.1242,3.1242));
#2505=CARTESIAN_POINT('Ctrl Pts',(3.48200252316098E-16,2.72674606038571,
3.01106189497034));
#2506=CARTESIAN_POINT('Ctrl Pts',(0.0758448478965196,2.33291917329165,2.89893328533896));
#2507=CARTESIAN_POINT('Ctrl Pts',(0.38058916207611,1.57106408953326,2.66535122121345));
#2508=CARTESIAN_POINT('Ctrl Pts',(0.615892087845067,1.21422329137259,2.54613819561991));
#2509=CARTESIAN_POINT('Ctrl Pts',(1.21422329136871,0.61589208784883,2.30526180438163));
#2510=CARTESIAN_POINT('Ctrl Pts',(1.57106408952509,0.380589162081298,2.18604877878069));
#2511=CARTESIAN_POINT('Ctrl Pts',(2.33291917328571,0.0758448478970931,1.95246671466248));
#2512=CARTESIAN_POINT('Ctrl Pts',(2.72674606038393,2.55729178374923E-16,
1.84033810505054));
#2513=CARTESIAN_POINT('Ctrl Pts',(3.1242,2.38524477946811E-16,1.7272));
#2514=CARTESIAN_POINT('',(3.52495810318374E-16,3.1242,3.1242));
#2515=CARTESIAN_POINT('Ctrl Pts',(1.21927116365977,3.1242,3.1242));
#2516=CARTESIAN_POINT('Ctrl Pts',(-8.2751908881064E-6,3.1242,3.1242));
#2517=CARTESIAN_POINT('Ctrl Pts',(1.21925224743958,3.0547733333418,3.05770305001101));
#2518=CARTESIAN_POINT('Ctrl Pts',(-3.92990329348551E-5,3.0547733333418,
3.01514063910476));
#2519=CARTESIAN_POINT('Ctrl Pts',(1.22624960253769,2.91592,2.92471758183224));
#2520=CARTESIAN_POINT('Ctrl Pts',(0.0114368224285596,2.91592,2.79703574605072));
#2521=CARTESIAN_POINT('Ctrl Pts',(1.25748739880636,2.70764,2.72741818518793));
#2522=CARTESIAN_POINT('Ctrl Pts',(0.0626688578409332,2.70764,2.47345179059073));
#2523=CARTESIAN_POINT('Ctrl Pts',(1.30919137722821,2.49936,2.53446782593039));
#2524=CARTESIAN_POINT('Ctrl Pts',(0.147466774783725,2.49936,2.15700054182299));
#2525=CARTESIAN_POINT('Ctrl Pts',(1.38077719500154,2.29108,2.34797821007213));
#2526=CARTESIAN_POINT('Ctrl Pts',(0.264872212722905,2.29108,1.85114533611289));
#2527=CARTESIAN_POINT('Ctrl Pts',(1.47146532933976,2.0828,2.16999317263296));
#2528=CARTESIAN_POINT('Ctrl Pts',(0.413606703143871,2.0828,1.55923819700129));
#2529=CARTESIAN_POINT('Ctrl Pts',(1.58026089960661,1.87452,2.00246259037485));
#2530=CARTESIAN_POINT('Ctrl Pts',(0.592038576528007,1.87452,1.28447705030979));
#2531=CARTESIAN_POINT('Ctrl Pts',(1.7059722621894,1.66624,1.84722200586276));
#2532=CARTESIAN_POINT('Ctrl Pts',(0.798213459166249,1.66624,1.02987230627634));
#2533=CARTESIAN_POINT('Ctrl Pts',(1.84722200586276,1.45796,1.7059722621894));
#2534=CARTESIAN_POINT('Ctrl Pts',(1.02987230627634,1.45796,0.798213459166249));
#2535=CARTESIAN_POINT('Ctrl Pts',(2.00246259037485,1.24968,1.58026089960661));
#2536=CARTESIAN_POINT('Ctrl Pts',(1.28447705030979,1.24968,0.592038576528007));
#2537=CARTESIAN_POINT('Ctrl Pts',(2.16999317263296,1.0414,1.47146532933976));
#2538=CARTESIAN_POINT('Ctrl Pts',(1.55923819700129,1.0414,0.413606703143871));
#2539=CARTESIAN_POINT('Ctrl Pts',(2.34797821007213,0.83312,1.38077719500154));
#2540=CARTESIAN_POINT('Ctrl Pts',(1.85114533611289,0.83312,0.264872212722905));
#2541=CARTESIAN_POINT('Ctrl Pts',(2.53446782593039,0.62484,1.30919137722821));
#2542=CARTESIAN_POINT('Ctrl Pts',(2.15700054182299,0.62484,0.147466774783725));
#2543=CARTESIAN_POINT('Ctrl Pts',(2.72741818518793,0.41656,1.25748739880636));
#2544=CARTESIAN_POINT('Ctrl Pts',(2.47345179059073,0.41656,0.0626688578409332));
#2545=CARTESIAN_POINT('Ctrl Pts',(2.92471758183224,0.20828,1.22624960253769));
#2546=CARTESIAN_POINT('Ctrl Pts',(2.79703574605072,0.20828,0.0114368224285596));
#2547=CARTESIAN_POINT('Ctrl Pts',(3.05770305001101,0.0694266666666582,1.21925224743958));
#2548=CARTESIAN_POINT('Ctrl Pts',(3.01514063910476,0.0694266666666582,-3.92990329350329E-5));
#2549=CARTESIAN_POINT('Ctrl Pts',(3.1242,0.,1.21927116365977));
#2550=CARTESIAN_POINT('Ctrl Pts',(3.1242,0.,-8.2751908884589E-6));
#2551=CARTESIAN_POINT('Ctrl Pts',(1.2192,3.1242,3.1242));
#2552=CARTESIAN_POINT('Ctrl Pts',(1.2192,2.86302355618573,2.87403552336294));
#2553=CARTESIAN_POINT('Ctrl Pts',(1.2684774044245,2.60433129084409,2.62630573919886));
#2554=CARTESIAN_POINT('Ctrl Pts',(1.45994246311854,2.08196638247084,2.16406824350479));
#2555=CARTESIAN_POINT('Ctrl Pts',(1.6002700880162,1.82328345740976,1.95405307566294));
#2556=CARTESIAN_POINT('Ctrl Pts',(1.95405307566263,1.30091654259086,1.60027008801673));
#2557=CARTESIAN_POINT('Ctrl Pts',(2.16406824350287,1.04223361753155,1.45994246311991));
#2558=CARTESIAN_POINT('Ctrl Pts',(2.62630573920322,0.519868709150756,1.26847740442212));
#2559=CARTESIAN_POINT('Ctrl Pts',(2.87403552336857,0.26117644384021,1.2192));
#2560=CARTESIAN_POINT('Ctrl Pts',(3.1242,0.,1.2192));
#2561=CARTESIAN_POINT('',(3.1242,-4.40619762885204E-17,0.));
#2562=CARTESIAN_POINT('Origin',(409.143200000635,3.64938221678866E-16,5.4610000006604));
#2563=CARTESIAN_POINT('',(410.4132,1.2192,5.461));
#2564=CARTESIAN_POINT('',(410.4132,2.0940807830612E-16,5.461));
#2565=CARTESIAN_POINT('Origin',(409.143200000635,1.2192,5.4610000006604));
#2566=CARTESIAN_POINT('Origin',(424.8658,6.06488578053692E-15,1.7272));
#2567=CARTESIAN_POINT('',(412.9532,7.37911549304252E-15,2.5146));
#2568=CARTESIAN_POINT('',(424.8658,6.06488578053692E-15,1.7272));
#2569=CARTESIAN_POINT('',(412.9532,1.2192,2.5146));
#2570=CARTESIAN_POINT('',(412.9532,7.37911549304252E-15,2.5146));
#2571=CARTESIAN_POINT('',(424.8658,1.2192,1.7272));
#2572=CARTESIAN_POINT('Origin',(412.95319999934,7.1458202780032E-15,3.7845999993396));
#2573=CARTESIAN_POINT('',(411.6832,7.30135042129586E-15,3.7846));
#2574=CARTESIAN_POINT('Origin',(412.95319999934,7.1458202780032E-15,3.7845999993396));
#2575=CARTESIAN_POINT('',(411.6832,1.2192,3.7846));
#2576=CARTESIAN_POINT('',(411.6832,7.30135042129586E-15,3.7846));
#2577=CARTESIAN_POINT('Origin',(412.95319999934,1.2192,3.7845999993396));
#2578=CARTESIAN_POINT('Origin',(9.02403406577182E-15,204.652485845137,63.0355190349328));
#2579=CARTESIAN_POINT('',(-6.9885269624914E-15,3.1242,123.0122));
#2580=CARTESIAN_POINT('',(1.76272288479432E-14,405.13,123.0122));
#2581=CARTESIAN_POINT('',(1.76272288479432E-14,405.13,123.0122));
#2582=CARTESIAN_POINT('',(1.7782758991434E-14,406.4,121.7422));
#2583=CARTESIAN_POINT('Origin',(1.77049939196899E-14,405.13000000066,121.74220000066));
#2584=CARTESIAN_POINT('',(2.50460166924969E-14,406.4,3.1242));
#2585=CARTESIAN_POINT('',(1.7148196005989E-14,390.9949,116.7003));
#2586=CARTESIAN_POINT('Origin',(1.73138356088077E-14,393.7,116.7003));
#2587=CARTESIAN_POINT('',(5.48343524410936E-15,200.4949,116.7003));
#2588=CARTESIAN_POINT('Origin',(5.64907484692804E-15,203.2,116.7003));
#2589=CARTESIAN_POINT('',(-6.18132551776772E-15,9.9949,116.7003));
#2590=CARTESIAN_POINT('Origin',(-6.01568591494904E-15,12.7,116.7003));
#2591=CARTESIAN_POINT('Origin',(1.77049939196899E-14,405.13000000066,121.74220000066));
#2592=CARTESIAN_POINT('',(1.2192,406.4,121.7422));
#2593=CARTESIAN_POINT('',(1.7782758991434E-14,406.4,121.7422));
#2594=CARTESIAN_POINT('',(1.2192,405.13,123.0122));
#2595=CARTESIAN_POINT('',(1.76272288479432E-14,405.13,123.0122));
#2596=CARTESIAN_POINT('Origin',(1.2192,405.13000000066,121.74220000066));
#2597=CARTESIAN_POINT('Origin',(-6.01568591494904E-15,12.7,116.7003));
#2598=CARTESIAN_POINT('',(1.2192,9.9949,116.7003));
#2599=CARTESIAN_POINT('Origin',(1.2192,12.7,116.7003));
#2600=CARTESIAN_POINT('',(-6.18132551776772E-15,9.9949,116.7003));
#2601=CARTESIAN_POINT('Ctrl Pts',(426.770728836331,3.1242,3.1242));
#2602=CARTESIAN_POINT('Ctrl Pts',(427.990008275191,3.1242,3.1242));
#2603=CARTESIAN_POINT('Ctrl Pts',(426.770747752553,3.0547733333418,3.05770305001134));
#2604=CARTESIAN_POINT('Ctrl Pts',(427.990039299036,3.0547733333418,3.01514063910476));
#2605=CARTESIAN_POINT('Ctrl Pts',(426.763750397448,2.91592,2.92471758183324));
#2606=CARTESIAN_POINT('Ctrl Pts',(427.978563177571,2.91592,2.7970357460507));
#2607=CARTESIAN_POINT('Ctrl Pts',(426.732512601192,2.70764,2.72741818518991));
#2608=CARTESIAN_POINT('Ctrl Pts',(427.92733114215,2.70764,2.47345179059068));
#2609=CARTESIAN_POINT('Ctrl Pts',(426.680808622757,2.49936,2.53446782593359));
#2610=CARTESIAN_POINT('Ctrl Pts',(427.842533225214,2.49936,2.15700054182291));
#2611=CARTESIAN_POINT('Ctrl Pts',(426.609222804983,2.29108,2.34797821007601));
#2612=CARTESIAN_POINT('Ctrl Pts',(427.725127787276,2.29108,1.85114533611279));
#2613=CARTESIAN_POINT('Ctrl Pts',(426.518534670655,2.0828,2.16999317263798));
#2614=CARTESIAN_POINT('Ctrl Pts',(427.576393296858,2.0828,1.55923819700116));
#2615=CARTESIAN_POINT('Ctrl Pts',(426.40973910038,1.87452,2.00246259038046));
#2616=CARTESIAN_POINT('Ctrl Pts',(427.39796142347,1.87452,1.28447705030939));
#2617=CARTESIAN_POINT('Ctrl Pts',(426.284027737807,1.66624,1.84722200586915));
#2618=CARTESIAN_POINT('Ctrl Pts',(427.191786540822,1.66624,1.02987230627617));
#2619=CARTESIAN_POINT('Ctrl Pts',(426.14277799413,1.45796,1.70597226219649));
#2620=CARTESIAN_POINT('Ctrl Pts',(426.960127693713,1.45796,0.798213459166062));
#2621=CARTESIAN_POINT('Ctrl Pts',(425.987537409609,1.24968,1.58026089961433));
#2622=CARTESIAN_POINT('Ctrl Pts',(426.7055229497,1.24968,0.592038576527804));
#2623=CARTESIAN_POINT('Ctrl Pts',(425.820006827363,1.0414,1.47146532934802));
#2624=CARTESIAN_POINT('Ctrl Pts',(426.430761803,1.0414,0.413606703143652));
#2625=CARTESIAN_POINT('Ctrl Pts',(425.642021789931,0.83312,1.38077719501026));
#2626=CARTESIAN_POINT('Ctrl Pts',(426.138854663897,0.83312,0.264872212722674));
#2627=CARTESIAN_POINT('Ctrl Pts',(425.455532174062,0.62484,1.30919137723728));
#2628=CARTESIAN_POINT('Ctrl Pts',(425.832999458189,0.62484,0.14746677478346));
#2629=CARTESIAN_POINT('Ctrl Pts',(425.26258181481,0.41656,1.25748739881569));
#2630=CARTESIAN_POINT('Ctrl Pts',(425.516548209411,0.41656,0.0626688578406868));
#2631=CARTESIAN_POINT('Ctrl Pts',(425.065282418167,0.208280000000102,1.22624960254718));
#2632=CARTESIAN_POINT('Ctrl Pts',(425.192964253949,0.208280000000102,0.0114368224283064));
#2633=CARTESIAN_POINT('Ctrl Pts',(424.932296949989,0.069426666666709,1.2192522474491));
#2634=CARTESIAN_POINT('Ctrl Pts',(424.974859360895,0.0694266666666582,-3.92990331886649E-5));
#2635=CARTESIAN_POINT('Ctrl Pts',(424.8658,0.,1.2192711636693));
#2636=CARTESIAN_POINT('Ctrl Pts',(424.8658,0.,-8.27519113995478E-6));
#2637=CARTESIAN_POINT('Ctrl Pts',(427.99,3.1242,3.1242));
#2638=CARTESIAN_POINT('Ctrl Pts',(427.99,2.99392452353148,2.91955640618647));
#2639=CARTESIAN_POINT('Ctrl Pts',(427.969892922265,2.86395401966919,2.71540800391164));
#2640=CARTESIAN_POINT('Ctrl Pts',(427.890045569998,2.60339526845788,2.31398835202289));
#2641=CARTESIAN_POINT('Ctrl Pts',(427.830497697949,2.47342949460907,2.1176853314803));
#2642=CARTESIAN_POINT('Ctrl Pts',(427.595180519997,2.0819633334379,1.54957949768671));
#2643=CARTESIAN_POINT('Ctrl Pts',(427.365042567122,1.8232819252428,1.20515794634967));
#2644=CARTESIAN_POINT('Ctrl Pts',(426.784842053648,1.30091807476579,0.624957432877327));
#2645=CARTESIAN_POINT('Ctrl Pts',(426.44042050232,1.04223666656421,0.394819480008007));
#2646=CARTESIAN_POINT('Ctrl Pts',(425.872314668535,0.65077050539479,0.159502302055824));
#2647=CARTESIAN_POINT('Ctrl Pts',(425.676011647991,0.520804731548657,0.099954430005256));
#2648=CARTESIAN_POINT('Ctrl Pts',(425.274591996092,0.260245980333877,0.0201070777349117));
#2649=CARTESIAN_POINT('Ctrl Pts',(425.070443593813,0.130275476484027,5.28279366382399E-15));
#2650=CARTESIAN_POINT('Ctrl Pts',(424.8658,-2.81025203108243E-15,3.25260651745651E-17));
#2651=CARTESIAN_POINT('Origin',(427.99,203.2,116.7003));
#2652=CARTESIAN_POINT('',(427.99,205.9051,116.7003));
#2653=CARTESIAN_POINT('',(427.99,205.9051,116.7003));
#2654=CARTESIAN_POINT('Origin',(427.99,203.2,116.7003));
#2655=CARTESIAN_POINT('Origin',(424.8658,406.4,0.));
#2656=CARTESIAN_POINT('Origin',(1.76272288479432E-14,405.13,123.0122));
#2657=CARTESIAN_POINT('',(1.2192,405.13,123.0122));
#2658=CARTESIAN_POINT('Origin',(17.5768,1.77716200585664,1.77716200586143));
#2659=CARTESIAN_POINT('',(17.5768,1.2192,3.1242));
#2660=CARTESIAN_POINT('Origin',(17.5768,3.12420144769418,3.12420144769418));
#2661=CARTESIAN_POINT('',(17.5768,1.2192,3.1242));
#2662=CARTESIAN_POINT('Origin',(1.73138356088077E-14,393.7,116.7003));
#2663=CARTESIAN_POINT('',(1.2192,390.9949,116.7003));
#2664=CARTESIAN_POINT('Origin',(1.2192,393.7,116.7003));
#2665=CARTESIAN_POINT('',(1.7148196005989E-14,390.9949,116.7003));
#2666=CARTESIAN_POINT('Origin',(17.5768,4.84610797951726E-14,3.1242));
#2667=CARTESIAN_POINT('',(17.5768,1.2192,3.1242));
#2668=CARTESIAN_POINT('Origin',(213.995,397.5989,0.));
#2669=CARTESIAN_POINT('',(211.9249,397.5989,0.));
#2670=CARTESIAN_POINT('Origin',(2.50460166924969E-14,406.4,3.1242));
#2671=CARTESIAN_POINT('',(1.2192,406.4,3.1242));
#2672=CARTESIAN_POINT('Origin',(224.78999999934,2.2786163707683E-14,8.0009999993396));
#2673=CARTESIAN_POINT('Origin',(224.78999999934,1.2192,8.0009999993396));
#2674=CARTESIAN_POINT('Origin',(222.250000000635,2.28639287791909E-14,11.811000000635));
#2675=CARTESIAN_POINT('',(222.25,1.2192,13.081));
#2676=CARTESIAN_POINT('',(222.25,2.27861637075637E-14,13.081));
#2677=CARTESIAN_POINT('Origin',(222.250000000635,1.2192,11.811000000635));
#2678=CARTESIAN_POINT('Origin',(418.323077952704,1.2192,62.5611208340232));
#2679=CARTESIAN_POINT('',(411.6832,1.2192,121.7422));
#2680=CARTESIAN_POINT('',(411.6832,1.2192,3.7846));
#2681=CARTESIAN_POINT('',(412.9532,1.2192,123.0122));
#2682=CARTESIAN_POINT('Origin',(412.95319999934,1.2192,121.74220000066));
#2683=CARTESIAN_POINT('',(412.9532,1.2192,123.0122));
#2684=CARTESIAN_POINT('',(418.5539,1.2192,109.2962));
#2685=CARTESIAN_POINT('Origin',(418.5539,1.2192,106.8197));
#2686=CARTESIAN_POINT('',(418.5539,1.2192,20.3962));
#2687=CARTESIAN_POINT('Origin',(418.5539,1.2192,17.9197));
#2688=CARTESIAN_POINT('Origin',(412.95319999934,-1.45226393135E-14,121.74220000066));
#2689=CARTESIAN_POINT('',(411.6832,-1.43671091699685E-14,121.7422));
#2690=CARTESIAN_POINT('',(411.6832,-1.43671091699685E-14,121.7422));
#2691=CARTESIAN_POINT('',(412.9532,-1.47559345286993E-14,123.0122));
#2692=CARTESIAN_POINT('Origin',(412.95319999934,-1.45226393135E-14,121.74220000066));
#2693=CARTESIAN_POINT('',(412.9532,-1.47559345286993E-14,123.0122));
#2694=CARTESIAN_POINT('Origin',(418.5539,3.86335659941308E-15,17.9197));
#2695=CARTESIAN_POINT('',(418.5539,3.40843092969982E-15,20.3962));
#2696=CARTESIAN_POINT('',(418.5539,3.40843092969982E-15,20.3962));
#2697=CARTESIAN_POINT('Origin',(418.5539,3.86335659941308E-15,17.9197));
#2698=CARTESIAN_POINT('Origin',(427.99,204.652485845264,63.0355190349836));
#2699=CARTESIAN_POINT('',(427.99,406.4,3.1242));
#2700=CARTESIAN_POINT('',(427.99,3.1242,123.0122));
#2701=CARTESIAN_POINT('',(427.99,3.1242,3.1242));
#2702=CARTESIAN_POINT('',(427.99,15.4051,116.7003));
#2703=CARTESIAN_POINT('Origin',(427.99,12.7,116.7003));
#2704=CARTESIAN_POINT('Origin',(204.47,2.52746460034314E-14,8.001));
#2705=CARTESIAN_POINT('',(204.47,1.2192,11.811));
#2706=CARTESIAN_POINT('',(204.47,2.50413507881939E-14,11.811));
#2707=CARTESIAN_POINT('',(204.47,1.2192,8.001));
#2708=CARTESIAN_POINT('Origin',(15.0368,-1.83304572967566E-14,2.5146));
#2709=CARTESIAN_POINT('',(15.0368,-1.83304572967566E-14,2.5146));
#2710=CARTESIAN_POINT('',(15.0368,1.2192,2.5146));
#2711=CARTESIAN_POINT('',(15.0368,-1.83304572967566E-14,2.5146));
#2712=CARTESIAN_POINT('',(15.0368,-1.83304572967566E-14,2.5146));
#2713=CARTESIAN_POINT('',(15.0368,1.2192,2.5146));
#2714=CARTESIAN_POINT('Origin',(418.5539,-1.24673084672179E-14,106.8197));
#2715=CARTESIAN_POINT('',(418.5539,-1.29222341369311E-14,109.2962));
#2716=CARTESIAN_POINT('',(418.5539,-1.29222341369311E-14,109.2962));
#2717=CARTESIAN_POINT('Origin',(418.5539,-1.24673084672179E-14,106.8197));
#2718=CARTESIAN_POINT('Origin',(418.323077952704,-4.3088718225109E-15,62.5611208340232));
#2719=CARTESIAN_POINT('',(424.8658,-1.62148072746513E-14,123.0122));
#2720=CARTESIAN_POINT('',(412.9532,-1.47559345286993E-14,123.0122));
#2721=CARTESIAN_POINT('',(411.6832,7.30135042129586E-15,3.7846));
#2722=CARTESIAN_POINT('Origin',(1.2192,204.652485845137,63.0355190349328));
#2723=CARTESIAN_POINT('',(1.2192,3.1242,3.1242));
#2724=CARTESIAN_POINT('',(1.2192,200.4949,116.7003));
#2725=CARTESIAN_POINT('Origin',(1.2192,203.2,116.7003));
#2726=CARTESIAN_POINT('Origin',(411.6832,3.429,0.));
#2727=CARTESIAN_POINT('',(411.6832,3.429,0.));
#2728=CARTESIAN_POINT('Origin',(15.0368000006604,-1.10298723612957E-14,
121.74220000066));
#2729=CARTESIAN_POINT('',(16.3068,-1.11854025047484E-14,121.7422));
#2730=CARTESIAN_POINT('Origin',(15.0368000006604,-1.10298723612957E-14,
121.74220000066));
#2731=CARTESIAN_POINT('',(16.3068,1.2192,121.7422));
#2732=CARTESIAN_POINT('',(16.3068,-1.11854025047484E-14,121.7422));
#2733=CARTESIAN_POINT('Origin',(15.0368000006604,1.2192,121.74220000066));
#2734=CARTESIAN_POINT('Origin',(16.3068,-1.11854025047484E-14,121.7422));
#2735=CARTESIAN_POINT('',(16.3068,-1.84082223685032E-14,3.7846));
#2736=CARTESIAN_POINT('',(16.3068,-1.11854025047484E-14,121.7422));
#2737=CARTESIAN_POINT('',(16.3068,1.2192,3.7846));
#2738=CARTESIAN_POINT('',(16.3068,-1.84082223685032E-14,3.7846));
#2739=CARTESIAN_POINT('',(16.3068,1.2192,121.7422));
#2740=CARTESIAN_POINT('Origin',(411.6832,7.30135042129586E-15,3.7846));
#2741=CARTESIAN_POINT('Origin',(5.64907484692804E-15,203.2,116.7003));
#2742=CARTESIAN_POINT('',(5.48343524410936E-15,200.4949,116.7003));
#2743=CARTESIAN_POINT('Origin',(205.73999999934,2.48858206447413E-14,11.8110000006604));
#2744=CARTESIAN_POINT('',(205.74,1.2192,13.081));
#2745=CARTESIAN_POINT('',(205.74,2.48080555729565E-14,13.081));
#2746=CARTESIAN_POINT('Origin',(205.73999999934,1.2192,11.8110000006604));
#2747=CARTESIAN_POINT('Origin',(205.74,2.48080555729565E-14,13.081));
#2748=CARTESIAN_POINT('',(205.74,1.2192,13.081));
#2749=CARTESIAN_POINT('Origin',(213.995000000152,1.2192,5.1402178658226));
#2750=CARTESIAN_POINT('',(410.4132,1.2192,3.1242));
#2751=CARTESIAN_POINT('',(18.8468,1.2192,6.731));
#2752=CARTESIAN_POINT('',(410.4132,1.2192,5.461));
#2753=CARTESIAN_POINT('Origin',(427.99,3.1242,123.0122));
#2754=CARTESIAN_POINT('Origin',(16.3068,3.429,0.));
#2755=CARTESIAN_POINT('Origin',(3.1242,3.1242,3.1242));
#2756=CARTESIAN_POINT('',(3.1242,-1.69197988952875E-14,1.7272));
#2757=CARTESIAN_POINT('Origin',(412.9532,-1.47559345286993E-14,123.0122));
#2758=CARTESIAN_POINT('Origin',(427.99,12.7,116.7003));
#2759=CARTESIAN_POINT('',(427.99,15.4051,116.7003));
#2760=CARTESIAN_POINT('Origin',(3.1242,0.,3.1242));
#2761=CARTESIAN_POINT('Origin',(410.4132,3.1242,3.1242));
#2762=CARTESIAN_POINT('Origin',(424.8658,406.4,3.1242));
#2763=CARTESIAN_POINT('Origin',(9.6669220472958,-1.39960479351507E-14,62.5611208337184));
#2764=CARTESIAN_POINT('Origin',(15.0368000006604,-1.82526922251293E-14,
3.7845999993396));
#2765=CARTESIAN_POINT('',(9.4361,-1.68529209335864E-14,15.4432));
#2766=CARTESIAN_POINT('Origin',(9.4361,-1.67012790436819E-14,17.9197));
#2767=CARTESIAN_POINT('',(9.4361,-1.1409365911376E-14,104.3432));
#2768=CARTESIAN_POINT('Origin',(9.4361,-1.12577240214716E-14,106.8197));
#2769=CARTESIAN_POINT('Origin',(9.4361,-1.67012790436819E-14,17.9197));
#2770=CARTESIAN_POINT('',(9.4361,1.2192,15.4432));
#2771=CARTESIAN_POINT('Origin',(9.4361,1.2192,17.9197));
#2772=CARTESIAN_POINT('',(9.4361,-1.68529209335864E-14,15.4432));
#2773=CARTESIAN_POINT('Origin',(9.4361,-1.12577240214716E-14,106.8197));
#2774=CARTESIAN_POINT('',(9.4361,1.2192,104.3432));
#2775=CARTESIAN_POINT('Origin',(9.4361,1.2192,106.8197));
#2776=CARTESIAN_POINT('',(9.4361,-1.1409365911376E-14,104.3432));
#2777=CARTESIAN_POINT('Origin',(15.0368000006604,-1.82526922251293E-14,
3.7845999993396));
#2778=CARTESIAN_POINT('Origin',(15.0368000006604,1.2192,3.7845999993396));
#2779=CARTESIAN_POINT('Origin',(410.4132,2.0940807830612E-16,5.461));
#2780=CARTESIAN_POINT('Origin',(18.8468,4.80846968479146E-14,6.731));
#2781=CARTESIAN_POINT('Origin',(9.6669220472958,1.2192,62.5611208337184));
#2782=CARTESIAN_POINT('Origin',(3.1242,0.,0.));
#2783=CARTESIAN_POINT('Origin',(410.4132,3.429,0.));
#2784=CARTESIAN_POINT('Origin',(424.8658,3.1242,123.0122));
#2785=UNCERTAINTY_MEASURE_WITH_UNIT(LENGTH_MEASURE(0.01),#2789,
'DISTANCE_ACCURACY_VALUE',
'Maximum model space distance between geometric entities at asserted c
onnectivities');
#2786=UNCERTAINTY_MEASURE_WITH_UNIT(LENGTH_MEASURE(0.01),#2789,
'DISTANCE_ACCURACY_VALUE',
'Maximum model space distance between geometric entities at asserted c
onnectivities');
#2787=(
GEOMETRIC_REPRESENTATION_CONTEXT(3)
GLOBAL_UNCERTAINTY_ASSIGNED_CONTEXT((#2785))
GLOBAL_UNIT_ASSIGNED_CONTEXT((#2789,#2791,#2792))
REPRESENTATION_CONTEXT('','3D')
);
#2788=(
GEOMETRIC_REPRESENTATION_CONTEXT(3)
GLOBAL_UNCERTAINTY_ASSIGNED_CONTEXT((#2786))
GLOBAL_UNIT_ASSIGNED_CONTEXT((#2789,#2791,#2792))
REPRESENTATION_CONTEXT('','3D')
);
#2789=(
LENGTH_UNIT()
NAMED_UNIT(*)
SI_UNIT(.MILLI.,.METRE.)
);
#2790=(
LENGTH_UNIT()
NAMED_UNIT(*)
SI_UNIT(.CENTI.,.METRE.)
);
#2791=(
NAMED_UNIT(*)
PLANE_ANGLE_UNIT()
SI_UNIT($,.RADIAN.)
);
#2792=(
NAMED_UNIT(*)
SI_UNIT($,.STERADIAN.)
SOLID_ANGLE_UNIT()
);
#2793=SHAPE_DEFINITION_REPRESENTATION(#2794,#2795);
#2794=PRODUCT_DEFINITION_SHAPE('',$,#2797);
#2795=SHAPE_REPRESENTATION('',(#1549),#2787);
#2796=PRODUCT_DEFINITION_CONTEXT('part definition',#2801,'design');
#2797=PRODUCT_DEFINITION('Chassis','Chassis',#2798,#2796);
#2798=PRODUCT_DEFINITION_FORMATION('',$,#2803);
#2799=PRODUCT_RELATED_PRODUCT_CATEGORY('Chassis','Chassis',(#2803));
#2800=APPLICATION_PROTOCOL_DEFINITION('international standard',
'automotive_design',2009,#2801);
#2801=APPLICATION_CONTEXT(
'Core Data for Automotive Mechanical Design Process');
#2802=PRODUCT_CONTEXT('part definition',#2801,'mechanical');
#2803=PRODUCT('Chassis','Chassis',$,(#2802));
#2804=PRESENTATION_STYLE_ASSIGNMENT((#2806));
#2805=PRESENTATION_STYLE_ASSIGNMENT((#2807));
#2806=SURFACE_STYLE_USAGE(.BOTH.,#2812);
#2807=SURFACE_STYLE_USAGE(.BOTH.,#2813);
#2808=SURFACE_STYLE_RENDERING_WITH_PROPERTIES($,#2820,(#2810));
#2809=SURFACE_STYLE_RENDERING_WITH_PROPERTIES($,#2821,(#2811));
#2810=SURFACE_STYLE_TRANSPARENT(0.);
#2811=SURFACE_STYLE_TRANSPARENT(0.);
#2812=SURFACE_SIDE_STYLE('',(#2814,#2808));
#2813=SURFACE_SIDE_STYLE('',(#2815,#2809));
#2814=SURFACE_STYLE_FILL_AREA(#2816);
#2815=SURFACE_STYLE_FILL_AREA(#2817);
#2816=FILL_AREA_STYLE('',(#2818));
#2817=FILL_AREA_STYLE('',(#2819));
#2818=FILL_AREA_STYLE_COLOUR('',#2820);
#2819=FILL_AREA_STYLE_COLOUR('',#2821);
#2820=COLOUR_RGB('',0.749019607843137,0.749019607843137,0.749019607843137);
#2821=COLOUR_RGB('',0.6,0.6,0.6);
ENDSEC;
END-ISO-10303-21;
