ISO-10303-21;
HEADER;
/* Generated by software containing ST-Developer
 * from STEP Tools, Inc. (www.steptools.com) 
 */

FILE_DESCRIPTION(
/* description */ ('Open CASCADE Model'),
/* implementation_level */ '2;1');

FILE_NAME(
/* name */ 'Protocase_3U.stp',
/* time_stamp */ '2025-12-08T12:01:08-08:00',
/* author */ ('alexi'),
/* organization */ ('Open CASCADE'),
/* preprocessor_version */ 'ST-DEVELOPER v20.1',
/* originating_system */ 'Autodesk Inventor 2026',
/* authorisation */ 'Unknown');

FILE_SCHEMA (('AUTOMOTIVE_DESIGN { 1 0 10303 214 3 1 1 }'));
ENDSEC;

DATA;
#10=MECHANICAL_DESIGN_GEOMETRIC_PRESENTATION_REPRESENTATION('',(#485,#486,
#487,#488,#489,#490,#491,#492,#493,#494,#495,#496,#497,#498,#499,#500,#501,
#502,#503,#504,#505,#506,#507,#508,#509,#510,#511,#512,#513,#514,#515,#516,
#517,#518,#519,#520,#521,#522,#523,#524,#525,#526,#527,#528,#529,#530,#531,
#532,#533,#534,#535,#536,#537,#538,#539,#540,#541,#542,#543,#544,#545,#546,
#547,#548,#549,#550,#551,#552,#553,#554,#555,#556,#557,#558,#559,#560,#561,
#562,#563,#564,#565,#566,#567,#568,#569,#570,#571,#572,#573,#574,#575,#576,
#577,#578,#579,#580,#581,#582,#583,#584,#585,#586,#587,#588,#589,#590,#591,
#592,#593,#594,#595,#596,#597,#598,#599,#600,#601,#602,#603,#604,#605,#606,
#607,#608,#609,#610,#611,#612,#613,#614,#615,#616,#617,#618,#619,#620,#621,
#622,#623,#624,#625,#626,#627,#628,#629,#630,#631,#632,#633,#634,#635,#636,
#637,#638,#639,#640,#641,#642,#643,#644,#645,#646,#647,#648,#649,#650,#651,
#652,#653,#654,#655,#656,#657,#658,#659,#660,#661,#662,#663,#664,#665,#666,
#667,#668,#669,#670,#671,#672,#673,#674,#675,#676,#677,#678,#679,#680,#681,
#682,#683,#684,#685,#686,#687,#688,#689,#690,#691,#692,#693,#694,#695,#696,
#697,#698,#699,#700,#701,#702,#703,#704,#705,#706,#707,#708,#709,#710,#711,
#712,#713,#714,#715,#716,#717,#718,#719,#720,#721,#722,#723,#724,#725,#726,
#727,#728,#729,#730,#731,#732,#733,#734,#735,#736,#737,#738,#739,#740,#741,
#742,#743,#744,#745,#746,#747,#748,#749,#750,#751,#752,#753,#754,#755,#756,
#757,#758,#759,#760,#761,#762,#763,#764,#765,#766,#767,#768,#769,#770,#771,
#772,#773,#774,#775,#776,#777,#778,#779,#780,#781,#782,#783,#784,#785,#786,
#787,#788,#789,#790,#791,#792,#793,#794,#795,#796,#797,#798,#799,#800,#801,
#802,#803,#804,#805,#806,#807,#808,#809,#810,#811,#812,#813,#814,#815,#816,
#817,#818,#819,#820,#821,#822,#823,#824,#825,#826,#827,#828,#829,#830,#831,
#832,#833,#834,#835,#836,#837,#838,#839,#840,#841,#842,#843,#844,#845,#846,
#847,#848,#849,#850,#851,#852,#853,#854,#855,#856,#857,#858,#859,#860,#861,
#862,#863,#864,#865,#866,#867,#868,#869,#870,#871,#872,#873,#874,#875,#876,
#877,#878,#879,#880,#881,#882,#883,#884,#885,#886,#887,#888,#889,#890,#891,
#892,#893,#894,#895,#896,#897,#898,#899,#900,#901,#902,#903,#904,#905,#906,
#907,#908,#909,#910,#911,#912,#913,#914,#915,#916,#917,#918,#919,#920,#921,
#922,#923,#924,#925,#926,#927,#928,#929,#930,#931,#932,#933,#934,#935,#936,
#937,#938,#939,#940,#941,#942,#943,#944,#945,#946,#947,#948,#949,#950,#951,
#952,#953,#954,#955,#956,#957,#958,#959,#960,#961,#962,#963,#964,#965,#966,
#967,#968,#969,#970,#971,#972,#973,#974,#975,#976,#977,#978,#979,#980,#981,
#982,#983,#984,#985,#986,#987,#988,#989,#990,#991,#992,#993,#994),#15877);
#11=ITEM_DEFINED_TRANSFORMATION($,$,#9075,#10019);
#12=ITEM_DEFINED_TRANSFORMATION($,$,#9541,#10020);
#13=ITEM_DEFINED_TRANSFORMATION($,$,#9611,#10021);
#14=ITEM_DEFINED_TRANSFORMATION($,$,#9735,#10022);
#15=ITEM_DEFINED_TRANSFORMATION($,$,#9979,#10023);
#16=ITEM_DEFINED_TRANSFORMATION($,$,#9999,#10024);
#17=(
REPRESENTATION_RELATIONSHIP($,$,#15903,#15902)
REPRESENTATION_RELATIONSHIP_WITH_TRANSFORMATION(#11)
SHAPE_REPRESENTATION_RELATIONSHIP()
);
#18=(
REPRESENTATION_RELATIONSHIP($,$,#15904,#15902)
REPRESENTATION_RELATIONSHIP_WITH_TRANSFORMATION(#12)
SHAPE_REPRESENTATION_RELATIONSHIP()
);
#19=(
REPRESENTATION_RELATIONSHIP($,$,#15905,#15902)
REPRESENTATION_RELATIONSHIP_WITH_TRANSFORMATION(#13)
SHAPE_REPRESENTATION_RELATIONSHIP()
);
#20=(
REPRESENTATION_RELATIONSHIP($,$,#15906,#15902)
REPRESENTATION_RELATIONSHIP_WITH_TRANSFORMATION(#14)
SHAPE_REPRESENTATION_RELATIONSHIP()
);
#21=(
REPRESENTATION_RELATIONSHIP($,$,#15907,#15902)
REPRESENTATION_RELATIONSHIP_WITH_TRANSFORMATION(#15)
SHAPE_REPRESENTATION_RELATIONSHIP()
);
#22=(
REPRESENTATION_RELATIONSHIP($,$,#15908,#15902)
REPRESENTATION_RELATIONSHIP_WITH_TRANSFORMATION(#16)
SHAPE_REPRESENTATION_RELATIONSHIP()
);
#23=CONTEXT_DEPENDENT_SHAPE_REPRESENTATION(#17,#15896);
#24=CONTEXT_DEPENDENT_SHAPE_REPRESENTATION(#18,#15897);
#25=CONTEXT_DEPENDENT_SHAPE_REPRESENTATION(#19,#15898);
#26=CONTEXT_DEPENDENT_SHAPE_REPRESENTATION(#20,#15899);
#27=CONTEXT_DEPENDENT_SHAPE_REPRESENTATION(#21,#15900);
#28=CONTEXT_DEPENDENT_SHAPE_REPRESENTATION(#22,#15901);
#29=NEXT_ASSEMBLY_USAGE_OCCURRENCE('Chassis_1704','Chassis_1704',
'Chassis_1704',#15910,#15911,'Chassis_1704');
#30=NEXT_ASSEMBLY_USAGE_OCCURRENCE('Cover_1718','Cover_1718',
'Cover_1718',#15910,#15912,'Cover_1718');
#31=NEXT_ASSEMBLY_USAGE_OCCURRENCE('Rear_1728','Rear_1728','Rear_1728',
#15910,#15913,'Rear_1728');
#32=NEXT_ASSEMBLY_USAGE_OCCURRENCE('Front_1732','Front_1732',
'Front_1732',#15910,#15914,'Front_1732');
#33=NEXT_ASSEMBLY_USAGE_OCCURRENCE('Medium_Rackmount_Handle_Sweep_1733',
'Medium_Rackmount_Handle_Sweep_1733',
'Medium_Rackmount_Handle_Sweep_1733',#15910,#15915,
'Medium_Rackmount_Handle_Sweep_1733');
#34=NEXT_ASSEMBLY_USAGE_OCCURRENCE('Medium_Rackmount_Handle_Sweep_1734',
'Medium_Rackmount_Handle_Sweep_1734',
'Medium_Rackmount_Handle_Sweep_1734',#15910,#15916,
'Medium_Rackmount_Handle_Sweep_1734');
#35=TOROIDAL_SURFACE('',#9985,6.35,4.7625);
#36=TOROIDAL_SURFACE('',#9992,6.35,4.7625);
#37=TOROIDAL_SURFACE('',#10005,6.35,4.7625);
#38=TOROIDAL_SURFACE('',#10012,6.35,4.7625);
#39=GEOMETRICALLY_BOUNDED_WIREFRAME_SHAPE_REPRESENTATION('',(#40),#15871);
#40=GEOMETRIC_CURVE_SET('\X2\C2A4CF00CE58\X0\1',(#59,#60,#61,#62,#63,#64,
#65,#66,#67,#68,#69,#70,#4192,#4193,#4194,#4195,#71,#72,#73,#74,#75,#76,
#77,#78,#79,#80,#81,#82,#83,#84,#85,#86,#54,#87,#55,#88,#89,#90,#91,#92,
#93,#94,#56,#95,#96,#97,#98,#99,#100,#101,#102,#103,#104,#105,#106,#107,
#108,#109,#110,#111,#112,#113,#114,#115,#116,#117,#118,#119,#120,#121,#122,
#123,#124,#125,#126,#127,#4199,#4200,#4201,#4202,#4203,#4204,#128,#129,
#130,#131,#132,#133,#134,#135,#136,#137,#138,#139,#140,#141,#142,#143,#144,
#145,#146,#147,#148,#149,#150,#151,#152,#153,#154,#155,#156,#157,#158,#159,
#4205,#4206,#4207,#4208,#160,#161,#162,#163,#164,#165,#166,#167,#168,#169,
#170,#171,#172,#173,#174,#175,#176,#177,#178,#179,#4209,#4210,#4211,#4212,
#180,#181,#182,#183,#184,#185,#186,#187,#188,#189,#190,#191,#192,#193,#194,
#195,#196,#197,#198,#199,#4213,#4214,#4215,#4216,#200,#201,#202,#203,#204,
#205,#206,#207,#208,#209,#210,#211,#212,#213,#214,#215,#216,#217,#218,#219,
#4217,#4218,#4219,#4220,#220,#221,#222,#223,#224,#225,#226,#227,#228,#229,
#230,#231,#232,#233,#234,#235,#236,#237,#238,#239,#4221,#4222,#4223,#4224,
#240,#241,#242,#243,#244,#245,#246,#247,#248,#249,#250,#251,#252,#253,#254,
#255,#256,#257,#258,#259,#4225,#4226,#4227,#4228,#260,#261,#262,#263,#264,
#265,#266,#267,#268,#269,#270,#271,#272,#273,#274,#275,#276,#277,#278,#279,
#4229,#4230,#4231,#4232,#280,#281,#282,#283,#284,#285,#286,#287,#288,#289,
#290,#291,#292,#293,#294,#295,#296,#297,#298,#299,#4233,#4234,#4235,#4236,
#300,#301,#302,#303,#304,#305,#306,#307,#308,#309,#310,#311,#312,#313,#314,
#315,#316,#317,#318,#319,#4237,#4238,#4239,#4240,#320,#321,#322,#323,#324,
#325,#326,#327,#328,#329,#330,#331,#332,#333,#334,#335,#336,#337,#338,#339,
#4241,#4242,#4243,#4244,#340,#341,#342,#343,#344,#345,#346,#347,#348,#349,
#350,#351,#352,#353,#354,#355,#356,#357,#358,#359,#4245,#4246,#4247,#4248,
#360,#361,#362,#363,#364,#365,#366,#367,#368,#369,#370,#371,#372,#373,#374,
#375,#376,#377,#378,#379,#4249,#4250,#4251,#4252,#380,#381,#382,#383,#384,
#385,#386,#387,#388,#389,#390,#391,#392,#393,#394,#395,#396,#397,#398,#399,
#4253,#4254,#4255,#4256,#400,#401,#402,#403,#404,#405,#406,#407,#408,#409,
#410,#411,#412,#413,#414,#415,#416,#417,#418,#419,#4257,#4258,#4259,#4260,
#420,#421,#422,#423,#424,#425,#426,#427,#428,#429,#430,#431,#432,#433,#434,
#435,#436,#437,#438,#439,#4261,#4262,#4263,#4264,#440,#441,#442,#443,#444,
#445,#446,#447,#448,#449,#450,#451,#452,#453,#454,#455,#456,#457,#458,#459,
#460,#461,#462,#463,#464,#465,#466,#467,#468,#469,#470,#471,#472,#57,#473,
#474,#475,#476,#477,#478,#479,#58,#480,#481,#482,#483,#4267,#4268,#4269,
#484,#14577,#14578,#14579,#14580,#14581,#14582,#14583,#14584,#14585,#14586,
#14587,#14588,#14589,#14590,#14591,#14592,#14593,#14594,#14595,#14596,#14597,
#14598,#14599,#14600,#14601,#14602));
#41=SHAPE_REPRESENTATION_RELATIONSHIP('SRR','None',#15903,#48);
#42=SHAPE_REPRESENTATION_RELATIONSHIP('SRR','None',#15903,#39);
#43=SHAPE_REPRESENTATION_RELATIONSHIP('SRR','None',#15904,#49);
#44=SHAPE_REPRESENTATION_RELATIONSHIP('SRR','None',#15905,#50);
#45=SHAPE_REPRESENTATION_RELATIONSHIP('SRR','None',#15906,#51);
#46=SHAPE_REPRESENTATION_RELATIONSHIP('SRR','None',#15907,#52);
#47=SHAPE_REPRESENTATION_RELATIONSHIP('SRR','None',#15908,#53);
#48=ADVANCED_BREP_SHAPE_REPRESENTATION('',(#995),#15871);
#49=ADVANCED_BREP_SHAPE_REPRESENTATION('',(#996),#15872);
#50=ADVANCED_BREP_SHAPE_REPRESENTATION('',(#997),#15873);
#51=ADVANCED_BREP_SHAPE_REPRESENTATION('',(#998),#15874);
#52=ADVANCED_BREP_SHAPE_REPRESENTATION('',(#999),#15875);
#53=ADVANCED_BREP_SHAPE_REPRESENTATION('',(#1000),#15876);
#54=TRIMMED_CURVE('',#4196,(#13698,PARAMETER_VALUE(3.14159265358979)),(#13699,
PARAMETER_VALUE(4.71238898038469)),.T.,.PARAMETER.);
#55=TRIMMED_CURVE('',#4197,(#13703,PARAMETER_VALUE(4.71238898038469)),(#13704,
PARAMETER_VALUE(6.28318530717959)),.T.,.PARAMETER.);
#56=TRIMMED_CURVE('',#4198,(#13720,PARAMETER_VALUE(1.5707963267949)),(#13721,
PARAMETER_VALUE(3.14159265358979)),.T.,.PARAMETER.);
#57=TRIMMED_CURVE('',#4265,(#14545,PARAMETER_VALUE(4.71238897748469)),(#14546,
PARAMETER_VALUE(6.28318531005561)),.T.,.PARAMETER.);
#58=TRIMMED_CURVE('',#4266,(#14562,PARAMETER_VALUE(3.14159265071377)),(#14563,
PARAMETER_VALUE(4.71238898328477)),.T.,.PARAMETER.);
#59=POLYLINE('',(#13637,#13638));
#60=POLYLINE('',(#13639,#13640));
#61=POLYLINE('',(#13641,#13642));
#62=POLYLINE('',(#13643,#13644));
#63=POLYLINE('',(#13645,#13646));
#64=POLYLINE('',(#13647,#13648));
#65=POLYLINE('',(#13649,#13650));
#66=POLYLINE('',(#13651,#13652));
#67=POLYLINE('',(#13653,#13654));
#68=POLYLINE('',(#13655,#13656));
#69=POLYLINE('',(#13657,#13658));
#70=POLYLINE('',(#13659,#13660));
#71=POLYLINE('',(#13665,#13666));
#72=POLYLINE('',(#13667,#13668));
#73=POLYLINE('',(#13669,#13670));
#74=POLYLINE('',(#13671,#13672));
#75=POLYLINE('',(#13673,#13674));
#76=POLYLINE('',(#13675,#13676));
#77=POLYLINE('',(#13677,#13678));
#78=POLYLINE('',(#13679,#13680));
#79=POLYLINE('',(#13681,#13682));
#80=POLYLINE('',(#13683,#13684));
#81=POLYLINE('',(#13685,#13686));
#82=POLYLINE('',(#13687,#13688));
#83=POLYLINE('',(#13689,#13690));
#84=POLYLINE('',(#13691,#13692));
#85=POLYLINE('',(#13693,#13694));
#86=POLYLINE('',(#13695,#13696));
#87=POLYLINE('',(#13700,#13701));
#88=POLYLINE('',(#13705,#13706));
#89=POLYLINE('',(#13707,#13708));
#90=POLYLINE('',(#13709,#13710));
#91=POLYLINE('',(#13711,#13712));
#92=POLYLINE('',(#13713,#13714));
#93=POLYLINE('',(#13715,#13716));
#94=POLYLINE('',(#13717,#13718));
#95=POLYLINE('',(#13722,#13723));
#96=POLYLINE('',(#13724,#13725));
#97=POLYLINE('',(#13726,#13727));
#98=POLYLINE('',(#13728,#13729));
#99=POLYLINE('',(#13730,#13731));
#100=POLYLINE('',(#13732,#13733));
#101=POLYLINE('',(#13734,#13735));
#102=POLYLINE('',(#13736,#13737));
#103=POLYLINE('',(#13738,#13739));
#104=POLYLINE('',(#13740,#13741));
#105=POLYLINE('',(#13742,#13743));
#106=POLYLINE('',(#13744,#13745));
#107=POLYLINE('',(#13746,#13747));
#108=POLYLINE('',(#13748,#13749));
#109=POLYLINE('',(#13750,#13751));
#110=POLYLINE('',(#13752,#13753));
#111=POLYLINE('',(#13754,#13755));
#112=POLYLINE('',(#13756,#13757));
#113=POLYLINE('',(#13758,#13759));
#114=POLYLINE('',(#13760,#13761));
#115=POLYLINE('',(#13762,#13763));
#116=POLYLINE('',(#13764,#13765));
#117=POLYLINE('',(#13766,#13767));
#118=POLYLINE('',(#13768,#13769));
#119=POLYLINE('',(#13770,#13771));
#120=POLYLINE('',(#13772,#13773));
#121=POLYLINE('',(#13774,#13775));
#122=POLYLINE('',(#13776,#13777));
#123=POLYLINE('',(#13778,#13779));
#124=POLYLINE('',(#13780,#13781));
#125=POLYLINE('',(#13782,#13783));
#126=POLYLINE('',(#13784,#13785));
#127=POLYLINE('',(#13786,#13787));
#128=POLYLINE('',(#13794,#13795));
#129=POLYLINE('',(#13796,#13797));
#130=POLYLINE('',(#13798,#13799));
#131=POLYLINE('',(#13800,#13801));
#132=POLYLINE('',(#13802,#13803));
#133=POLYLINE('',(#13804,#13805));
#134=POLYLINE('',(#13806,#13807));
#135=POLYLINE('',(#13808,#13809));
#136=POLYLINE('',(#13810,#13811));
#137=POLYLINE('',(#13812,#13813));
#138=POLYLINE('',(#13814,#13815));
#139=POLYLINE('',(#13816,#13817));
#140=POLYLINE('',(#13818,#13819));
#141=POLYLINE('',(#13820,#13821));
#142=POLYLINE('',(#13822,#13823));
#143=POLYLINE('',(#13824,#13825));
#144=POLYLINE('',(#13826,#13827));
#145=POLYLINE('',(#13828,#13829));
#146=POLYLINE('',(#13830,#13831));
#147=POLYLINE('',(#13832,#13833));
#148=POLYLINE('',(#13834,#13835));
#149=POLYLINE('',(#13836,#13837));
#150=POLYLINE('',(#13838,#13839));
#151=POLYLINE('',(#13840,#13841));
#152=POLYLINE('',(#13842,#13843));
#153=POLYLINE('',(#13844,#13845));
#154=POLYLINE('',(#13846,#13847));
#155=POLYLINE('',(#13848,#13849));
#156=POLYLINE('',(#13850,#13851));
#157=POLYLINE('',(#13852,#13853));
#158=POLYLINE('',(#13854,#13855));
#159=POLYLINE('',(#13856,#13857));
#160=POLYLINE('',(#13862,#13863));
#161=POLYLINE('',(#13864,#13865));
#162=POLYLINE('',(#13866,#13867));
#163=POLYLINE('',(#13868,#13869));
#164=POLYLINE('',(#13870,#13871));
#165=POLYLINE('',(#13872,#13873));
#166=POLYLINE('',(#13874,#13875));
#167=POLYLINE('',(#13876,#13877));
#168=POLYLINE('',(#13878,#13879));
#169=POLYLINE('',(#13880,#13881));
#170=POLYLINE('',(#13882,#13883));
#171=POLYLINE('',(#13884,#13885));
#172=POLYLINE('',(#13886,#13887));
#173=POLYLINE('',(#13888,#13889));
#174=POLYLINE('',(#13890,#13891));
#175=POLYLINE('',(#13892,#13893));
#176=POLYLINE('',(#13894,#13895));
#177=POLYLINE('',(#13896,#13897));
#178=POLYLINE('',(#13898,#13899));
#179=POLYLINE('',(#13900,#13901));
#180=POLYLINE('',(#13906,#13907));
#181=POLYLINE('',(#13908,#13909));
#182=POLYLINE('',(#13910,#13911));
#183=POLYLINE('',(#13912,#13913));
#184=POLYLINE('',(#13914,#13915));
#185=POLYLINE('',(#13916,#13917));
#186=POLYLINE('',(#13918,#13919));
#187=POLYLINE('',(#13920,#13921));
#188=POLYLINE('',(#13922,#13923));
#189=POLYLINE('',(#13924,#13925));
#190=POLYLINE('',(#13926,#13927));
#191=POLYLINE('',(#13928,#13929));
#192=POLYLINE('',(#13930,#13931));
#193=POLYLINE('',(#13932,#13933));
#194=POLYLINE('',(#13934,#13935));
#195=POLYLINE('',(#13936,#13937));
#196=POLYLINE('',(#13938,#13939));
#197=POLYLINE('',(#13940,#13941));
#198=POLYLINE('',(#13942,#13943));
#199=POLYLINE('',(#13944,#13945));
#200=POLYLINE('',(#13950,#13951));
#201=POLYLINE('',(#13952,#13953));
#202=POLYLINE('',(#13954,#13955));
#203=POLYLINE('',(#13956,#13957));
#204=POLYLINE('',(#13958,#13959));
#205=POLYLINE('',(#13960,#13961));
#206=POLYLINE('',(#13962,#13963));
#207=POLYLINE('',(#13964,#13965));
#208=POLYLINE('',(#13966,#13967));
#209=POLYLINE('',(#13968,#13969));
#210=POLYLINE('',(#13970,#13971));
#211=POLYLINE('',(#13972,#13973));
#212=POLYLINE('',(#13974,#13975));
#213=POLYLINE('',(#13976,#13977));
#214=POLYLINE('',(#13978,#13979));
#215=POLYLINE('',(#13980,#13981));
#216=POLYLINE('',(#13982,#13983));
#217=POLYLINE('',(#13984,#13985));
#218=POLYLINE('',(#13986,#13987));
#219=POLYLINE('',(#13988,#13989));
#220=POLYLINE('',(#13994,#13995));
#221=POLYLINE('',(#13996,#13997));
#222=POLYLINE('',(#13998,#13999));
#223=POLYLINE('',(#14000,#14001));
#224=POLYLINE('',(#14002,#14003));
#225=POLYLINE('',(#14004,#14005));
#226=POLYLINE('',(#14006,#14007));
#227=POLYLINE('',(#14008,#14009));
#228=POLYLINE('',(#14010,#14011));
#229=POLYLINE('',(#14012,#14013));
#230=POLYLINE('',(#14014,#14015));
#231=POLYLINE('',(#14016,#14017));
#232=POLYLINE('',(#14018,#14019));
#233=POLYLINE('',(#14020,#14021));
#234=POLYLINE('',(#14022,#14023));
#235=POLYLINE('',(#14024,#14025));
#236=POLYLINE('',(#14026,#14027));
#237=POLYLINE('',(#14028,#14029));
#238=POLYLINE('',(#14030,#14031));
#239=POLYLINE('',(#14032,#14033));
#240=POLYLINE('',(#14038,#14039));
#241=POLYLINE('',(#14040,#14041));
#242=POLYLINE('',(#14042,#14043));
#243=POLYLINE('',(#14044,#14045));
#244=POLYLINE('',(#14046,#14047));
#245=POLYLINE('',(#14048,#14049));
#246=POLYLINE('',(#14050,#14051));
#247=POLYLINE('',(#14052,#14053));
#248=POLYLINE('',(#14054,#14055));
#249=POLYLINE('',(#14056,#14057));
#250=POLYLINE('',(#14058,#14059));
#251=POLYLINE('',(#14060,#14061));
#252=POLYLINE('',(#14062,#14063));
#253=POLYLINE('',(#14064,#14065));
#254=POLYLINE('',(#14066,#14067));
#255=POLYLINE('',(#14068,#14069));
#256=POLYLINE('',(#14070,#14071));
#257=POLYLINE('',(#14072,#14073));
#258=POLYLINE('',(#14074,#14075));
#259=POLYLINE('',(#14076,#14077));
#260=POLYLINE('',(#14082,#14083));
#261=POLYLINE('',(#14084,#14085));
#262=POLYLINE('',(#14086,#14087));
#263=POLYLINE('',(#14088,#14089));
#264=POLYLINE('',(#14090,#14091));
#265=POLYLINE('',(#14092,#14093));
#266=POLYLINE('',(#14094,#14095));
#267=POLYLINE('',(#14096,#14097));
#268=POLYLINE('',(#14098,#14099));
#269=POLYLINE('',(#14100,#14101));
#270=POLYLINE('',(#14102,#14103));
#271=POLYLINE('',(#14104,#14105));
#272=POLYLINE('',(#14106,#14107));
#273=POLYLINE('',(#14108,#14109));
#274=POLYLINE('',(#14110,#14111));
#275=POLYLINE('',(#14112,#14113));
#276=POLYLINE('',(#14114,#14115));
#277=POLYLINE('',(#14116,#14117));
#278=POLYLINE('',(#14118,#14119));
#279=POLYLINE('',(#14120,#14121));
#280=POLYLINE('',(#14126,#14127));
#281=POLYLINE('',(#14128,#14129));
#282=POLYLINE('',(#14130,#14131));
#283=POLYLINE('',(#14132,#14133));
#284=POLYLINE('',(#14134,#14135));
#285=POLYLINE('',(#14136,#14137));
#286=POLYLINE('',(#14138,#14139));
#287=POLYLINE('',(#14140,#14141));
#288=POLYLINE('',(#14142,#14143));
#289=POLYLINE('',(#14144,#14145));
#290=POLYLINE('',(#14146,#14147));
#291=POLYLINE('',(#14148,#14149));
#292=POLYLINE('',(#14150,#14151));
#293=POLYLINE('',(#14152,#14153));
#294=POLYLINE('',(#14154,#14155));
#295=POLYLINE('',(#14156,#14157));
#296=POLYLINE('',(#14158,#14159));
#297=POLYLINE('',(#14160,#14161));
#298=POLYLINE('',(#14162,#14163));
#299=POLYLINE('',(#14164,#14165));
#300=POLYLINE('',(#14170,#14171));
#301=POLYLINE('',(#14172,#14173));
#302=POLYLINE('',(#14174,#14175));
#303=POLYLINE('',(#14176,#14177));
#304=POLYLINE('',(#14178,#14179));
#305=POLYLINE('',(#14180,#14181));
#306=POLYLINE('',(#14182,#14183));
#307=POLYLINE('',(#14184,#14185));
#308=POLYLINE('',(#14186,#14187));
#309=POLYLINE('',(#14188,#14189));
#310=POLYLINE('',(#14190,#14191));
#311=POLYLINE('',(#14192,#14193));
#312=POLYLINE('',(#14194,#14195));
#313=POLYLINE('',(#14196,#14197));
#314=POLYLINE('',(#14198,#14199));
#315=POLYLINE('',(#14200,#14201));
#316=POLYLINE('',(#14202,#14203));
#317=POLYLINE('',(#14204,#14205));
#318=POLYLINE('',(#14206,#14207));
#319=POLYLINE('',(#14208,#14209));
#320=POLYLINE('',(#14214,#14215));
#321=POLYLINE('',(#14216,#14217));
#322=POLYLINE('',(#14218,#14219));
#323=POLYLINE('',(#14220,#14221));
#324=POLYLINE('',(#14222,#14223));
#325=POLYLINE('',(#14224,#14225));
#326=POLYLINE('',(#14226,#14227));
#327=POLYLINE('',(#14228,#14229));
#328=POLYLINE('',(#14230,#14231));
#329=POLYLINE('',(#14232,#14233));
#330=POLYLINE('',(#14234,#14235));
#331=POLYLINE('',(#14236,#14237));
#332=POLYLINE('',(#14238,#14239));
#333=POLYLINE('',(#14240,#14241));
#334=POLYLINE('',(#14242,#14243));
#335=POLYLINE('',(#14244,#14245));
#336=POLYLINE('',(#14246,#14247));
#337=POLYLINE('',(#14248,#14249));
#338=POLYLINE('',(#14250,#14251));
#339=POLYLINE('',(#14252,#14253));
#340=POLYLINE('',(#14258,#14259));
#341=POLYLINE('',(#14260,#14261));
#342=POLYLINE('',(#14262,#14263));
#343=POLYLINE('',(#14264,#14265));
#344=POLYLINE('',(#14266,#14267));
#345=POLYLINE('',(#14268,#14269));
#346=POLYLINE('',(#14270,#14271));
#347=POLYLINE('',(#14272,#14273));
#348=POLYLINE('',(#14274,#14275));
#349=POLYLINE('',(#14276,#14277));
#350=POLYLINE('',(#14278,#14279));
#351=POLYLINE('',(#14280,#14281));
#352=POLYLINE('',(#14282,#14283));
#353=POLYLINE('',(#14284,#14285));
#354=POLYLINE('',(#14286,#14287));
#355=POLYLINE('',(#14288,#14289));
#356=POLYLINE('',(#14290,#14291));
#357=POLYLINE('',(#14292,#14293));
#358=POLYLINE('',(#14294,#14295));
#359=POLYLINE('',(#14296,#14297));
#360=POLYLINE('',(#14302,#14303));
#361=POLYLINE('',(#14304,#14305));
#362=POLYLINE('',(#14306,#14307));
#363=POLYLINE('',(#14308,#14309));
#364=POLYLINE('',(#14310,#14311));
#365=POLYLINE('',(#14312,#14313));
#366=POLYLINE('',(#14314,#14315));
#367=POLYLINE('',(#14316,#14317));
#368=POLYLINE('',(#14318,#14319));
#369=POLYLINE('',(#14320,#14321));
#370=POLYLINE('',(#14322,#14323));
#371=POLYLINE('',(#14324,#14325));
#372=POLYLINE('',(#14326,#14327));
#373=POLYLINE('',(#14328,#14329));
#374=POLYLINE('',(#14330,#14331));
#375=POLYLINE('',(#14332,#14333));
#376=POLYLINE('',(#14334,#14335));
#377=POLYLINE('',(#14336,#14337));
#378=POLYLINE('',(#14338,#14339));
#379=POLYLINE('',(#14340,#14341));
#380=POLYLINE('',(#14346,#14347));
#381=POLYLINE('',(#14348,#14349));
#382=POLYLINE('',(#14350,#14351));
#383=POLYLINE('',(#14352,#14353));
#384=POLYLINE('',(#14354,#14355));
#385=POLYLINE('',(#14356,#14357));
#386=POLYLINE('',(#14358,#14359));
#387=POLYLINE('',(#14360,#14361));
#388=POLYLINE('',(#14362,#14363));
#389=POLYLINE('',(#14364,#14365));
#390=POLYLINE('',(#14366,#14367));
#391=POLYLINE('',(#14368,#14369));
#392=POLYLINE('',(#14370,#14371));
#393=POLYLINE('',(#14372,#14373));
#394=POLYLINE('',(#14374,#14375));
#395=POLYLINE('',(#14376,#14377));
#396=POLYLINE('',(#14378,#14379));
#397=POLYLINE('',(#14380,#14381));
#398=POLYLINE('',(#14382,#14383));
#399=POLYLINE('',(#14384,#14385));
#400=POLYLINE('',(#14390,#14391));
#401=POLYLINE('',(#14392,#14393));
#402=POLYLINE('',(#14394,#14395));
#403=POLYLINE('',(#14396,#14397));
#404=POLYLINE('',(#14398,#14399));
#405=POLYLINE('',(#14400,#14401));
#406=POLYLINE('',(#14402,#14403));
#407=POLYLINE('',(#14404,#14405));
#408=POLYLINE('',(#14406,#14407));
#409=POLYLINE('',(#14408,#14409));
#410=POLYLINE('',(#14410,#14411));
#411=POLYLINE('',(#14412,#14413));
#412=POLYLINE('',(#14414,#14415));
#413=POLYLINE('',(#14416,#14417));
#414=POLYLINE('',(#14418,#14419));
#415=POLYLINE('',(#14420,#14421));
#416=POLYLINE('',(#14422,#14423));
#417=POLYLINE('',(#14424,#14425));
#418=POLYLINE('',(#14426,#14427));
#419=POLYLINE('',(#14428,#14429));
#420=POLYLINE('',(#14434,#14435));
#421=POLYLINE('',(#14436,#14437));
#422=POLYLINE('',(#14438,#14439));
#423=POLYLINE('',(#14440,#14441));
#424=POLYLINE('',(#14442,#14443));
#425=POLYLINE('',(#14444,#14445));
#426=POLYLINE('',(#14446,#14447));
#427=POLYLINE('',(#14448,#14449));
#428=POLYLINE('',(#14450,#14451));
#429=POLYLINE('',(#14452,#14453));
#430=POLYLINE('',(#14454,#14455));
#431=POLYLINE('',(#14456,#14457));
#432=POLYLINE('',(#14458,#14459));
#433=POLYLINE('',(#14460,#14461));
#434=POLYLINE('',(#14462,#14463));
#435=POLYLINE('',(#14464,#14465));
#436=POLYLINE('',(#14466,#14467));
#437=POLYLINE('',(#14468,#14469));
#438=POLYLINE('',(#14470,#14471));
#439=POLYLINE('',(#14472,#14473));
#440=POLYLINE('',(#14478,#14479));
#441=POLYLINE('',(#14480,#14481));
#442=POLYLINE('',(#14482,#14483));
#443=POLYLINE('',(#14484,#14485));
#444=POLYLINE('',(#14486,#14487));
#445=POLYLINE('',(#14488,#14489));
#446=POLYLINE('',(#14490,#14491));
#447=POLYLINE('',(#14492,#14493));
#448=POLYLINE('',(#14494,#14495));
#449=POLYLINE('',(#14496,#14497));
#450=POLYLINE('',(#14498,#14499));
#451=POLYLINE('',(#14500,#14501));
#452=POLYLINE('',(#14502,#14503));
#453=POLYLINE('',(#14504,#14505));
#454=POLYLINE('',(#14506,#14507));
#455=POLYLINE('',(#14508,#14509));
#456=POLYLINE('',(#14510,#14511));
#457=POLYLINE('',(#14512,#14513));
#458=POLYLINE('',(#14514,#14515));
#459=POLYLINE('',(#14516,#14517));
#460=POLYLINE('',(#14518,#14519));
#461=POLYLINE('',(#14520,#14521));
#462=POLYLINE('',(#14522,#14523));
#463=POLYLINE('',(#14524,#14525));
#464=POLYLINE('',(#14526,#14527));
#465=POLYLINE('',(#14528,#14529));
#466=POLYLINE('',(#14530,#14531));
#467=POLYLINE('',(#14532,#14533));
#468=POLYLINE('',(#14534,#14535));
#469=POLYLINE('',(#14536,#14537));
#470=POLYLINE('',(#14538,#14539));
#471=POLYLINE('',(#14540,#14541));
#472=POLYLINE('',(#14542,#14543));
#473=POLYLINE('',(#14547,#14548));
#474=POLYLINE('',(#14549,#14550));
#475=POLYLINE('',(#14551,#14552));
#476=POLYLINE('',(#14553,#14554));
#477=POLYLINE('',(#14555,#14556));
#478=POLYLINE('',(#14557,#14558));
#479=POLYLINE('',(#14559,#14560));
#480=POLYLINE('',(#14564,#14565));
#481=POLYLINE('',(#14566,#14567));
#482=POLYLINE('',(#14568,#14569));
#483=POLYLINE('',(#14570,#14571));
#484=POLYLINE('',(#14575,#14576));
#485=STYLED_ITEM('',(#8956),#995);
#486=STYLED_ITEM('',(#8957),#59);
#487=STYLED_ITEM('',(#8957),#60);
#488=STYLED_ITEM('',(#8957),#61);
#489=STYLED_ITEM('',(#8957),#62);
#490=STYLED_ITEM('',(#8957),#63);
#491=STYLED_ITEM('',(#8957),#64);
#492=STYLED_ITEM('',(#8957),#65);
#493=STYLED_ITEM('',(#8957),#66);
#494=STYLED_ITEM('',(#8957),#67);
#495=STYLED_ITEM('',(#8957),#68);
#496=STYLED_ITEM('',(#8957),#69);
#497=STYLED_ITEM('',(#8957),#70);
#498=STYLED_ITEM('',(#8957),#4192);
#499=STYLED_ITEM('',(#8957),#4193);
#500=STYLED_ITEM('',(#8957),#4194);
#501=STYLED_ITEM('',(#8957),#4195);
#502=STYLED_ITEM('',(#8957),#71);
#503=STYLED_ITEM('',(#8957),#72);
#504=STYLED_ITEM('',(#8957),#73);
#505=STYLED_ITEM('',(#8957),#74);
#506=STYLED_ITEM('',(#8957),#75);
#507=STYLED_ITEM('',(#8957),#76);
#508=STYLED_ITEM('',(#8957),#77);
#509=STYLED_ITEM('',(#8957),#78);
#510=STYLED_ITEM('',(#8957),#79);
#511=STYLED_ITEM('',(#8957),#80);
#512=STYLED_ITEM('',(#8957),#81);
#513=STYLED_ITEM('',(#8957),#82);
#514=STYLED_ITEM('',(#8957),#83);
#515=STYLED_ITEM('',(#8957),#84);
#516=STYLED_ITEM('',(#8957),#85);
#517=STYLED_ITEM('',(#8957),#86);
#518=STYLED_ITEM('',(#8957),#54);
#519=STYLED_ITEM('',(#8957),#87);
#520=STYLED_ITEM('',(#8957),#55);
#521=STYLED_ITEM('',(#8957),#88);
#522=STYLED_ITEM('',(#8957),#89);
#523=STYLED_ITEM('',(#8957),#90);
#524=STYLED_ITEM('',(#8957),#91);
#525=STYLED_ITEM('',(#8957),#92);
#526=STYLED_ITEM('',(#8957),#93);
#527=STYLED_ITEM('',(#8957),#94);
#528=STYLED_ITEM('',(#8957),#56);
#529=STYLED_ITEM('',(#8957),#95);
#530=STYLED_ITEM('',(#8957),#96);
#531=STYLED_ITEM('',(#8957),#97);
#532=STYLED_ITEM('',(#8957),#98);
#533=STYLED_ITEM('',(#8957),#99);
#534=STYLED_ITEM('',(#8957),#100);
#535=STYLED_ITEM('',(#8957),#101);
#536=STYLED_ITEM('',(#8957),#102);
#537=STYLED_ITEM('',(#8957),#103);
#538=STYLED_ITEM('',(#8957),#104);
#539=STYLED_ITEM('',(#8957),#105);
#540=STYLED_ITEM('',(#8957),#106);
#541=STYLED_ITEM('',(#8957),#107);
#542=STYLED_ITEM('',(#8957),#108);
#543=STYLED_ITEM('',(#8957),#109);
#544=STYLED_ITEM('',(#8957),#110);
#545=STYLED_ITEM('',(#8957),#111);
#546=STYLED_ITEM('',(#8957),#112);
#547=STYLED_ITEM('',(#8957),#113);
#548=STYLED_ITEM('',(#8957),#114);
#549=STYLED_ITEM('',(#8957),#115);
#550=STYLED_ITEM('',(#8957),#116);
#551=STYLED_ITEM('',(#8957),#117);
#552=STYLED_ITEM('',(#8957),#118);
#553=STYLED_ITEM('',(#8957),#119);
#554=STYLED_ITEM('',(#8957),#120);
#555=STYLED_ITEM('',(#8957),#121);
#556=STYLED_ITEM('',(#8957),#122);
#557=STYLED_ITEM('',(#8957),#123);
#558=STYLED_ITEM('',(#8957),#124);
#559=STYLED_ITEM('',(#8957),#125);
#560=STYLED_ITEM('',(#8957),#126);
#561=STYLED_ITEM('',(#8957),#127);
#562=STYLED_ITEM('',(#8957),#4199);
#563=STYLED_ITEM('',(#8957),#4200);
#564=STYLED_ITEM('',(#8957),#4201);
#565=STYLED_ITEM('',(#8957),#4202);
#566=STYLED_ITEM('',(#8957),#4203);
#567=STYLED_ITEM('',(#8957),#4204);
#568=STYLED_ITEM('',(#8957),#128);
#569=STYLED_ITEM('',(#8957),#129);
#570=STYLED_ITEM('',(#8957),#130);
#571=STYLED_ITEM('',(#8957),#131);
#572=STYLED_ITEM('',(#8957),#132);
#573=STYLED_ITEM('',(#8957),#133);
#574=STYLED_ITEM('',(#8957),#134);
#575=STYLED_ITEM('',(#8957),#135);
#576=STYLED_ITEM('',(#8957),#136);
#577=STYLED_ITEM('',(#8957),#137);
#578=STYLED_ITEM('',(#8957),#138);
#579=STYLED_ITEM('',(#8957),#139);
#580=STYLED_ITEM('',(#8957),#140);
#581=STYLED_ITEM('',(#8957),#141);
#582=STYLED_ITEM('',(#8957),#142);
#583=STYLED_ITEM('',(#8957),#143);
#584=STYLED_ITEM('',(#8957),#144);
#585=STYLED_ITEM('',(#8957),#145);
#586=STYLED_ITEM('',(#8957),#146);
#587=STYLED_ITEM('',(#8957),#147);
#588=STYLED_ITEM('',(#8957),#148);
#589=STYLED_ITEM('',(#8957),#149);
#590=STYLED_ITEM('',(#8957),#150);
#591=STYLED_ITEM('',(#8957),#151);
#592=STYLED_ITEM('',(#8957),#152);
#593=STYLED_ITEM('',(#8957),#153);
#594=STYLED_ITEM('',(#8957),#154);
#595=STYLED_ITEM('',(#8957),#155);
#596=STYLED_ITEM('',(#8957),#156);
#597=STYLED_ITEM('',(#8957),#157);
#598=STYLED_ITEM('',(#8957),#158);
#599=STYLED_ITEM('',(#8957),#159);
#600=STYLED_ITEM('',(#8957),#4205);
#601=STYLED_ITEM('',(#8957),#4206);
#602=STYLED_ITEM('',(#8957),#4207);
#603=STYLED_ITEM('',(#8957),#4208);
#604=STYLED_ITEM('',(#8957),#160);
#605=STYLED_ITEM('',(#8957),#161);
#606=STYLED_ITEM('',(#8957),#162);
#607=STYLED_ITEM('',(#8957),#163);
#608=STYLED_ITEM('',(#8957),#164);
#609=STYLED_ITEM('',(#8957),#165);
#610=STYLED_ITEM('',(#8957),#166);
#611=STYLED_ITEM('',(#8957),#167);
#612=STYLED_ITEM('',(#8957),#168);
#613=STYLED_ITEM('',(#8957),#169);
#614=STYLED_ITEM('',(#8957),#170);
#615=STYLED_ITEM('',(#8957),#171);
#616=STYLED_ITEM('',(#8957),#172);
#617=STYLED_ITEM('',(#8957),#173);
#618=STYLED_ITEM('',(#8957),#174);
#619=STYLED_ITEM('',(#8957),#175);
#620=STYLED_ITEM('',(#8957),#176);
#621=STYLED_ITEM('',(#8957),#177);
#622=STYLED_ITEM('',(#8957),#178);
#623=STYLED_ITEM('',(#8957),#179);
#624=STYLED_ITEM('',(#8957),#4209);
#625=STYLED_ITEM('',(#8957),#4210);
#626=STYLED_ITEM('',(#8957),#4211);
#627=STYLED_ITEM('',(#8957),#4212);
#628=STYLED_ITEM('',(#8957),#180);
#629=STYLED_ITEM('',(#8957),#181);
#630=STYLED_ITEM('',(#8957),#182);
#631=STYLED_ITEM('',(#8957),#183);
#632=STYLED_ITEM('',(#8957),#184);
#633=STYLED_ITEM('',(#8957),#185);
#634=STYLED_ITEM('',(#8957),#186);
#635=STYLED_ITEM('',(#8957),#187);
#636=STYLED_ITEM('',(#8957),#188);
#637=STYLED_ITEM('',(#8957),#189);
#638=STYLED_ITEM('',(#8957),#190);
#639=STYLED_ITEM('',(#8957),#191);
#640=STYLED_ITEM('',(#8957),#192);
#641=STYLED_ITEM('',(#8957),#193);
#642=STYLED_ITEM('',(#8957),#194);
#643=STYLED_ITEM('',(#8957),#195);
#644=STYLED_ITEM('',(#8957),#196);
#645=STYLED_ITEM('',(#8957),#197);
#646=STYLED_ITEM('',(#8957),#198);
#647=STYLED_ITEM('',(#8957),#199);
#648=STYLED_ITEM('',(#8957),#4213);
#649=STYLED_ITEM('',(#8957),#4214);
#650=STYLED_ITEM('',(#8957),#4215);
#651=STYLED_ITEM('',(#8957),#4216);
#652=STYLED_ITEM('',(#8957),#200);
#653=STYLED_ITEM('',(#8957),#201);
#654=STYLED_ITEM('',(#8957),#202);
#655=STYLED_ITEM('',(#8957),#203);
#656=STYLED_ITEM('',(#8957),#204);
#657=STYLED_ITEM('',(#8957),#205);
#658=STYLED_ITEM('',(#8957),#206);
#659=STYLED_ITEM('',(#8957),#207);
#660=STYLED_ITEM('',(#8957),#208);
#661=STYLED_ITEM('',(#8957),#209);
#662=STYLED_ITEM('',(#8957),#210);
#663=STYLED_ITEM('',(#8957),#211);
#664=STYLED_ITEM('',(#8957),#212);
#665=STYLED_ITEM('',(#8957),#213);
#666=STYLED_ITEM('',(#8957),#214);
#667=STYLED_ITEM('',(#8957),#215);
#668=STYLED_ITEM('',(#8957),#216);
#669=STYLED_ITEM('',(#8957),#217);
#670=STYLED_ITEM('',(#8957),#218);
#671=STYLED_ITEM('',(#8957),#219);
#672=STYLED_ITEM('',(#8957),#4217);
#673=STYLED_ITEM('',(#8957),#4218);
#674=STYLED_ITEM('',(#8957),#4219);
#675=STYLED_ITEM('',(#8957),#4220);
#676=STYLED_ITEM('',(#8957),#220);
#677=STYLED_ITEM('',(#8957),#221);
#678=STYLED_ITEM('',(#8957),#222);
#679=STYLED_ITEM('',(#8957),#223);
#680=STYLED_ITEM('',(#8957),#224);
#681=STYLED_ITEM('',(#8957),#225);
#682=STYLED_ITEM('',(#8957),#226);
#683=STYLED_ITEM('',(#8957),#227);
#684=STYLED_ITEM('',(#8957),#228);
#685=STYLED_ITEM('',(#8957),#229);
#686=STYLED_ITEM('',(#8957),#230);
#687=STYLED_ITEM('',(#8957),#231);
#688=STYLED_ITEM('',(#8957),#232);
#689=STYLED_ITEM('',(#8957),#233);
#690=STYLED_ITEM('',(#8957),#234);
#691=STYLED_ITEM('',(#8957),#235);
#692=STYLED_ITEM('',(#8957),#236);
#693=STYLED_ITEM('',(#8957),#237);
#694=STYLED_ITEM('',(#8957),#238);
#695=STYLED_ITEM('',(#8957),#239);
#696=STYLED_ITEM('',(#8957),#4221);
#697=STYLED_ITEM('',(#8957),#4222);
#698=STYLED_ITEM('',(#8957),#4223);
#699=STYLED_ITEM('',(#8957),#4224);
#700=STYLED_ITEM('',(#8957),#240);
#701=STYLED_ITEM('',(#8957),#241);
#702=STYLED_ITEM('',(#8957),#242);
#703=STYLED_ITEM('',(#8957),#243);
#704=STYLED_ITEM('',(#8957),#244);
#705=STYLED_ITEM('',(#8957),#245);
#706=STYLED_ITEM('',(#8957),#246);
#707=STYLED_ITEM('',(#8957),#247);
#708=STYLED_ITEM('',(#8957),#248);
#709=STYLED_ITEM('',(#8957),#249);
#710=STYLED_ITEM('',(#8957),#250);
#711=STYLED_ITEM('',(#8957),#251);
#712=STYLED_ITEM('',(#8957),#252);
#713=STYLED_ITEM('',(#8957),#253);
#714=STYLED_ITEM('',(#8957),#254);
#715=STYLED_ITEM('',(#8957),#255);
#716=STYLED_ITEM('',(#8957),#256);
#717=STYLED_ITEM('',(#8957),#257);
#718=STYLED_ITEM('',(#8957),#258);
#719=STYLED_ITEM('',(#8957),#259);
#720=STYLED_ITEM('',(#8957),#4225);
#721=STYLED_ITEM('',(#8957),#4226);
#722=STYLED_ITEM('',(#8957),#4227);
#723=STYLED_ITEM('',(#8957),#4228);
#724=STYLED_ITEM('',(#8957),#260);
#725=STYLED_ITEM('',(#8957),#261);
#726=STYLED_ITEM('',(#8957),#262);
#727=STYLED_ITEM('',(#8957),#263);
#728=STYLED_ITEM('',(#8957),#264);
#729=STYLED_ITEM('',(#8957),#265);
#730=STYLED_ITEM('',(#8957),#266);
#731=STYLED_ITEM('',(#8957),#267);
#732=STYLED_ITEM('',(#8957),#268);
#733=STYLED_ITEM('',(#8957),#269);
#734=STYLED_ITEM('',(#8957),#270);
#735=STYLED_ITEM('',(#8957),#271);
#736=STYLED_ITEM('',(#8957),#272);
#737=STYLED_ITEM('',(#8957),#273);
#738=STYLED_ITEM('',(#8957),#274);
#739=STYLED_ITEM('',(#8957),#275);
#740=STYLED_ITEM('',(#8957),#276);
#741=STYLED_ITEM('',(#8957),#277);
#742=STYLED_ITEM('',(#8957),#278);
#743=STYLED_ITEM('',(#8957),#279);
#744=STYLED_ITEM('',(#8957),#4229);
#745=STYLED_ITEM('',(#8957),#4230);
#746=STYLED_ITEM('',(#8957),#4231);
#747=STYLED_ITEM('',(#8957),#4232);
#748=STYLED_ITEM('',(#8957),#280);
#749=STYLED_ITEM('',(#8957),#281);
#750=STYLED_ITEM('',(#8957),#282);
#751=STYLED_ITEM('',(#8957),#283);
#752=STYLED_ITEM('',(#8957),#284);
#753=STYLED_ITEM('',(#8957),#285);
#754=STYLED_ITEM('',(#8957),#286);
#755=STYLED_ITEM('',(#8957),#287);
#756=STYLED_ITEM('',(#8957),#288);
#757=STYLED_ITEM('',(#8957),#289);
#758=STYLED_ITEM('',(#8957),#290);
#759=STYLED_ITEM('',(#8957),#291);
#760=STYLED_ITEM('',(#8957),#292);
#761=STYLED_ITEM('',(#8957),#293);
#762=STYLED_ITEM('',(#8957),#294);
#763=STYLED_ITEM('',(#8957),#295);
#764=STYLED_ITEM('',(#8957),#296);
#765=STYLED_ITEM('',(#8957),#297);
#766=STYLED_ITEM('',(#8957),#298);
#767=STYLED_ITEM('',(#8957),#299);
#768=STYLED_ITEM('',(#8957),#4233);
#769=STYLED_ITEM('',(#8957),#4234);
#770=STYLED_ITEM('',(#8957),#4235);
#771=STYLED_ITEM('',(#8957),#4236);
#772=STYLED_ITEM('',(#8957),#300);
#773=STYLED_ITEM('',(#8957),#301);
#774=STYLED_ITEM('',(#8957),#302);
#775=STYLED_ITEM('',(#8957),#303);
#776=STYLED_ITEM('',(#8957),#304);
#777=STYLED_ITEM('',(#8957),#305);
#778=STYLED_ITEM('',(#8957),#306);
#779=STYLED_ITEM('',(#8957),#307);
#780=STYLED_ITEM('',(#8957),#308);
#781=STYLED_ITEM('',(#8957),#309);
#782=STYLED_ITEM('',(#8957),#310);
#783=STYLED_ITEM('',(#8957),#311);
#784=STYLED_ITEM('',(#8957),#312);
#785=STYLED_ITEM('',(#8957),#313);
#786=STYLED_ITEM('',(#8957),#314);
#787=STYLED_ITEM('',(#8957),#315);
#788=STYLED_ITEM('',(#8957),#316);
#789=STYLED_ITEM('',(#8957),#317);
#790=STYLED_ITEM('',(#8957),#318);
#791=STYLED_ITEM('',(#8957),#319);
#792=STYLED_ITEM('',(#8957),#4237);
#793=STYLED_ITEM('',(#8957),#4238);
#794=STYLED_ITEM('',(#8957),#4239);
#795=STYLED_ITEM('',(#8957),#4240);
#796=STYLED_ITEM('',(#8957),#320);
#797=STYLED_ITEM('',(#8957),#321);
#798=STYLED_ITEM('',(#8957),#322);
#799=STYLED_ITEM('',(#8957),#323);
#800=STYLED_ITEM('',(#8957),#324);
#801=STYLED_ITEM('',(#8957),#325);
#802=STYLED_ITEM('',(#8957),#326);
#803=STYLED_ITEM('',(#8957),#327);
#804=STYLED_ITEM('',(#8957),#328);
#805=STYLED_ITEM('',(#8957),#329);
#806=STYLED_ITEM('',(#8957),#330);
#807=STYLED_ITEM('',(#8957),#331);
#808=STYLED_ITEM('',(#8957),#332);
#809=STYLED_ITEM('',(#8957),#333);
#810=STYLED_ITEM('',(#8957),#334);
#811=STYLED_ITEM('',(#8957),#335);
#812=STYLED_ITEM('',(#8957),#336);
#813=STYLED_ITEM('',(#8957),#337);
#814=STYLED_ITEM('',(#8957),#338);
#815=STYLED_ITEM('',(#8957),#339);
#816=STYLED_ITEM('',(#8957),#4241);
#817=STYLED_ITEM('',(#8957),#4242);
#818=STYLED_ITEM('',(#8957),#4243);
#819=STYLED_ITEM('',(#8957),#4244);
#820=STYLED_ITEM('',(#8957),#340);
#821=STYLED_ITEM('',(#8957),#341);
#822=STYLED_ITEM('',(#8957),#342);
#823=STYLED_ITEM('',(#8957),#343);
#824=STYLED_ITEM('',(#8957),#344);
#825=STYLED_ITEM('',(#8957),#345);
#826=STYLED_ITEM('',(#8957),#346);
#827=STYLED_ITEM('',(#8957),#347);
#828=STYLED_ITEM('',(#8957),#348);
#829=STYLED_ITEM('',(#8957),#349);
#830=STYLED_ITEM('',(#8957),#350);
#831=STYLED_ITEM('',(#8957),#351);
#832=STYLED_ITEM('',(#8957),#352);
#833=STYLED_ITEM('',(#8957),#353);
#834=STYLED_ITEM('',(#8957),#354);
#835=STYLED_ITEM('',(#8957),#355);
#836=STYLED_ITEM('',(#8957),#356);
#837=STYLED_ITEM('',(#8957),#357);
#838=STYLED_ITEM('',(#8957),#358);
#839=STYLED_ITEM('',(#8957),#359);
#840=STYLED_ITEM('',(#8957),#4245);
#841=STYLED_ITEM('',(#8957),#4246);
#842=STYLED_ITEM('',(#8957),#4247);
#843=STYLED_ITEM('',(#8957),#4248);
#844=STYLED_ITEM('',(#8957),#360);
#845=STYLED_ITEM('',(#8957),#361);
#846=STYLED_ITEM('',(#8957),#362);
#847=STYLED_ITEM('',(#8957),#363);
#848=STYLED_ITEM('',(#8957),#364);
#849=STYLED_ITEM('',(#8957),#365);
#850=STYLED_ITEM('',(#8957),#366);
#851=STYLED_ITEM('',(#8957),#367);
#852=STYLED_ITEM('',(#8957),#368);
#853=STYLED_ITEM('',(#8957),#369);
#854=STYLED_ITEM('',(#8957),#370);
#855=STYLED_ITEM('',(#8957),#371);
#856=STYLED_ITEM('',(#8957),#372);
#857=STYLED_ITEM('',(#8957),#373);
#858=STYLED_ITEM('',(#8957),#374);
#859=STYLED_ITEM('',(#8957),#375);
#860=STYLED_ITEM('',(#8957),#376);
#861=STYLED_ITEM('',(#8957),#377);
#862=STYLED_ITEM('',(#8957),#378);
#863=STYLED_ITEM('',(#8957),#379);
#864=STYLED_ITEM('',(#8957),#4249);
#865=STYLED_ITEM('',(#8957),#4250);
#866=STYLED_ITEM('',(#8957),#4251);
#867=STYLED_ITEM('',(#8957),#4252);
#868=STYLED_ITEM('',(#8957),#380);
#869=STYLED_ITEM('',(#8957),#381);
#870=STYLED_ITEM('',(#8957),#382);
#871=STYLED_ITEM('',(#8957),#383);
#872=STYLED_ITEM('',(#8957),#384);
#873=STYLED_ITEM('',(#8957),#385);
#874=STYLED_ITEM('',(#8957),#386);
#875=STYLED_ITEM('',(#8957),#387);
#876=STYLED_ITEM('',(#8957),#388);
#877=STYLED_ITEM('',(#8957),#389);
#878=STYLED_ITEM('',(#8957),#390);
#879=STYLED_ITEM('',(#8957),#391);
#880=STYLED_ITEM('',(#8957),#392);
#881=STYLED_ITEM('',(#8957),#393);
#882=STYLED_ITEM('',(#8957),#394);
#883=STYLED_ITEM('',(#8957),#395);
#884=STYLED_ITEM('',(#8957),#396);
#885=STYLED_ITEM('',(#8957),#397);
#886=STYLED_ITEM('',(#8957),#398);
#887=STYLED_ITEM('',(#8957),#399);
#888=STYLED_ITEM('',(#8957),#4253);
#889=STYLED_ITEM('',(#8957),#4254);
#890=STYLED_ITEM('',(#8957),#4255);
#891=STYLED_ITEM('',(#8957),#4256);
#892=STYLED_ITEM('',(#8957),#400);
#893=STYLED_ITEM('',(#8957),#401);
#894=STYLED_ITEM('',(#8957),#402);
#895=STYLED_ITEM('',(#8957),#403);
#896=STYLED_ITEM('',(#8957),#404);
#897=STYLED_ITEM('',(#8957),#405);
#898=STYLED_ITEM('',(#8957),#406);
#899=STYLED_ITEM('',(#8957),#407);
#900=STYLED_ITEM('',(#8957),#408);
#901=STYLED_ITEM('',(#8957),#409);
#902=STYLED_ITEM('',(#8957),#410);
#903=STYLED_ITEM('',(#8957),#411);
#904=STYLED_ITEM('',(#8957),#412);
#905=STYLED_ITEM('',(#8957),#413);
#906=STYLED_ITEM('',(#8957),#414);
#907=STYLED_ITEM('',(#8957),#415);
#908=STYLED_ITEM('',(#8957),#416);
#909=STYLED_ITEM('',(#8957),#417);
#910=STYLED_ITEM('',(#8957),#418);
#911=STYLED_ITEM('',(#8957),#419);
#912=STYLED_ITEM('',(#8957),#4257);
#913=STYLED_ITEM('',(#8957),#4258);
#914=STYLED_ITEM('',(#8957),#4259);
#915=STYLED_ITEM('',(#8957),#4260);
#916=STYLED_ITEM('',(#8957),#420);
#917=STYLED_ITEM('',(#8957),#421);
#918=STYLED_ITEM('',(#8957),#422);
#919=STYLED_ITEM('',(#8957),#423);
#920=STYLED_ITEM('',(#8957),#424);
#921=STYLED_ITEM('',(#8957),#425);
#922=STYLED_ITEM('',(#8957),#426);
#923=STYLED_ITEM('',(#8957),#427);
#924=STYLED_ITEM('',(#8957),#428);
#925=STYLED_ITEM('',(#8957),#429);
#926=STYLED_ITEM('',(#8957),#430);
#927=STYLED_ITEM('',(#8957),#431);
#928=STYLED_ITEM('',(#8957),#432);
#929=STYLED_ITEM('',(#8957),#433);
#930=STYLED_ITEM('',(#8957),#434);
#931=STYLED_ITEM('',(#8957),#435);
#932=STYLED_ITEM('',(#8957),#436);
#933=STYLED_ITEM('',(#8957),#437);
#934=STYLED_ITEM('',(#8957),#438);
#935=STYLED_ITEM('',(#8957),#439);
#936=STYLED_ITEM('',(#8957),#4261);
#937=STYLED_ITEM('',(#8957),#4262);
#938=STYLED_ITEM('',(#8957),#4263);
#939=STYLED_ITEM('',(#8957),#4264);
#940=STYLED_ITEM('',(#8957),#440);
#941=STYLED_ITEM('',(#8957),#441);
#942=STYLED_ITEM('',(#8957),#442);
#943=STYLED_ITEM('',(#8957),#443);
#944=STYLED_ITEM('',(#8957),#444);
#945=STYLED_ITEM('',(#8957),#445);
#946=STYLED_ITEM('',(#8957),#446);
#947=STYLED_ITEM('',(#8957),#447);
#948=STYLED_ITEM('',(#8957),#448);
#949=STYLED_ITEM('',(#8957),#449);
#950=STYLED_ITEM('',(#8957),#450);
#951=STYLED_ITEM('',(#8957),#451);
#952=STYLED_ITEM('',(#8957),#452);
#953=STYLED_ITEM('',(#8957),#453);
#954=STYLED_ITEM('',(#8957),#454);
#955=STYLED_ITEM('',(#8957),#455);
#956=STYLED_ITEM('',(#8957),#456);
#957=STYLED_ITEM('',(#8957),#457);
#958=STYLED_ITEM('',(#8957),#458);
#959=STYLED_ITEM('',(#8957),#459);
#960=STYLED_ITEM('',(#8957),#460);
#961=STYLED_ITEM('',(#8957),#461);
#962=STYLED_ITEM('',(#8957),#462);
#963=STYLED_ITEM('',(#8957),#463);
#964=STYLED_ITEM('',(#8957),#464);
#965=STYLED_ITEM('',(#8957),#465);
#966=STYLED_ITEM('',(#8957),#466);
#967=STYLED_ITEM('',(#8957),#467);
#968=STYLED_ITEM('',(#8957),#468);
#969=STYLED_ITEM('',(#8957),#469);
#970=STYLED_ITEM('',(#8957),#470);
#971=STYLED_ITEM('',(#8957),#471);
#972=STYLED_ITEM('',(#8958),#472);
#973=STYLED_ITEM('',(#8958),#57);
#974=STYLED_ITEM('',(#8958),#473);
#975=STYLED_ITEM('',(#8958),#474);
#976=STYLED_ITEM('',(#8958),#475);
#977=STYLED_ITEM('',(#8958),#476);
#978=STYLED_ITEM('',(#8958),#477);
#979=STYLED_ITEM('',(#8958),#478);
#980=STYLED_ITEM('',(#8958),#479);
#981=STYLED_ITEM('',(#8958),#58);
#982=STYLED_ITEM('',(#8958),#480);
#983=STYLED_ITEM('',(#8958),#481);
#984=STYLED_ITEM('',(#8958),#482);
#985=STYLED_ITEM('',(#8958),#483);
#986=STYLED_ITEM('',(#8958),#4267);
#987=STYLED_ITEM('',(#8958),#4268);
#988=STYLED_ITEM('',(#8958),#4269);
#989=STYLED_ITEM('',(#8958),#484);
#990=STYLED_ITEM('',(#8959),#996);
#991=STYLED_ITEM('',(#8960),#997);
#992=STYLED_ITEM('',(#8961),#998);
#993=STYLED_ITEM('',(#8962),#999);
#994=STYLED_ITEM('',(#8963),#1000);
#995=MANIFOLD_SOLID_BREP('\X2\C194B9ACB4DC\X0\1',#8879);
#996=MANIFOLD_SOLID_BREP('\X2\C194B9ACB4DC\X0\1',#8880);
#997=MANIFOLD_SOLID_BREP('\X2\C194B9ACB4DC\X0\1',#8881);
#998=MANIFOLD_SOLID_BREP('\X2\C194B9ACB4DC\X0\1',#8882);
#999=MANIFOLD_SOLID_BREP('\X2\C194B9ACB4DC\X0\1',#8883);
#1000=MANIFOLD_SOLID_BREP('\X2\C194B9ACB4DC\X0\1',#8884);
#1001=B_SPLINE_SURFACE_WITH_KNOTS('',3,1,((#13145,#13146),(#13147,#13148),
(#13149,#13150),(#13151,#13152),(#13153,#13154),(#13155,#13156),(#13157,
#13158),(#13159,#13160),(#13161,#13162),(#13163,#13164),(#13165,#13166),
(#13167,#13168),(#13169,#13170),(#13171,#13172),(#13173,#13174),(#13175,
#13176),(#13177,#13178),(#13179,#13180)),.UNSPECIFIED.,.F.,.F.,.F.,(4,1,
1,1,1,1,1,1,1,1,1,1,1,1,1,4),(2,2),(0.,0.01338659532485,0.0267731906497,
0.04015978597454,0.05354638129939,0.06693297662424,0.08031957194909,0.09370616727393,
0.107092762599,0.120479357924,0.133865953248,0.147252548573,0.160639143898,
0.174025739223,0.187412334548,0.200798929873),(-5.83688223460026E-5,1.00000336482513),
 .UNSPECIFIED.);
#1002=B_SPLINE_SURFACE_WITH_KNOTS('',3,1,((#13318,#13319),(#13320,#13321),
(#13322,#13323),(#13324,#13325),(#13326,#13327),(#13328,#13329),(#13330,
#13331),(#13332,#13333),(#13334,#13335),(#13336,#13337),(#13338,#13339),
(#13340,#13341),(#13342,#13343),(#13344,#13345),(#13346,#13347),(#13348,
#13349),(#13350,#13351),(#13352,#13353)),.UNSPECIFIED.,.F.,.F.,.F.,(4,1,
1,1,1,1,1,1,1,1,1,1,1,1,1,4),(2,2),(0.,0.01338659532485,0.0267731906497,
0.04015978597454,0.05354638129939,0.06693297662424,0.08031957194909,0.09370616727393,
0.107092762599,0.120479357924,0.133865953248,0.147252548573,0.160639143898,
0.174025739223,0.187412334548,0.200798929873),(-5.83688145314143E-5,1.0000033648219),
 .UNSPECIFIED.);
#1003=B_SPLINE_SURFACE_WITH_KNOTS('',3,1,((#13367,#13368),(#13369,#13370),
(#13371,#13372),(#13373,#13374),(#13375,#13376),(#13377,#13378),(#13379,
#13380),(#13381,#13382),(#13383,#13384),(#13385,#13386),(#13387,#13388),
(#13389,#13390),(#13391,#13392),(#13393,#13394),(#13395,#13396),(#13397,
#13398),(#13399,#13400),(#13401,#13402)),.UNSPECIFIED.,.F.,.F.,.F.,(4,1,
1,1,1,1,1,1,1,1,1,1,1,1,1,4),(2,2),(0.,0.01526422254642,0.03052844509285,
0.04579266763927,0.0610568901857,0.07632111273212,0.09158533527855,0.106849557825,
0.122113780371,0.137378002918,0.152642225464,0.167906448011,0.183170670557,
0.198434893104,0.21369911565,0.228963338196),(-5.83691435138741E-5,1.0000067873941),
 .UNSPECIFIED.);
#1004=B_SPLINE_SURFACE_WITH_KNOTS('',3,1,((#13453,#13454),(#13455,#13456),
(#13457,#13458),(#13459,#13460),(#13461,#13462),(#13463,#13464),(#13465,
#13466),(#13467,#13468),(#13469,#13470),(#13471,#13472),(#13473,#13474),
(#13475,#13476),(#13477,#13478),(#13479,#13480),(#13481,#13482),(#13483,
#13484),(#13485,#13486),(#13487,#13488)),.UNSPECIFIED.,.F.,.F.,.F.,(4,1,
1,1,1,1,1,1,1,1,1,1,1,1,1,4),(2,2),(0.,0.01526422254643,0.03052844509285,
0.04579266763928,0.0610568901857,0.07632111273212,0.09158533527855,0.106849557825,
0.122113780371,0.137378002918,0.152642225464,0.167906448011,0.183170670557,
0.198434893104,0.21369911565,0.228963338196),(-5.83691513262116E-5,1.00000678739431),
 .UNSPECIFIED.);
#1005=FACE_BOUND('',#2141,.T.);
#1006=FACE_BOUND('',#2142,.T.);
#1007=FACE_BOUND('',#2143,.T.);
#1008=FACE_BOUND('',#2144,.T.);
#1009=FACE_BOUND('',#2145,.T.);
#1010=FACE_BOUND('',#2146,.T.);
#1011=FACE_BOUND('',#2147,.T.);
#1012=FACE_BOUND('',#2148,.T.);
#1013=FACE_BOUND('',#2149,.T.);
#1014=FACE_BOUND('',#2150,.T.);
#1015=FACE_BOUND('',#2151,.T.);
#1016=FACE_BOUND('',#2152,.T.);
#1017=FACE_BOUND('',#2153,.T.);
#1018=FACE_BOUND('',#2154,.T.);
#1019=FACE_BOUND('',#2155,.T.);
#1020=FACE_BOUND('',#2156,.T.);
#1021=FACE_BOUND('',#2157,.T.);
#1022=FACE_BOUND('',#2158,.T.);
#1023=FACE_BOUND('',#2159,.T.);
#1024=FACE_BOUND('',#2160,.T.);
#1025=FACE_BOUND('',#2161,.T.);
#1026=FACE_BOUND('',#2162,.T.);
#1027=FACE_BOUND('',#2163,.T.);
#1028=FACE_BOUND('',#2164,.T.);
#1029=FACE_BOUND('',#2165,.T.);
#1030=FACE_BOUND('',#2166,.T.);
#1031=FACE_BOUND('',#2167,.T.);
#1032=FACE_BOUND('',#2168,.T.);
#1033=FACE_BOUND('',#2169,.T.);
#1034=FACE_BOUND('',#2170,.T.);
#1035=FACE_BOUND('',#2171,.T.);
#1036=FACE_BOUND('',#2172,.T.);
#1037=FACE_BOUND('',#2173,.T.);
#1038=FACE_BOUND('',#2174,.T.);
#1039=FACE_BOUND('',#2175,.T.);
#1040=FACE_BOUND('',#2176,.T.);
#1041=FACE_BOUND('',#2177,.T.);
#1042=FACE_BOUND('',#2178,.T.);
#1043=FACE_BOUND('',#2179,.T.);
#1044=FACE_BOUND('',#2180,.T.);
#1045=FACE_BOUND('',#2181,.T.);
#1046=FACE_BOUND('',#2182,.T.);
#1047=FACE_BOUND('',#2183,.T.);
#1048=FACE_BOUND('',#2184,.T.);
#1049=FACE_BOUND('',#2185,.T.);
#1050=FACE_BOUND('',#2186,.T.);
#1051=FACE_BOUND('',#2187,.T.);
#1052=FACE_BOUND('',#2188,.T.);
#1053=FACE_BOUND('',#2189,.T.);
#1054=FACE_BOUND('',#2190,.T.);
#1055=FACE_BOUND('',#2191,.T.);
#1056=FACE_BOUND('',#2192,.T.);
#1057=FACE_BOUND('',#2193,.T.);
#1058=FACE_BOUND('',#2194,.T.);
#1059=FACE_BOUND('',#2195,.T.);
#1060=FACE_BOUND('',#2196,.T.);
#1061=FACE_BOUND('',#2197,.T.);
#1062=FACE_BOUND('',#2198,.T.);
#1063=FACE_BOUND('',#2199,.T.);
#1064=FACE_BOUND('',#2200,.T.);
#1065=FACE_BOUND('',#2201,.T.);
#1066=FACE_BOUND('',#2202,.T.);
#1067=FACE_BOUND('',#2203,.T.);
#1068=FACE_BOUND('',#2204,.T.);
#1069=FACE_BOUND('',#2205,.T.);
#1070=FACE_BOUND('',#2206,.T.);
#1071=FACE_BOUND('',#2207,.T.);
#1072=FACE_BOUND('',#2208,.T.);
#1073=FACE_BOUND('',#2209,.T.);
#1074=FACE_BOUND('',#2210,.T.);
#1075=FACE_BOUND('',#2211,.T.);
#1076=FACE_BOUND('',#2212,.T.);
#1077=FACE_BOUND('',#2213,.T.);
#1078=FACE_BOUND('',#2214,.T.);
#1079=FACE_BOUND('',#2215,.T.);
#1080=FACE_BOUND('',#2216,.T.);
#1081=FACE_BOUND('',#2217,.T.);
#1082=FACE_BOUND('',#2218,.T.);
#1083=FACE_BOUND('',#2219,.T.);
#1084=FACE_BOUND('',#2220,.T.);
#1085=FACE_BOUND('',#2221,.T.);
#1086=FACE_BOUND('',#2222,.T.);
#1087=FACE_BOUND('',#2225,.T.);
#1088=FACE_BOUND('',#2226,.T.);
#1089=FACE_BOUND('',#2227,.T.);
#1090=FACE_BOUND('',#2228,.T.);
#1091=FACE_BOUND('',#2229,.T.);
#1092=FACE_BOUND('',#2230,.T.);
#1093=FACE_BOUND('',#2231,.T.);
#1094=FACE_BOUND('',#2232,.T.);
#1095=FACE_BOUND('',#2233,.T.);
#1096=FACE_BOUND('',#2234,.T.);
#1097=FACE_BOUND('',#2235,.T.);
#1098=FACE_BOUND('',#2236,.T.);
#1099=FACE_BOUND('',#2237,.T.);
#1100=FACE_BOUND('',#2238,.T.);
#1101=FACE_BOUND('',#2239,.T.);
#1102=FACE_BOUND('',#2240,.T.);
#1103=FACE_BOUND('',#2241,.T.);
#1104=FACE_BOUND('',#2242,.T.);
#1105=FACE_BOUND('',#2243,.T.);
#1106=FACE_BOUND('',#2244,.T.);
#1107=FACE_BOUND('',#2245,.T.);
#1108=FACE_BOUND('',#2246,.T.);
#1109=FACE_BOUND('',#2247,.T.);
#1110=FACE_BOUND('',#2248,.T.);
#1111=FACE_BOUND('',#2249,.T.);
#1112=FACE_BOUND('',#2250,.T.);
#1113=FACE_BOUND('',#2251,.T.);
#1114=FACE_BOUND('',#2252,.T.);
#1115=FACE_BOUND('',#2253,.T.);
#1116=FACE_BOUND('',#2254,.T.);
#1117=FACE_BOUND('',#2255,.T.);
#1118=FACE_BOUND('',#2256,.T.);
#1119=FACE_BOUND('',#2257,.T.);
#1120=FACE_BOUND('',#2258,.T.);
#1121=FACE_BOUND('',#2259,.T.);
#1122=FACE_BOUND('',#2260,.T.);
#1123=FACE_BOUND('',#2261,.T.);
#1124=FACE_BOUND('',#2262,.T.);
#1125=FACE_BOUND('',#2263,.T.);
#1126=FACE_BOUND('',#2264,.T.);
#1127=FACE_BOUND('',#2265,.T.);
#1128=FACE_BOUND('',#2266,.T.);
#1129=FACE_BOUND('',#2267,.T.);
#1130=FACE_BOUND('',#2268,.T.);
#1131=FACE_BOUND('',#2269,.T.);
#1132=FACE_BOUND('',#2270,.T.);
#1133=FACE_BOUND('',#2271,.T.);
#1134=FACE_BOUND('',#2272,.T.);
#1135=FACE_BOUND('',#2273,.T.);
#1136=FACE_BOUND('',#2274,.T.);
#1137=FACE_BOUND('',#2275,.T.);
#1138=FACE_BOUND('',#2276,.T.);
#1139=FACE_BOUND('',#2277,.T.);
#1140=FACE_BOUND('',#2278,.T.);
#1141=FACE_BOUND('',#2279,.T.);
#1142=FACE_BOUND('',#2280,.T.);
#1143=FACE_BOUND('',#2281,.T.);
#1144=FACE_BOUND('',#2282,.T.);
#1145=FACE_BOUND('',#2283,.T.);
#1146=FACE_BOUND('',#2284,.T.);
#1147=FACE_BOUND('',#2285,.T.);
#1148=FACE_BOUND('',#2286,.T.);
#1149=FACE_BOUND('',#2287,.T.);
#1150=FACE_BOUND('',#2288,.T.);
#1151=FACE_BOUND('',#2289,.T.);
#1152=FACE_BOUND('',#2290,.T.);
#1153=FACE_BOUND('',#2291,.T.);
#1154=FACE_BOUND('',#2292,.T.);
#1155=FACE_BOUND('',#2293,.T.);
#1156=FACE_BOUND('',#2294,.T.);
#1157=FACE_BOUND('',#2295,.T.);
#1158=FACE_BOUND('',#2296,.T.);
#1159=FACE_BOUND('',#2297,.T.);
#1160=FACE_BOUND('',#2298,.T.);
#1161=FACE_BOUND('',#2299,.T.);
#1162=FACE_BOUND('',#2300,.T.);
#1163=FACE_BOUND('',#2301,.T.);
#1164=FACE_BOUND('',#2302,.T.);
#1165=FACE_BOUND('',#2303,.T.);
#1166=FACE_BOUND('',#2304,.T.);
#1167=FACE_BOUND('',#2305,.T.);
#1168=FACE_BOUND('',#2306,.T.);
#1169=FACE_BOUND('',#2312,.T.);
#1170=FACE_BOUND('',#2313,.T.);
#1171=FACE_BOUND('',#2314,.T.);
#1172=FACE_BOUND('',#2324,.T.);
#1173=FACE_BOUND('',#2339,.T.);
#1174=FACE_BOUND('',#2340,.T.);
#1175=FACE_BOUND('',#2341,.T.);
#1176=FACE_BOUND('',#2356,.T.);
#1177=FACE_BOUND('',#2357,.T.);
#1178=FACE_BOUND('',#2361,.T.);
#1179=FACE_BOUND('',#2362,.T.);
#1180=FACE_BOUND('',#2363,.T.);
#1181=FACE_BOUND('',#2368,.T.);
#1182=FACE_BOUND('',#2369,.T.);
#1183=FACE_BOUND('',#2371,.T.);
#1184=FACE_BOUND('',#2372,.T.);
#1185=FACE_BOUND('',#2373,.T.);
#1186=FACE_BOUND('',#2382,.T.);
#1187=FACE_BOUND('',#2392,.T.);
#1188=FACE_BOUND('',#2393,.T.);
#1189=FACE_BOUND('',#2400,.T.);
#1190=FACE_BOUND('',#2401,.T.);
#1191=FACE_BOUND('',#2408,.T.);
#1192=FACE_BOUND('',#2409,.T.);
#1193=FACE_BOUND('',#2410,.T.);
#1194=FACE_BOUND('',#2415,.T.);
#1195=FACE_BOUND('',#2416,.T.);
#1196=FACE_BOUND('',#2417,.T.);
#1197=FACE_BOUND('',#2424,.T.);
#1198=FACE_BOUND('',#2425,.T.);
#1199=FACE_BOUND('',#2426,.T.);
#1200=FACE_BOUND('',#2432,.T.);
#1201=FACE_BOUND('',#2433,.T.);
#1202=FACE_BOUND('',#2434,.T.);
#1203=FACE_BOUND('',#2440,.T.);
#1204=FACE_BOUND('',#2441,.T.);
#1205=FACE_BOUND('',#2442,.T.);
#1206=FACE_BOUND('',#2448,.T.);
#1207=FACE_BOUND('',#2449,.T.);
#1208=FACE_BOUND('',#2450,.T.);
#1209=FACE_BOUND('',#2479,.T.);
#1210=FACE_BOUND('',#2480,.T.);
#1211=FACE_BOUND('',#2481,.T.);
#1212=FACE_BOUND('',#2482,.T.);
#1213=FACE_BOUND('',#2483,.T.);
#1214=FACE_BOUND('',#2484,.T.);
#1215=FACE_BOUND('',#2485,.T.);
#1216=FACE_BOUND('',#2486,.T.);
#1217=FACE_BOUND('',#2487,.T.);
#1218=FACE_BOUND('',#2488,.T.);
#1219=FACE_BOUND('',#2489,.T.);
#1220=FACE_BOUND('',#2490,.T.);
#1221=FACE_BOUND('',#2491,.T.);
#1222=FACE_BOUND('',#2492,.T.);
#1223=FACE_BOUND('',#2500,.T.);
#1224=FACE_BOUND('',#2501,.T.);
#1225=FACE_BOUND('',#2502,.T.);
#1226=FACE_BOUND('',#2514,.T.);
#1227=FACE_BOUND('',#2515,.T.);
#1228=FACE_BOUND('',#2516,.T.);
#1229=FACE_BOUND('',#2529,.T.);
#1230=FACE_BOUND('',#2530,.T.);
#1231=FACE_BOUND('',#2531,.T.);
#1232=FACE_BOUND('',#2535,.T.);
#1233=FACE_BOUND('',#2536,.T.);
#1234=FACE_BOUND('',#2537,.T.);
#1235=FACE_BOUND('',#2543,.T.);
#1236=FACE_BOUND('',#2544,.T.);
#1237=FACE_BOUND('',#2545,.T.);
#1238=FACE_BOUND('',#2546,.T.);
#1239=FACE_BOUND('',#2547,.T.);
#1240=FACE_BOUND('',#2548,.T.);
#1241=FACE_BOUND('',#2549,.T.);
#1242=FACE_BOUND('',#2550,.T.);
#1243=FACE_BOUND('',#2551,.T.);
#1244=FACE_BOUND('',#2552,.T.);
#1245=FACE_BOUND('',#2553,.T.);
#1246=FACE_BOUND('',#2554,.T.);
#1247=FACE_BOUND('',#2555,.T.);
#1248=FACE_BOUND('',#2556,.T.);
#1249=FACE_BOUND('',#2675,.T.);
#1250=FACE_BOUND('',#2676,.T.);
#1251=FACE_BOUND('',#2677,.T.);
#1252=FACE_BOUND('',#2678,.T.);
#1253=FACE_BOUND('',#2679,.T.);
#1254=FACE_BOUND('',#2680,.T.);
#1255=FACE_BOUND('',#2681,.T.);
#1256=FACE_BOUND('',#2682,.T.);
#1257=FACE_BOUND('',#2683,.T.);
#1258=FACE_BOUND('',#2684,.T.);
#1259=FACE_BOUND('',#2685,.T.);
#1260=FACE_BOUND('',#2686,.T.);
#1261=FACE_BOUND('',#2687,.T.);
#1262=FACE_BOUND('',#2688,.T.);
#1263=FACE_BOUND('',#2689,.T.);
#1264=FACE_BOUND('',#2690,.T.);
#1265=FACE_BOUND('',#2691,.T.);
#1266=FACE_BOUND('',#2692,.T.);
#1267=FACE_BOUND('',#2693,.T.);
#1268=FACE_BOUND('',#2694,.T.);
#1269=FACE_BOUND('',#2695,.T.);
#1270=FACE_BOUND('',#2696,.T.);
#1271=FACE_BOUND('',#2697,.T.);
#1272=FACE_BOUND('',#2698,.T.);
#1273=FACE_BOUND('',#2699,.T.);
#1274=FACE_BOUND('',#2700,.T.);
#1275=FACE_BOUND('',#2701,.T.);
#1276=FACE_BOUND('',#2702,.T.);
#1277=FACE_BOUND('',#2703,.T.);
#1278=FACE_BOUND('',#2704,.T.);
#1279=FACE_BOUND('',#2705,.T.);
#1280=FACE_BOUND('',#2706,.T.);
#1281=FACE_BOUND('',#2707,.T.);
#1282=FACE_BOUND('',#2708,.T.);
#1283=FACE_BOUND('',#2709,.T.);
#1284=FACE_BOUND('',#2710,.T.);
#1285=FACE_BOUND('',#2711,.T.);
#1286=FACE_BOUND('',#2712,.T.);
#1287=FACE_BOUND('',#2713,.T.);
#1288=FACE_BOUND('',#2714,.T.);
#1289=FACE_BOUND('',#2715,.T.);
#1290=FACE_BOUND('',#2716,.T.);
#1291=FACE_BOUND('',#2717,.T.);
#1292=FACE_BOUND('',#2718,.T.);
#1293=FACE_BOUND('',#2719,.T.);
#1294=FACE_BOUND('',#2720,.T.);
#1295=FACE_BOUND('',#2721,.T.);
#1296=FACE_BOUND('',#2722,.T.);
#1297=FACE_BOUND('',#2723,.T.);
#1298=FACE_BOUND('',#2724,.T.);
#1299=FACE_BOUND('',#2726,.T.);
#1300=FACE_BOUND('',#2727,.T.);
#1301=FACE_BOUND('',#2728,.T.);
#1302=FACE_BOUND('',#2729,.T.);
#1303=FACE_BOUND('',#2730,.T.);
#1304=FACE_BOUND('',#2731,.T.);
#1305=FACE_BOUND('',#2732,.T.);
#1306=FACE_BOUND('',#2733,.T.);
#1307=FACE_BOUND('',#2734,.T.);
#1308=FACE_BOUND('',#2735,.T.);
#1309=FACE_BOUND('',#2736,.T.);
#1310=FACE_BOUND('',#2737,.T.);
#1311=FACE_BOUND('',#2738,.T.);
#1312=FACE_BOUND('',#2739,.T.);
#1313=FACE_BOUND('',#2740,.T.);
#1314=FACE_BOUND('',#2741,.T.);
#1315=FACE_BOUND('',#2742,.T.);
#1316=FACE_BOUND('',#2743,.T.);
#1317=FACE_BOUND('',#2744,.T.);
#1318=FACE_BOUND('',#2745,.T.);
#1319=FACE_BOUND('',#2746,.T.);
#1320=FACE_BOUND('',#2747,.T.);
#1321=FACE_BOUND('',#2748,.T.);
#1322=FACE_BOUND('',#2749,.T.);
#1323=FACE_BOUND('',#2750,.T.);
#1324=FACE_BOUND('',#2751,.T.);
#1325=FACE_BOUND('',#2752,.T.);
#1326=FACE_BOUND('',#2753,.T.);
#1327=FACE_BOUND('',#2754,.T.);
#1328=FACE_BOUND('',#2755,.T.);
#1329=FACE_BOUND('',#2756,.T.);
#1330=FACE_BOUND('',#2757,.T.);
#1331=FACE_BOUND('',#2758,.T.);
#1332=FACE_BOUND('',#2759,.T.);
#1333=FACE_BOUND('',#2760,.T.);
#1334=FACE_BOUND('',#2761,.T.);
#1335=FACE_BOUND('',#2762,.T.);
#1336=FACE_BOUND('',#2763,.T.);
#1337=FACE_BOUND('',#2764,.T.);
#1338=FACE_BOUND('',#2765,.T.);
#1339=FACE_BOUND('',#2766,.T.);
#1340=FACE_BOUND('',#2767,.T.);
#1341=FACE_BOUND('',#2768,.T.);
#1342=FACE_BOUND('',#2769,.T.);
#1343=FACE_BOUND('',#2770,.T.);
#1344=FACE_BOUND('',#2771,.T.);
#1345=FACE_BOUND('',#2772,.T.);
#1346=FACE_BOUND('',#2773,.T.);
#1347=FACE_BOUND('',#2774,.T.);
#1348=FACE_BOUND('',#2775,.T.);
#1349=B_SPLINE_CURVE_WITH_KNOTS('',3,(#13010,#13011,#13012,#13013,#13014,
#13015,#13016,#13017,#13018,#13019),.UNSPECIFIED.,.F.,.F.,(4,2,2,2,4),(-0.331297040902632,
-0.248472899792152,-0.16564852045139,-0.0828241411090413,0.),
 .UNSPECIFIED.);
#1350=B_SPLINE_CURVE_WITH_KNOTS('',3,(#13034,#13035,#13036,#13037,#13038,
#13039,#13040,#13041,#13042,#13043,#13044,#13045,#13046,#13047),
 .UNSPECIFIED.,.F.,.F.,(4,2,2,2,2,2,4),(0.,0.0727774898133158,0.145555341137302,
0.291461574974322,0.437367808812251,0.510145660136503,0.582923149947407),
 .UNSPECIFIED.);
#1351=B_SPLINE_CURVE_WITH_KNOTS('',3,(#13132,#13133,#13134,#13135,#13136,
#13137,#13138,#13139,#13140,#13141),.UNSPECIFIED.,.F.,.F.,(4,2,2,2,4),(-0.433989654111646,
-0.325492713989456,-0.216994827056824,-0.108496940125556,0.),
 .UNSPECIFIED.);
#1352=B_SPLINE_CURVE_WITH_KNOTS('',3,(#13182,#13183,#13184,#13185,#13186,
#13187,#13188,#13189,#13190,#13191),.UNSPECIFIED.,.F.,.F.,(4,2,2,2,4),(-0.331297040901538,
-0.248472899791147,-0.165648520451038,-0.0828241411092038,0.),
 .UNSPECIFIED.);
#1353=B_SPLINE_CURVE_WITH_KNOTS('',3,(#13195,#13196,#13197,#13198,#13199,
#13200,#13201,#13202,#13203,#13204),.UNSPECIFIED.,.F.,.F.,(4,2,2,2,4),(-0.51188566315703,
-0.387912731256988,-0.255942831579046,-0.123972931897102,0.),
 .UNSPECIFIED.);
#1354=B_SPLINE_CURVE_WITH_KNOTS('',3,(#13356,#13357,#13358,#13359,#13360,
#13361,#13362,#13363,#13364,#13365),.UNSPECIFIED.,.F.,.F.,(4,2,2,2,4),(0.,
0.123972931897313,0.255942831566991,0.387912731235175,0.51188566313448),
 .UNSPECIFIED.);
#1355=B_SPLINE_CURVE_WITH_KNOTS('',3,(#13403,#13404,#13405,#13406,#13407,
#13408,#13409,#13410,#13411,#13412),.UNSPECIFIED.,.F.,.F.,(4,2,2,2,4),(-0.433989654113805,
-0.32549271399183,-0.216994827058469,-0.10849694012587,0.),
 .UNSPECIFIED.);
#1356=B_SPLINE_CURVE_WITH_KNOTS('',3,(#13489,#13490,#13491,#13492,#13493,
#13494,#13495,#13496,#13497,#13498,#13499,#13500,#13501,#13502),
 .UNSPECIFIED.,.F.,.F.,(4,2,2,2,2,2,4),(-0.582923149971846,-0.510145660161449,
-0.437367808837488,-0.291461574986148,-0.145555341138196,-0.0727774898135216,
0.),.UNSPECIFIED.);
#1357=CYLINDRICAL_SURFACE('',#9317,1.905);
#1358=CYLINDRICAL_SURFACE('',#9321,3.1242);
#1359=CYLINDRICAL_SURFACE('',#9322,3.1242);
#1360=CYLINDRICAL_SURFACE('',#9333,2.0701);
#1361=CYLINDRICAL_SURFACE('',#9340,2.0701);
#1362=CYLINDRICAL_SURFACE('',#9341,1.905);
#1363=CYLINDRICAL_SURFACE('',#9343,1.905);
#1364=CYLINDRICAL_SURFACE('',#9350,2.7051);
#1365=CYLINDRICAL_SURFACE('',#9352,1.2699999993523);
#1366=CYLINDRICAL_SURFACE('',#9369,1.2699999993523);
#1367=CYLINDRICAL_SURFACE('',#9371,1.2699999993523);
#1368=CYLINDRICAL_SURFACE('',#9375,2.4765);
#1369=CYLINDRICAL_SURFACE('',#9377,0.507999998538992);
#1370=CYLINDRICAL_SURFACE('',#9380,0.507999998538992);
#1371=CYLINDRICAL_SURFACE('',#9381,1.2699999993523);
#1372=CYLINDRICAL_SURFACE('',#9384,1.2699999993523);
#1373=CYLINDRICAL_SURFACE('',#9392,1.2699999993523);
#1374=CYLINDRICAL_SURFACE('',#9394,2.7051);
#1375=CYLINDRICAL_SURFACE('',#9396,2.7051);
#1376=CYLINDRICAL_SURFACE('',#9402,2.7051);
#1377=CYLINDRICAL_SURFACE('',#9405,2.0701);
#1378=CYLINDRICAL_SURFACE('',#9407,1.2699999993523);
#1379=CYLINDRICAL_SURFACE('',#9409,1.2699999993523);
#1380=CYLINDRICAL_SURFACE('',#9415,1.2699999993523);
#1381=CYLINDRICAL_SURFACE('',#9417,2.4765);
#1382=CYLINDRICAL_SURFACE('',#9423,2.4765);
#1383=CYLINDRICAL_SURFACE('',#9429,1.2699999993523);
#1384=CYLINDRICAL_SURFACE('',#9434,2.7051);
#1385=CYLINDRICAL_SURFACE('',#9435,1.2699999993523);
#1386=CYLINDRICAL_SURFACE('',#9441,3.1242);
#1387=CYLINDRICAL_SURFACE('',#9443,2.7051);
#1388=CYLINDRICAL_SURFACE('',#9444,1.905);
#1389=CYLINDRICAL_SURFACE('',#9445,1.905);
#1390=CYLINDRICAL_SURFACE('',#9446,3.1242);
#1391=CYLINDRICAL_SURFACE('',#9451,2.4765);
#1392=CYLINDRICAL_SURFACE('',#9453,2.4765);
#1393=CYLINDRICAL_SURFACE('',#9455,1.2699999993523);
#1394=CYLINDRICAL_SURFACE('',#9462,3.1242);
#1395=CYLINDRICAL_SURFACE('',#9542,1.905);
#1396=CYLINDRICAL_SURFACE('',#9551,2.4765);
#1397=CYLINDRICAL_SURFACE('',#9553,2.4765);
#1398=CYLINDRICAL_SURFACE('',#9555,2.4765);
#1399=CYLINDRICAL_SURFACE('',#9567,1.905);
#1400=CYLINDRICAL_SURFACE('',#9576,3.1242);
#1401=CYLINDRICAL_SURFACE('',#9579,2.4765);
#1402=CYLINDRICAL_SURFACE('',#9581,2.4765);
#1403=CYLINDRICAL_SURFACE('',#9589,1.2699999993523);
#1404=CYLINDRICAL_SURFACE('',#9591,1.2699999993523);
#1405=CYLINDRICAL_SURFACE('',#9595,2.4765);
#1406=CYLINDRICAL_SURFACE('',#9597,1.2699999993523);
#1407=CYLINDRICAL_SURFACE('',#9599,1.2699999993523);
#1408=CYLINDRICAL_SURFACE('',#9604,2.4765);
#1409=CYLINDRICAL_SURFACE('',#9606,2.4765);
#1410=CYLINDRICAL_SURFACE('',#9607,2.4765);
#1411=CYLINDRICAL_SURFACE('',#9610,3.1242);
#1412=CYLINDRICAL_SURFACE('',#9612,1.621);
#1413=CYLINDRICAL_SURFACE('',#9615,1.621);
#1414=CYLINDRICAL_SURFACE('',#9618,1.621);
#1415=CYLINDRICAL_SURFACE('',#9621,1.621);
#1416=CYLINDRICAL_SURFACE('',#9624,1.621);
#1417=CYLINDRICAL_SURFACE('',#9627,1.621);
#1418=CYLINDRICAL_SURFACE('',#9630,1.621);
#1419=CYLINDRICAL_SURFACE('',#9633,1.621);
#1420=CYLINDRICAL_SURFACE('',#9636,1.621);
#1421=CYLINDRICAL_SURFACE('',#9639,1.8);
#1422=CYLINDRICAL_SURFACE('',#9646,1.8);
#1423=CYLINDRICAL_SURFACE('',#9649,30.);
#1424=CYLINDRICAL_SURFACE('',#9652,30.);
#1425=CYLINDRICAL_SURFACE('',#9665,1.27);
#1426=CYLINDRICAL_SURFACE('',#9668,3.1242);
#1427=CYLINDRICAL_SURFACE('',#9673,1.905);
#1428=CYLINDRICAL_SURFACE('',#9675,2.7051);
#1429=CYLINDRICAL_SURFACE('',#9684,2.7051);
#1430=CYLINDRICAL_SURFACE('',#9688,2.7051);
#1431=CYLINDRICAL_SURFACE('',#9691,1.27);
#1432=CYLINDRICAL_SURFACE('',#9693,1.90499999902845);
#1433=CYLINDRICAL_SURFACE('',#9696,1.90500000023038);
#1434=CYLINDRICAL_SURFACE('',#9704,2.4765);
#1435=CYLINDRICAL_SURFACE('',#9706,2.4765);
#1436=CYLINDRICAL_SURFACE('',#9712,1.905);
#1437=CYLINDRICAL_SURFACE('',#9716,1.90499999902845);
#1438=CYLINDRICAL_SURFACE('',#9719,2.4765);
#1439=CYLINDRICAL_SURFACE('',#9724,1.90499999902845);
#1440=CYLINDRICAL_SURFACE('',#9729,3.1242);
#1441=CYLINDRICAL_SURFACE('',#9733,1.90499999902845);
#1442=CYLINDRICAL_SURFACE('',#9734,1.90499999902845);
#1443=CYLINDRICAL_SURFACE('',#9737,6.415);
#1444=CYLINDRICAL_SURFACE('',#9740,7.5);
#1445=CYLINDRICAL_SURFACE('',#9743,6.415);
#1446=CYLINDRICAL_SURFACE('',#9747,7.5);
#1447=CYLINDRICAL_SURFACE('',#9750,6.415);
#1448=CYLINDRICAL_SURFACE('',#9754,7.5);
#1449=CYLINDRICAL_SURFACE('',#9757,6.415);
#1450=CYLINDRICAL_SURFACE('',#9761,7.5);
#1451=CYLINDRICAL_SURFACE('',#9764,6.415);
#1452=CYLINDRICAL_SURFACE('',#9768,4.165);
#1453=CYLINDRICAL_SURFACE('',#9772,4.165);
#1454=CYLINDRICAL_SURFACE('',#9776,6.415);
#1455=CYLINDRICAL_SURFACE('',#9781,6.415);
#1456=CYLINDRICAL_SURFACE('',#9785,4.165);
#1457=CYLINDRICAL_SURFACE('',#9789,4.165);
#1458=CYLINDRICAL_SURFACE('',#9792,4.165);
#1459=CYLINDRICAL_SURFACE('',#9796,4.165);
#1460=CYLINDRICAL_SURFACE('',#9800,7.5);
#1461=CYLINDRICAL_SURFACE('',#9804,6.415);
#1462=CYLINDRICAL_SURFACE('',#9807,7.5);
#1463=CYLINDRICAL_SURFACE('',#9811,6.415);
#1464=CYLINDRICAL_SURFACE('',#9814,6.415);
#1465=CYLINDRICAL_SURFACE('',#9819,6.415);
#1466=CYLINDRICAL_SURFACE('',#9822,7.5);
#1467=CYLINDRICAL_SURFACE('',#9826,6.415);
#1468=CYLINDRICAL_SURFACE('',#9829,6.415);
#1469=CYLINDRICAL_SURFACE('',#9834,6.415);
#1470=CYLINDRICAL_SURFACE('',#9837,7.5);
#1471=CYLINDRICAL_SURFACE('',#9841,6.415);
#1472=CYLINDRICAL_SURFACE('',#9844,6.415);
#1473=CYLINDRICAL_SURFACE('',#9849,6.415);
#1474=CYLINDRICAL_SURFACE('',#9853,4.165);
#1475=CYLINDRICAL_SURFACE('',#9857,4.165);
#1476=CYLINDRICAL_SURFACE('',#9861,6.415);
#1477=CYLINDRICAL_SURFACE('',#9868,4.165);
#1478=CYLINDRICAL_SURFACE('',#9872,4.165);
#1479=CYLINDRICAL_SURFACE('',#9877,4.165);
#1480=CYLINDRICAL_SURFACE('',#9881,4.165);
#1481=CYLINDRICAL_SURFACE('',#9885,6.415);
#1482=CYLINDRICAL_SURFACE('',#9888,6.415);
#1483=CYLINDRICAL_SURFACE('',#9893,6.415);
#1484=CYLINDRICAL_SURFACE('',#9896,6.415);
#1485=CYLINDRICAL_SURFACE('',#9901,6.415);
#1486=CYLINDRICAL_SURFACE('',#9904,6.415);
#1487=CYLINDRICAL_SURFACE('',#9908,1.07823);
#1488=CYLINDRICAL_SURFACE('',#9911,1.07823);
#1489=CYLINDRICAL_SURFACE('',#9915,1.01599999707798);
#1490=CYLINDRICAL_SURFACE('',#9919,1.01599999707798);
#1491=CYLINDRICAL_SURFACE('',#9923,1.01599999707798);
#1492=CYLINDRICAL_SURFACE('',#9927,1.01599999707798);
#1493=CYLINDRICAL_SURFACE('',#9930,2.3876);
#1494=CYLINDRICAL_SURFACE('',#9933,2.3876);
#1495=CYLINDRICAL_SURFACE('',#9936,2.3876);
#1496=CYLINDRICAL_SURFACE('',#9939,2.3876);
#1497=CYLINDRICAL_SURFACE('',#9942,3.556);
#1498=CYLINDRICAL_SURFACE('',#9946,3.556);
#1499=CYLINDRICAL_SURFACE('',#9950,3.556);
#1500=CYLINDRICAL_SURFACE('',#9954,3.556);
#1501=CYLINDRICAL_SURFACE('',#9958,3.556);
#1502=CYLINDRICAL_SURFACE('',#9962,3.556);
#1503=CYLINDRICAL_SURFACE('',#9966,3.556);
#1504=CYLINDRICAL_SURFACE('',#9970,3.556);
#1505=CYLINDRICAL_SURFACE('',#9974,2.0701);
#1506=CYLINDRICAL_SURFACE('',#9982,4.7625);
#1507=CYLINDRICAL_SURFACE('',#9989,4.7625);
#1508=CYLINDRICAL_SURFACE('',#9996,4.7625);
#1509=CYLINDRICAL_SURFACE('',#10002,4.7625);
#1510=CYLINDRICAL_SURFACE('',#10009,4.7625);
#1511=CYLINDRICAL_SURFACE('',#10016,4.7625);
#1512=PLANE('',#9313);
#1513=PLANE('',#9314);
#1514=PLANE('',#9318);
#1515=PLANE('',#9325);
#1516=PLANE('',#9327);
#1517=PLANE('',#9335);
#1518=PLANE('',#9345);
#1519=PLANE('',#9354);
#1520=PLANE('',#9355);
#1521=PLANE('',#9356);
#1522=PLANE('',#9357);
#1523=PLANE('',#9358);
#1524=PLANE('',#9359);
#1525=PLANE('',#9361);
#1526=PLANE('',#9373);
#1527=PLANE('',#9374);
#1528=PLANE('',#9378);
#1529=PLANE('',#9383);
#1530=PLANE('',#9387);
#1531=PLANE('',#9398);
#1532=PLANE('',#9399);
#1533=PLANE('',#9400);
#1534=PLANE('',#9404);
#1535=PLANE('',#9406);
#1536=PLANE('',#9411);
#1537=PLANE('',#9419);
#1538=PLANE('',#9421);
#1539=PLANE('',#9422);
#1540=PLANE('',#9425);
#1541=PLANE('',#9426);
#1542=PLANE('',#9428);
#1543=PLANE('',#9432);
#1544=PLANE('',#9433);
#1545=PLANE('',#9437);
#1546=PLANE('',#9438);
#1547=PLANE('',#9439);
#1548=PLANE('',#9440);
#1549=PLANE('',#9442);
#1550=PLANE('',#9447);
#1551=PLANE('',#9457);
#1552=PLANE('',#9458);
#1553=PLANE('',#9459);
#1554=PLANE('',#9460);
#1555=PLANE('',#9461);
#1556=PLANE('',#9545);
#1557=PLANE('',#9547);
#1558=PLANE('',#9557);
#1559=PLANE('',#9563);
#1560=PLANE('',#9564);
#1561=PLANE('',#9565);
#1562=PLANE('',#9566);
#1563=PLANE('',#9570);
#1564=PLANE('',#9583);
#1565=PLANE('',#9584);
#1566=PLANE('',#9588);
#1567=PLANE('',#9590);
#1568=PLANE('',#9592);
#1569=PLANE('',#9593);
#1570=PLANE('',#9601);
#1571=PLANE('',#9605);
#1572=PLANE('',#9608);
#1573=PLANE('',#9609);
#1574=PLANE('',#9642);
#1575=PLANE('',#9643);
#1576=PLANE('',#9644);
#1577=PLANE('',#9645);
#1578=PLANE('',#9655);
#1579=PLANE('',#9658);
#1580=PLANE('',#9659);
#1581=PLANE('',#9660);
#1582=PLANE('',#9667);
#1583=PLANE('',#9671);
#1584=PLANE('',#9678);
#1585=PLANE('',#9683);
#1586=PLANE('',#9686);
#1587=PLANE('',#9687);
#1588=PLANE('',#9690);
#1589=PLANE('',#9695);
#1590=PLANE('',#9699);
#1591=PLANE('',#9708);
#1592=PLANE('',#9709);
#1593=PLANE('',#9710);
#1594=PLANE('',#9711);
#1595=PLANE('',#9714);
#1596=PLANE('',#9718);
#1597=PLANE('',#9721);
#1598=PLANE('',#9723);
#1599=PLANE('',#9726);
#1600=PLANE('',#9727);
#1601=PLANE('',#9728);
#1602=PLANE('',#9730);
#1603=PLANE('',#9731);
#1604=PLANE('',#9736);
#1605=PLANE('',#9746);
#1606=PLANE('',#9753);
#1607=PLANE('',#9760);
#1608=PLANE('',#9767);
#1609=PLANE('',#9771);
#1610=PLANE('',#9775);
#1611=PLANE('',#9779);
#1612=PLANE('',#9780);
#1613=PLANE('',#9784);
#1614=PLANE('',#9788);
#1615=PLANE('',#9795);
#1616=PLANE('',#9799);
#1617=PLANE('',#9803);
#1618=PLANE('',#9810);
#1619=PLANE('',#9817);
#1620=PLANE('',#9818);
#1621=PLANE('',#9825);
#1622=PLANE('',#9832);
#1623=PLANE('',#9833);
#1624=PLANE('',#9840);
#1625=PLANE('',#9847);
#1626=PLANE('',#9848);
#1627=PLANE('',#9852);
#1628=PLANE('',#9856);
#1629=PLANE('',#9860);
#1630=PLANE('',#9864);
#1631=PLANE('',#9865);
#1632=PLANE('',#9866);
#1633=PLANE('',#9867);
#1634=PLANE('',#9871);
#1635=PLANE('',#9875);
#1636=PLANE('',#9876);
#1637=PLANE('',#9880);
#1638=PLANE('',#9884);
#1639=PLANE('',#9891);
#1640=PLANE('',#9892);
#1641=PLANE('',#9899);
#1642=PLANE('',#9900);
#1643=PLANE('',#9907);
#1644=PLANE('',#9914);
#1645=PLANE('',#9918);
#1646=PLANE('',#9922);
#1647=PLANE('',#9926);
#1648=PLANE('',#9945);
#1649=PLANE('',#9949);
#1650=PLANE('',#9953);
#1651=PLANE('',#9957);
#1652=PLANE('',#9961);
#1653=PLANE('',#9965);
#1654=PLANE('',#9969);
#1655=PLANE('',#9973);
#1656=PLANE('',#9977);
#1657=PLANE('',#9978);
#1658=PLANE('',#9980);
#1659=PLANE('',#9998);
#1660=PLANE('',#10000);
#1661=PLANE('',#10018);
#1662=FACE_OUTER_BOUND('',#2054,.T.);
#1663=FACE_OUTER_BOUND('',#2055,.T.);
#1664=FACE_OUTER_BOUND('',#2056,.T.);
#1665=FACE_OUTER_BOUND('',#2057,.T.);
#1666=FACE_OUTER_BOUND('',#2058,.T.);
#1667=FACE_OUTER_BOUND('',#2059,.T.);
#1668=FACE_OUTER_BOUND('',#2060,.T.);
#1669=FACE_OUTER_BOUND('',#2061,.T.);
#1670=FACE_OUTER_BOUND('',#2062,.T.);
#1671=FACE_OUTER_BOUND('',#2063,.T.);
#1672=FACE_OUTER_BOUND('',#2064,.T.);
#1673=FACE_OUTER_BOUND('',#2065,.T.);
#1674=FACE_OUTER_BOUND('',#2066,.T.);
#1675=FACE_OUTER_BOUND('',#2067,.T.);
#1676=FACE_OUTER_BOUND('',#2068,.T.);
#1677=FACE_OUTER_BOUND('',#2069,.T.);
#1678=FACE_OUTER_BOUND('',#2070,.T.);
#1679=FACE_OUTER_BOUND('',#2071,.T.);
#1680=FACE_OUTER_BOUND('',#2072,.T.);
#1681=FACE_OUTER_BOUND('',#2073,.T.);
#1682=FACE_OUTER_BOUND('',#2074,.T.);
#1683=FACE_OUTER_BOUND('',#2075,.T.);
#1684=FACE_OUTER_BOUND('',#2076,.T.);
#1685=FACE_OUTER_BOUND('',#2077,.T.);
#1686=FACE_OUTER_BOUND('',#2078,.T.);
#1687=FACE_OUTER_BOUND('',#2079,.T.);
#1688=FACE_OUTER_BOUND('',#2080,.T.);
#1689=FACE_OUTER_BOUND('',#2081,.T.);
#1690=FACE_OUTER_BOUND('',#2082,.T.);
#1691=FACE_OUTER_BOUND('',#2083,.T.);
#1692=FACE_OUTER_BOUND('',#2084,.T.);
#1693=FACE_OUTER_BOUND('',#2085,.T.);
#1694=FACE_OUTER_BOUND('',#2086,.T.);
#1695=FACE_OUTER_BOUND('',#2087,.T.);
#1696=FACE_OUTER_BOUND('',#2088,.T.);
#1697=FACE_OUTER_BOUND('',#2089,.T.);
#1698=FACE_OUTER_BOUND('',#2090,.T.);
#1699=FACE_OUTER_BOUND('',#2091,.T.);
#1700=FACE_OUTER_BOUND('',#2092,.T.);
#1701=FACE_OUTER_BOUND('',#2093,.T.);
#1702=FACE_OUTER_BOUND('',#2094,.T.);
#1703=FACE_OUTER_BOUND('',#2095,.T.);
#1704=FACE_OUTER_BOUND('',#2096,.T.);
#1705=FACE_OUTER_BOUND('',#2097,.T.);
#1706=FACE_OUTER_BOUND('',#2098,.T.);
#1707=FACE_OUTER_BOUND('',#2099,.T.);
#1708=FACE_OUTER_BOUND('',#2100,.T.);
#1709=FACE_OUTER_BOUND('',#2101,.T.);
#1710=FACE_OUTER_BOUND('',#2102,.T.);
#1711=FACE_OUTER_BOUND('',#2103,.T.);
#1712=FACE_OUTER_BOUND('',#2104,.T.);
#1713=FACE_OUTER_BOUND('',#2105,.T.);
#1714=FACE_OUTER_BOUND('',#2106,.T.);
#1715=FACE_OUTER_BOUND('',#2107,.T.);
#1716=FACE_OUTER_BOUND('',#2108,.T.);
#1717=FACE_OUTER_BOUND('',#2109,.T.);
#1718=FACE_OUTER_BOUND('',#2110,.T.);
#1719=FACE_OUTER_BOUND('',#2111,.T.);
#1720=FACE_OUTER_BOUND('',#2112,.T.);
#1721=FACE_OUTER_BOUND('',#2113,.T.);
#1722=FACE_OUTER_BOUND('',#2114,.T.);
#1723=FACE_OUTER_BOUND('',#2115,.T.);
#1724=FACE_OUTER_BOUND('',#2116,.T.);
#1725=FACE_OUTER_BOUND('',#2117,.T.);
#1726=FACE_OUTER_BOUND('',#2118,.T.);
#1727=FACE_OUTER_BOUND('',#2119,.T.);
#1728=FACE_OUTER_BOUND('',#2120,.T.);
#1729=FACE_OUTER_BOUND('',#2121,.T.);
#1730=FACE_OUTER_BOUND('',#2122,.T.);
#1731=FACE_OUTER_BOUND('',#2123,.T.);
#1732=FACE_OUTER_BOUND('',#2124,.T.);
#1733=FACE_OUTER_BOUND('',#2125,.T.);
#1734=FACE_OUTER_BOUND('',#2126,.T.);
#1735=FACE_OUTER_BOUND('',#2127,.T.);
#1736=FACE_OUTER_BOUND('',#2128,.T.);
#1737=FACE_OUTER_BOUND('',#2129,.T.);
#1738=FACE_OUTER_BOUND('',#2130,.T.);
#1739=FACE_OUTER_BOUND('',#2131,.T.);
#1740=FACE_OUTER_BOUND('',#2132,.T.);
#1741=FACE_OUTER_BOUND('',#2133,.T.);
#1742=FACE_OUTER_BOUND('',#2134,.T.);
#1743=FACE_OUTER_BOUND('',#2135,.T.);
#1744=FACE_OUTER_BOUND('',#2136,.T.);
#1745=FACE_OUTER_BOUND('',#2137,.T.);
#1746=FACE_OUTER_BOUND('',#2138,.T.);
#1747=FACE_OUTER_BOUND('',#2139,.T.);
#1748=FACE_OUTER_BOUND('',#2140,.T.);
#1749=FACE_OUTER_BOUND('',#2223,.T.);
#1750=FACE_OUTER_BOUND('',#2224,.T.);
#1751=FACE_OUTER_BOUND('',#2307,.T.);
#1752=FACE_OUTER_BOUND('',#2308,.T.);
#1753=FACE_OUTER_BOUND('',#2309,.T.);
#1754=FACE_OUTER_BOUND('',#2310,.T.);
#1755=FACE_OUTER_BOUND('',#2311,.T.);
#1756=FACE_OUTER_BOUND('',#2315,.T.);
#1757=FACE_OUTER_BOUND('',#2316,.T.);
#1758=FACE_OUTER_BOUND('',#2317,.T.);
#1759=FACE_OUTER_BOUND('',#2318,.T.);
#1760=FACE_OUTER_BOUND('',#2319,.T.);
#1761=FACE_OUTER_BOUND('',#2320,.T.);
#1762=FACE_OUTER_BOUND('',#2321,.T.);
#1763=FACE_OUTER_BOUND('',#2322,.T.);
#1764=FACE_OUTER_BOUND('',#2323,.T.);
#1765=FACE_OUTER_BOUND('',#2325,.T.);
#1766=FACE_OUTER_BOUND('',#2326,.T.);
#1767=FACE_OUTER_BOUND('',#2327,.T.);
#1768=FACE_OUTER_BOUND('',#2328,.T.);
#1769=FACE_OUTER_BOUND('',#2329,.T.);
#1770=FACE_OUTER_BOUND('',#2330,.T.);
#1771=FACE_OUTER_BOUND('',#2331,.T.);
#1772=FACE_OUTER_BOUND('',#2332,.T.);
#1773=FACE_OUTER_BOUND('',#2333,.T.);
#1774=FACE_OUTER_BOUND('',#2334,.T.);
#1775=FACE_OUTER_BOUND('',#2335,.T.);
#1776=FACE_OUTER_BOUND('',#2336,.T.);
#1777=FACE_OUTER_BOUND('',#2337,.T.);
#1778=FACE_OUTER_BOUND('',#2338,.T.);
#1779=FACE_OUTER_BOUND('',#2342,.T.);
#1780=FACE_OUTER_BOUND('',#2343,.T.);
#1781=FACE_OUTER_BOUND('',#2344,.T.);
#1782=FACE_OUTER_BOUND('',#2345,.T.);
#1783=FACE_OUTER_BOUND('',#2346,.T.);
#1784=FACE_OUTER_BOUND('',#2347,.T.);
#1785=FACE_OUTER_BOUND('',#2348,.T.);
#1786=FACE_OUTER_BOUND('',#2349,.T.);
#1787=FACE_OUTER_BOUND('',#2350,.T.);
#1788=FACE_OUTER_BOUND('',#2351,.T.);
#1789=FACE_OUTER_BOUND('',#2352,.T.);
#1790=FACE_OUTER_BOUND('',#2353,.T.);
#1791=FACE_OUTER_BOUND('',#2354,.T.);
#1792=FACE_OUTER_BOUND('',#2355,.T.);
#1793=FACE_OUTER_BOUND('',#2358,.T.);
#1794=FACE_OUTER_BOUND('',#2359,.T.);
#1795=FACE_OUTER_BOUND('',#2360,.T.);
#1796=FACE_OUTER_BOUND('',#2364,.T.);
#1797=FACE_OUTER_BOUND('',#2365,.T.);
#1798=FACE_OUTER_BOUND('',#2366,.T.);
#1799=FACE_OUTER_BOUND('',#2367,.T.);
#1800=FACE_OUTER_BOUND('',#2370,.T.);
#1801=FACE_OUTER_BOUND('',#2374,.T.);
#1802=FACE_OUTER_BOUND('',#2375,.T.);
#1803=FACE_OUTER_BOUND('',#2376,.T.);
#1804=FACE_OUTER_BOUND('',#2377,.T.);
#1805=FACE_OUTER_BOUND('',#2378,.T.);
#1806=FACE_OUTER_BOUND('',#2379,.T.);
#1807=FACE_OUTER_BOUND('',#2380,.T.);
#1808=FACE_OUTER_BOUND('',#2381,.T.);
#1809=FACE_OUTER_BOUND('',#2383,.T.);
#1810=FACE_OUTER_BOUND('',#2384,.T.);
#1811=FACE_OUTER_BOUND('',#2385,.T.);
#1812=FACE_OUTER_BOUND('',#2386,.T.);
#1813=FACE_OUTER_BOUND('',#2387,.T.);
#1814=FACE_OUTER_BOUND('',#2388,.T.);
#1815=FACE_OUTER_BOUND('',#2389,.T.);
#1816=FACE_OUTER_BOUND('',#2390,.T.);
#1817=FACE_OUTER_BOUND('',#2391,.T.);
#1818=FACE_OUTER_BOUND('',#2394,.T.);
#1819=FACE_OUTER_BOUND('',#2395,.T.);
#1820=FACE_OUTER_BOUND('',#2396,.T.);
#1821=FACE_OUTER_BOUND('',#2397,.T.);
#1822=FACE_OUTER_BOUND('',#2398,.T.);
#1823=FACE_OUTER_BOUND('',#2399,.T.);
#1824=FACE_OUTER_BOUND('',#2402,.T.);
#1825=FACE_OUTER_BOUND('',#2403,.T.);
#1826=FACE_OUTER_BOUND('',#2404,.T.);
#1827=FACE_OUTER_BOUND('',#2405,.T.);
#1828=FACE_OUTER_BOUND('',#2406,.T.);
#1829=FACE_OUTER_BOUND('',#2407,.T.);
#1830=FACE_OUTER_BOUND('',#2411,.T.);
#1831=FACE_OUTER_BOUND('',#2412,.T.);
#1832=FACE_OUTER_BOUND('',#2413,.T.);
#1833=FACE_OUTER_BOUND('',#2414,.T.);
#1834=FACE_OUTER_BOUND('',#2418,.T.);
#1835=FACE_OUTER_BOUND('',#2419,.T.);
#1836=FACE_OUTER_BOUND('',#2420,.T.);
#1837=FACE_OUTER_BOUND('',#2421,.T.);
#1838=FACE_OUTER_BOUND('',#2422,.T.);
#1839=FACE_OUTER_BOUND('',#2423,.T.);
#1840=FACE_OUTER_BOUND('',#2427,.T.);
#1841=FACE_OUTER_BOUND('',#2428,.T.);
#1842=FACE_OUTER_BOUND('',#2429,.T.);
#1843=FACE_OUTER_BOUND('',#2430,.T.);
#1844=FACE_OUTER_BOUND('',#2431,.T.);
#1845=FACE_OUTER_BOUND('',#2435,.T.);
#1846=FACE_OUTER_BOUND('',#2436,.T.);
#1847=FACE_OUTER_BOUND('',#2437,.T.);
#1848=FACE_OUTER_BOUND('',#2438,.T.);
#1849=FACE_OUTER_BOUND('',#2439,.T.);
#1850=FACE_OUTER_BOUND('',#2443,.T.);
#1851=FACE_OUTER_BOUND('',#2444,.T.);
#1852=FACE_OUTER_BOUND('',#2445,.T.);
#1853=FACE_OUTER_BOUND('',#2446,.T.);
#1854=FACE_OUTER_BOUND('',#2447,.T.);
#1855=FACE_OUTER_BOUND('',#2451,.T.);
#1856=FACE_OUTER_BOUND('',#2452,.T.);
#1857=FACE_OUTER_BOUND('',#2453,.T.);
#1858=FACE_OUTER_BOUND('',#2454,.T.);
#1859=FACE_OUTER_BOUND('',#2455,.T.);
#1860=FACE_OUTER_BOUND('',#2456,.T.);
#1861=FACE_OUTER_BOUND('',#2457,.T.);
#1862=FACE_OUTER_BOUND('',#2458,.T.);
#1863=FACE_OUTER_BOUND('',#2459,.T.);
#1864=FACE_OUTER_BOUND('',#2460,.T.);
#1865=FACE_OUTER_BOUND('',#2461,.T.);
#1866=FACE_OUTER_BOUND('',#2462,.T.);
#1867=FACE_OUTER_BOUND('',#2463,.T.);
#1868=FACE_OUTER_BOUND('',#2464,.T.);
#1869=FACE_OUTER_BOUND('',#2465,.T.);
#1870=FACE_OUTER_BOUND('',#2466,.T.);
#1871=FACE_OUTER_BOUND('',#2467,.T.);
#1872=FACE_OUTER_BOUND('',#2468,.T.);
#1873=FACE_OUTER_BOUND('',#2469,.T.);
#1874=FACE_OUTER_BOUND('',#2470,.T.);
#1875=FACE_OUTER_BOUND('',#2471,.T.);
#1876=FACE_OUTER_BOUND('',#2472,.T.);
#1877=FACE_OUTER_BOUND('',#2473,.T.);
#1878=FACE_OUTER_BOUND('',#2474,.T.);
#1879=FACE_OUTER_BOUND('',#2475,.T.);
#1880=FACE_OUTER_BOUND('',#2476,.T.);
#1881=FACE_OUTER_BOUND('',#2477,.T.);
#1882=FACE_OUTER_BOUND('',#2478,.T.);
#1883=FACE_OUTER_BOUND('',#2493,.T.);
#1884=FACE_OUTER_BOUND('',#2494,.T.);
#1885=FACE_OUTER_BOUND('',#2495,.T.);
#1886=FACE_OUTER_BOUND('',#2496,.T.);
#1887=FACE_OUTER_BOUND('',#2497,.T.);
#1888=FACE_OUTER_BOUND('',#2498,.T.);
#1889=FACE_OUTER_BOUND('',#2499,.T.);
#1890=FACE_OUTER_BOUND('',#2503,.T.);
#1891=FACE_OUTER_BOUND('',#2504,.T.);
#1892=FACE_OUTER_BOUND('',#2505,.T.);
#1893=FACE_OUTER_BOUND('',#2506,.T.);
#1894=FACE_OUTER_BOUND('',#2507,.T.);
#1895=FACE_OUTER_BOUND('',#2508,.T.);
#1896=FACE_OUTER_BOUND('',#2509,.T.);
#1897=FACE_OUTER_BOUND('',#2510,.T.);
#1898=FACE_OUTER_BOUND('',#2511,.T.);
#1899=FACE_OUTER_BOUND('',#2512,.T.);
#1900=FACE_OUTER_BOUND('',#2513,.T.);
#1901=FACE_OUTER_BOUND('',#2517,.T.);
#1902=FACE_OUTER_BOUND('',#2518,.T.);
#1903=FACE_OUTER_BOUND('',#2519,.T.);
#1904=FACE_OUTER_BOUND('',#2520,.T.);
#1905=FACE_OUTER_BOUND('',#2521,.T.);
#1906=FACE_OUTER_BOUND('',#2522,.T.);
#1907=FACE_OUTER_BOUND('',#2523,.T.);
#1908=FACE_OUTER_BOUND('',#2524,.T.);
#1909=FACE_OUTER_BOUND('',#2525,.T.);
#1910=FACE_OUTER_BOUND('',#2526,.T.);
#1911=FACE_OUTER_BOUND('',#2527,.T.);
#1912=FACE_OUTER_BOUND('',#2528,.T.);
#1913=FACE_OUTER_BOUND('',#2532,.T.);
#1914=FACE_OUTER_BOUND('',#2533,.T.);
#1915=FACE_OUTER_BOUND('',#2534,.T.);
#1916=FACE_OUTER_BOUND('',#2538,.T.);
#1917=FACE_OUTER_BOUND('',#2539,.T.);
#1918=FACE_OUTER_BOUND('',#2540,.T.);
#1919=FACE_OUTER_BOUND('',#2541,.T.);
#1920=FACE_OUTER_BOUND('',#2542,.T.);
#1921=FACE_OUTER_BOUND('',#2557,.T.);
#1922=FACE_OUTER_BOUND('',#2558,.T.);
#1923=FACE_OUTER_BOUND('',#2559,.T.);
#1924=FACE_OUTER_BOUND('',#2560,.T.);
#1925=FACE_OUTER_BOUND('',#2561,.T.);
#1926=FACE_OUTER_BOUND('',#2562,.T.);
#1927=FACE_OUTER_BOUND('',#2563,.T.);
#1928=FACE_OUTER_BOUND('',#2564,.T.);
#1929=FACE_OUTER_BOUND('',#2565,.T.);
#1930=FACE_OUTER_BOUND('',#2566,.T.);
#1931=FACE_OUTER_BOUND('',#2567,.T.);
#1932=FACE_OUTER_BOUND('',#2568,.T.);
#1933=FACE_OUTER_BOUND('',#2569,.T.);
#1934=FACE_OUTER_BOUND('',#2570,.T.);
#1935=FACE_OUTER_BOUND('',#2571,.T.);
#1936=FACE_OUTER_BOUND('',#2572,.T.);
#1937=FACE_OUTER_BOUND('',#2573,.T.);
#1938=FACE_OUTER_BOUND('',#2574,.T.);
#1939=FACE_OUTER_BOUND('',#2575,.T.);
#1940=FACE_OUTER_BOUND('',#2576,.T.);
#1941=FACE_OUTER_BOUND('',#2577,.T.);
#1942=FACE_OUTER_BOUND('',#2578,.T.);
#1943=FACE_OUTER_BOUND('',#2579,.T.);
#1944=FACE_OUTER_BOUND('',#2580,.T.);
#1945=FACE_OUTER_BOUND('',#2581,.T.);
#1946=FACE_OUTER_BOUND('',#2582,.T.);
#1947=FACE_OUTER_BOUND('',#2583,.T.);
#1948=FACE_OUTER_BOUND('',#2584,.T.);
#1949=FACE_OUTER_BOUND('',#2585,.T.);
#1950=FACE_OUTER_BOUND('',#2586,.T.);
#1951=FACE_OUTER_BOUND('',#2587,.T.);
#1952=FACE_OUTER_BOUND('',#2588,.T.);
#1953=FACE_OUTER_BOUND('',#2589,.T.);
#1954=FACE_OUTER_BOUND('',#2590,.T.);
#1955=FACE_OUTER_BOUND('',#2591,.T.);
#1956=FACE_OUTER_BOUND('',#2592,.T.);
#1957=FACE_OUTER_BOUND('',#2593,.T.);
#1958=FACE_OUTER_BOUND('',#2594,.T.);
#1959=FACE_OUTER_BOUND('',#2595,.T.);
#1960=FACE_OUTER_BOUND('',#2596,.T.);
#1961=FACE_OUTER_BOUND('',#2597,.T.);
#1962=FACE_OUTER_BOUND('',#2598,.T.);
#1963=FACE_OUTER_BOUND('',#2599,.T.);
#1964=FACE_OUTER_BOUND('',#2600,.T.);
#1965=FACE_OUTER_BOUND('',#2601,.T.);
#1966=FACE_OUTER_BOUND('',#2602,.T.);
#1967=FACE_OUTER_BOUND('',#2603,.T.);
#1968=FACE_OUTER_BOUND('',#2604,.T.);
#1969=FACE_OUTER_BOUND('',#2605,.T.);
#1970=FACE_OUTER_BOUND('',#2606,.T.);
#1971=FACE_OUTER_BOUND('',#2607,.T.);
#1972=FACE_OUTER_BOUND('',#2608,.T.);
#1973=FACE_OUTER_BOUND('',#2609,.T.);
#1974=FACE_OUTER_BOUND('',#2610,.T.);
#1975=FACE_OUTER_BOUND('',#2611,.T.);
#1976=FACE_OUTER_BOUND('',#2612,.T.);
#1977=FACE_OUTER_BOUND('',#2613,.T.);
#1978=FACE_OUTER_BOUND('',#2614,.T.);
#1979=FACE_OUTER_BOUND('',#2615,.T.);
#1980=FACE_OUTER_BOUND('',#2616,.T.);
#1981=FACE_OUTER_BOUND('',#2617,.T.);
#1982=FACE_OUTER_BOUND('',#2618,.T.);
#1983=FACE_OUTER_BOUND('',#2619,.T.);
#1984=FACE_OUTER_BOUND('',#2620,.T.);
#1985=FACE_OUTER_BOUND('',#2621,.T.);
#1986=FACE_OUTER_BOUND('',#2622,.T.);
#1987=FACE_OUTER_BOUND('',#2623,.T.);
#1988=FACE_OUTER_BOUND('',#2624,.T.);
#1989=FACE_OUTER_BOUND('',#2625,.T.);
#1990=FACE_OUTER_BOUND('',#2626,.T.);
#1991=FACE_OUTER_BOUND('',#2627,.T.);
#1992=FACE_OUTER_BOUND('',#2628,.T.);
#1993=FACE_OUTER_BOUND('',#2629,.T.);
#1994=FACE_OUTER_BOUND('',#2630,.T.);
#1995=FACE_OUTER_BOUND('',#2631,.T.);
#1996=FACE_OUTER_BOUND('',#2632,.T.);
#1997=FACE_OUTER_BOUND('',#2633,.T.);
#1998=FACE_OUTER_BOUND('',#2634,.T.);
#1999=FACE_OUTER_BOUND('',#2635,.T.);
#2000=FACE_OUTER_BOUND('',#2636,.T.);
#2001=FACE_OUTER_BOUND('',#2637,.T.);
#2002=FACE_OUTER_BOUND('',#2638,.T.);
#2003=FACE_OUTER_BOUND('',#2639,.T.);
#2004=FACE_OUTER_BOUND('',#2640,.T.);
#2005=FACE_OUTER_BOUND('',#2641,.T.);
#2006=FACE_OUTER_BOUND('',#2642,.T.);
#2007=FACE_OUTER_BOUND('',#2643,.T.);
#2008=FACE_OUTER_BOUND('',#2644,.T.);
#2009=FACE_OUTER_BOUND('',#2645,.T.);
#2010=FACE_OUTER_BOUND('',#2646,.T.);
#2011=FACE_OUTER_BOUND('',#2647,.T.);
#2012=FACE_OUTER_BOUND('',#2648,.T.);
#2013=FACE_OUTER_BOUND('',#2649,.T.);
#2014=FACE_OUTER_BOUND('',#2650,.T.);
#2015=FACE_OUTER_BOUND('',#2651,.T.);
#2016=FACE_OUTER_BOUND('',#2652,.T.);
#2017=FACE_OUTER_BOUND('',#2653,.T.);
#2018=FACE_OUTER_BOUND('',#2654,.T.);
#2019=FACE_OUTER_BOUND('',#2655,.T.);
#2020=FACE_OUTER_BOUND('',#2656,.T.);
#2021=FACE_OUTER_BOUND('',#2657,.T.);
#2022=FACE_OUTER_BOUND('',#2658,.T.);
#2023=FACE_OUTER_BOUND('',#2659,.T.);
#2024=FACE_OUTER_BOUND('',#2660,.T.);
#2025=FACE_OUTER_BOUND('',#2661,.T.);
#2026=FACE_OUTER_BOUND('',#2662,.T.);
#2027=FACE_OUTER_BOUND('',#2663,.T.);
#2028=FACE_OUTER_BOUND('',#2664,.T.);
#2029=FACE_OUTER_BOUND('',#2665,.T.);
#2030=FACE_OUTER_BOUND('',#2666,.T.);
#2031=FACE_OUTER_BOUND('',#2667,.T.);
#2032=FACE_OUTER_BOUND('',#2668,.T.);
#2033=FACE_OUTER_BOUND('',#2669,.T.);
#2034=FACE_OUTER_BOUND('',#2670,.T.);
#2035=FACE_OUTER_BOUND('',#2671,.T.);
#2036=FACE_OUTER_BOUND('',#2672,.T.);
#2037=FACE_OUTER_BOUND('',#2673,.T.);
#2038=FACE_OUTER_BOUND('',#2674,.T.);
#2039=FACE_OUTER_BOUND('',#2725,.T.);
#2040=FACE_OUTER_BOUND('',#2776,.T.);
#2041=FACE_OUTER_BOUND('',#2777,.T.);
#2042=FACE_OUTER_BOUND('',#2778,.T.);
#2043=FACE_OUTER_BOUND('',#2779,.T.);
#2044=FACE_OUTER_BOUND('',#2780,.T.);
#2045=FACE_OUTER_BOUND('',#2781,.T.);
#2046=FACE_OUTER_BOUND('',#2782,.T.);
#2047=FACE_OUTER_BOUND('',#2783,.T.);
#2048=FACE_OUTER_BOUND('',#2784,.T.);
#2049=FACE_OUTER_BOUND('',#2785,.T.);
#2050=FACE_OUTER_BOUND('',#2786,.T.);
#2051=FACE_OUTER_BOUND('',#2787,.T.);
#2052=FACE_OUTER_BOUND('',#2788,.T.);
#2053=FACE_OUTER_BOUND('',#2789,.T.);
#2054=EDGE_LOOP('',(#6272,#6273,#6274,#6275));
#2055=EDGE_LOOP('',(#6276,#6277,#6278,#6279));
#2056=EDGE_LOOP('',(#6280,#6281,#6282,#6283));
#2057=EDGE_LOOP('',(#6284,#6285,#6286,#6287));
#2058=EDGE_LOOP('',(#6288,#6289,#6290,#6291));
#2059=EDGE_LOOP('',(#6292,#6293,#6294,#6295));
#2060=EDGE_LOOP('',(#6296,#6297,#6298,#6299));
#2061=EDGE_LOOP('',(#6300,#6301,#6302,#6303));
#2062=EDGE_LOOP('',(#6304,#6305,#6306,#6307));
#2063=EDGE_LOOP('',(#6308,#6309,#6310,#6311));
#2064=EDGE_LOOP('',(#6312,#6313,#6314,#6315));
#2065=EDGE_LOOP('',(#6316,#6317,#6318,#6319));
#2066=EDGE_LOOP('',(#6320,#6321,#6322,#6323));
#2067=EDGE_LOOP('',(#6324,#6325,#6326,#6327));
#2068=EDGE_LOOP('',(#6328,#6329,#6330,#6331));
#2069=EDGE_LOOP('',(#6332,#6333,#6334,#6335));
#2070=EDGE_LOOP('',(#6336,#6337,#6338,#6339));
#2071=EDGE_LOOP('',(#6340,#6341,#6342,#6343));
#2072=EDGE_LOOP('',(#6344,#6345,#6346,#6347));
#2073=EDGE_LOOP('',(#6348,#6349,#6350,#6351));
#2074=EDGE_LOOP('',(#6352,#6353,#6354,#6355));
#2075=EDGE_LOOP('',(#6356,#6357,#6358,#6359));
#2076=EDGE_LOOP('',(#6360,#6361,#6362,#6363));
#2077=EDGE_LOOP('',(#6364,#6365,#6366,#6367));
#2078=EDGE_LOOP('',(#6368,#6369,#6370,#6371));
#2079=EDGE_LOOP('',(#6372,#6373,#6374,#6375));
#2080=EDGE_LOOP('',(#6376,#6377,#6378,#6379));
#2081=EDGE_LOOP('',(#6380,#6381,#6382,#6383));
#2082=EDGE_LOOP('',(#6384,#6385,#6386,#6387));
#2083=EDGE_LOOP('',(#6388,#6389,#6390,#6391));
#2084=EDGE_LOOP('',(#6392,#6393,#6394,#6395));
#2085=EDGE_LOOP('',(#6396,#6397,#6398,#6399));
#2086=EDGE_LOOP('',(#6400,#6401,#6402,#6403));
#2087=EDGE_LOOP('',(#6404,#6405,#6406,#6407));
#2088=EDGE_LOOP('',(#6408,#6409,#6410,#6411));
#2089=EDGE_LOOP('',(#6412,#6413,#6414,#6415));
#2090=EDGE_LOOP('',(#6416,#6417,#6418,#6419));
#2091=EDGE_LOOP('',(#6420,#6421,#6422,#6423));
#2092=EDGE_LOOP('',(#6424,#6425,#6426,#6427));
#2093=EDGE_LOOP('',(#6428,#6429,#6430,#6431));
#2094=EDGE_LOOP('',(#6432,#6433,#6434,#6435));
#2095=EDGE_LOOP('',(#6436,#6437,#6438,#6439));
#2096=EDGE_LOOP('',(#6440,#6441,#6442,#6443));
#2097=EDGE_LOOP('',(#6444,#6445,#6446,#6447));
#2098=EDGE_LOOP('',(#6448,#6449,#6450,#6451));
#2099=EDGE_LOOP('',(#6452,#6453,#6454,#6455));
#2100=EDGE_LOOP('',(#6456,#6457,#6458,#6459));
#2101=EDGE_LOOP('',(#6460,#6461,#6462,#6463));
#2102=EDGE_LOOP('',(#6464,#6465,#6466,#6467));
#2103=EDGE_LOOP('',(#6468,#6469,#6470,#6471));
#2104=EDGE_LOOP('',(#6472,#6473,#6474,#6475));
#2105=EDGE_LOOP('',(#6476,#6477,#6478,#6479));
#2106=EDGE_LOOP('',(#6480,#6481,#6482,#6483));
#2107=EDGE_LOOP('',(#6484,#6485,#6486,#6487));
#2108=EDGE_LOOP('',(#6488,#6489,#6490,#6491));
#2109=EDGE_LOOP('',(#6492,#6493,#6494,#6495));
#2110=EDGE_LOOP('',(#6496,#6497,#6498,#6499));
#2111=EDGE_LOOP('',(#6500,#6501,#6502,#6503));
#2112=EDGE_LOOP('',(#6504,#6505,#6506,#6507));
#2113=EDGE_LOOP('',(#6508,#6509,#6510,#6511));
#2114=EDGE_LOOP('',(#6512,#6513,#6514,#6515));
#2115=EDGE_LOOP('',(#6516,#6517,#6518,#6519));
#2116=EDGE_LOOP('',(#6520,#6521,#6522,#6523));
#2117=EDGE_LOOP('',(#6524,#6525,#6526,#6527));
#2118=EDGE_LOOP('',(#6528,#6529,#6530,#6531));
#2119=EDGE_LOOP('',(#6532,#6533,#6534,#6535));
#2120=EDGE_LOOP('',(#6536,#6537,#6538,#6539));
#2121=EDGE_LOOP('',(#6540,#6541,#6542,#6543));
#2122=EDGE_LOOP('',(#6544,#6545,#6546,#6547));
#2123=EDGE_LOOP('',(#6548,#6549,#6550,#6551));
#2124=EDGE_LOOP('',(#6552,#6553,#6554,#6555));
#2125=EDGE_LOOP('',(#6556,#6557,#6558,#6559));
#2126=EDGE_LOOP('',(#6560,#6561,#6562,#6563));
#2127=EDGE_LOOP('',(#6564,#6565,#6566,#6567));
#2128=EDGE_LOOP('',(#6568,#6569,#6570,#6571));
#2129=EDGE_LOOP('',(#6572,#6573,#6574,#6575));
#2130=EDGE_LOOP('',(#6576,#6577,#6578,#6579));
#2131=EDGE_LOOP('',(#6580,#6581,#6582,#6583));
#2132=EDGE_LOOP('',(#6584,#6585,#6586,#6587));
#2133=EDGE_LOOP('',(#6588,#6589,#6590,#6591));
#2134=EDGE_LOOP('',(#6592,#6593,#6594,#6595));
#2135=EDGE_LOOP('',(#6596,#6597,#6598,#6599));
#2136=EDGE_LOOP('',(#6600,#6601,#6602,#6603));
#2137=EDGE_LOOP('',(#6604,#6605,#6606,#6607));
#2138=EDGE_LOOP('',(#6608,#6609,#6610,#6611));
#2139=EDGE_LOOP('',(#6612,#6613,#6614,#6615));
#2140=EDGE_LOOP('',(#6616,#6617,#6618,#6619,#6620,#6621,#6622,#6623,#6624,
#6625,#6626,#6627,#6628,#6629));
#2141=EDGE_LOOP('',(#6630));
#2142=EDGE_LOOP('',(#6631));
#2143=EDGE_LOOP('',(#6632));
#2144=EDGE_LOOP('',(#6633));
#2145=EDGE_LOOP('',(#6634));
#2146=EDGE_LOOP('',(#6635));
#2147=EDGE_LOOP('',(#6636));
#2148=EDGE_LOOP('',(#6637));
#2149=EDGE_LOOP('',(#6638));
#2150=EDGE_LOOP('',(#6639));
#2151=EDGE_LOOP('',(#6640));
#2152=EDGE_LOOP('',(#6641));
#2153=EDGE_LOOP('',(#6642));
#2154=EDGE_LOOP('',(#6643));
#2155=EDGE_LOOP('',(#6644));
#2156=EDGE_LOOP('',(#6645));
#2157=EDGE_LOOP('',(#6646));
#2158=EDGE_LOOP('',(#6647));
#2159=EDGE_LOOP('',(#6648));
#2160=EDGE_LOOP('',(#6649));
#2161=EDGE_LOOP('',(#6650));
#2162=EDGE_LOOP('',(#6651));
#2163=EDGE_LOOP('',(#6652));
#2164=EDGE_LOOP('',(#6653));
#2165=EDGE_LOOP('',(#6654));
#2166=EDGE_LOOP('',(#6655));
#2167=EDGE_LOOP('',(#6656));
#2168=EDGE_LOOP('',(#6657));
#2169=EDGE_LOOP('',(#6658));
#2170=EDGE_LOOP('',(#6659));
#2171=EDGE_LOOP('',(#6660));
#2172=EDGE_LOOP('',(#6661));
#2173=EDGE_LOOP('',(#6662));
#2174=EDGE_LOOP('',(#6663));
#2175=EDGE_LOOP('',(#6664));
#2176=EDGE_LOOP('',(#6665));
#2177=EDGE_LOOP('',(#6666));
#2178=EDGE_LOOP('',(#6667));
#2179=EDGE_LOOP('',(#6668));
#2180=EDGE_LOOP('',(#6669));
#2181=EDGE_LOOP('',(#6670));
#2182=EDGE_LOOP('',(#6671));
#2183=EDGE_LOOP('',(#6672));
#2184=EDGE_LOOP('',(#6673));
#2185=EDGE_LOOP('',(#6674));
#2186=EDGE_LOOP('',(#6675));
#2187=EDGE_LOOP('',(#6676));
#2188=EDGE_LOOP('',(#6677));
#2189=EDGE_LOOP('',(#6678));
#2190=EDGE_LOOP('',(#6679));
#2191=EDGE_LOOP('',(#6680));
#2192=EDGE_LOOP('',(#6681));
#2193=EDGE_LOOP('',(#6682));
#2194=EDGE_LOOP('',(#6683));
#2195=EDGE_LOOP('',(#6684));
#2196=EDGE_LOOP('',(#6685));
#2197=EDGE_LOOP('',(#6686));
#2198=EDGE_LOOP('',(#6687));
#2199=EDGE_LOOP('',(#6688));
#2200=EDGE_LOOP('',(#6689));
#2201=EDGE_LOOP('',(#6690));
#2202=EDGE_LOOP('',(#6691));
#2203=EDGE_LOOP('',(#6692));
#2204=EDGE_LOOP('',(#6693));
#2205=EDGE_LOOP('',(#6694));
#2206=EDGE_LOOP('',(#6695));
#2207=EDGE_LOOP('',(#6696));
#2208=EDGE_LOOP('',(#6697));
#2209=EDGE_LOOP('',(#6698));
#2210=EDGE_LOOP('',(#6699));
#2211=EDGE_LOOP('',(#6700));
#2212=EDGE_LOOP('',(#6701));
#2213=EDGE_LOOP('',(#6702));
#2214=EDGE_LOOP('',(#6703));
#2215=EDGE_LOOP('',(#6704));
#2216=EDGE_LOOP('',(#6705));
#2217=EDGE_LOOP('',(#6706));
#2218=EDGE_LOOP('',(#6707));
#2219=EDGE_LOOP('',(#6708));
#2220=EDGE_LOOP('',(#6709));
#2221=EDGE_LOOP('',(#6710));
#2222=EDGE_LOOP('',(#6711));
#2223=EDGE_LOOP('',(#6712,#6713,#6714,#6715));
#2224=EDGE_LOOP('',(#6716,#6717,#6718,#6719,#6720,#6721,#6722,#6723,#6724,
#6725,#6726,#6727,#6728,#6729));
#2225=EDGE_LOOP('',(#6730));
#2226=EDGE_LOOP('',(#6731));
#2227=EDGE_LOOP('',(#6732));
#2228=EDGE_LOOP('',(#6733));
#2229=EDGE_LOOP('',(#6734));
#2230=EDGE_LOOP('',(#6735));
#2231=EDGE_LOOP('',(#6736));
#2232=EDGE_LOOP('',(#6737));
#2233=EDGE_LOOP('',(#6738));
#2234=EDGE_LOOP('',(#6739));
#2235=EDGE_LOOP('',(#6740));
#2236=EDGE_LOOP('',(#6741));
#2237=EDGE_LOOP('',(#6742));
#2238=EDGE_LOOP('',(#6743));
#2239=EDGE_LOOP('',(#6744));
#2240=EDGE_LOOP('',(#6745));
#2241=EDGE_LOOP('',(#6746));
#2242=EDGE_LOOP('',(#6747));
#2243=EDGE_LOOP('',(#6748));
#2244=EDGE_LOOP('',(#6749));
#2245=EDGE_LOOP('',(#6750));
#2246=EDGE_LOOP('',(#6751));
#2247=EDGE_LOOP('',(#6752));
#2248=EDGE_LOOP('',(#6753));
#2249=EDGE_LOOP('',(#6754));
#2250=EDGE_LOOP('',(#6755));
#2251=EDGE_LOOP('',(#6756));
#2252=EDGE_LOOP('',(#6757));
#2253=EDGE_LOOP('',(#6758));
#2254=EDGE_LOOP('',(#6759));
#2255=EDGE_LOOP('',(#6760));
#2256=EDGE_LOOP('',(#6761));
#2257=EDGE_LOOP('',(#6762));
#2258=EDGE_LOOP('',(#6763));
#2259=EDGE_LOOP('',(#6764));
#2260=EDGE_LOOP('',(#6765));
#2261=EDGE_LOOP('',(#6766));
#2262=EDGE_LOOP('',(#6767));
#2263=EDGE_LOOP('',(#6768));
#2264=EDGE_LOOP('',(#6769));
#2265=EDGE_LOOP('',(#6770));
#2266=EDGE_LOOP('',(#6771));
#2267=EDGE_LOOP('',(#6772));
#2268=EDGE_LOOP('',(#6773));
#2269=EDGE_LOOP('',(#6774));
#2270=EDGE_LOOP('',(#6775));
#2271=EDGE_LOOP('',(#6776));
#2272=EDGE_LOOP('',(#6777));
#2273=EDGE_LOOP('',(#6778));
#2274=EDGE_LOOP('',(#6779));
#2275=EDGE_LOOP('',(#6780));
#2276=EDGE_LOOP('',(#6781));
#2277=EDGE_LOOP('',(#6782));
#2278=EDGE_LOOP('',(#6783));
#2279=EDGE_LOOP('',(#6784));
#2280=EDGE_LOOP('',(#6785));
#2281=EDGE_LOOP('',(#6786));
#2282=EDGE_LOOP('',(#6787));
#2283=EDGE_LOOP('',(#6788));
#2284=EDGE_LOOP('',(#6789));
#2285=EDGE_LOOP('',(#6790));
#2286=EDGE_LOOP('',(#6791));
#2287=EDGE_LOOP('',(#6792));
#2288=EDGE_LOOP('',(#6793));
#2289=EDGE_LOOP('',(#6794));
#2290=EDGE_LOOP('',(#6795));
#2291=EDGE_LOOP('',(#6796));
#2292=EDGE_LOOP('',(#6797));
#2293=EDGE_LOOP('',(#6798));
#2294=EDGE_LOOP('',(#6799));
#2295=EDGE_LOOP('',(#6800));
#2296=EDGE_LOOP('',(#6801));
#2297=EDGE_LOOP('',(#6802));
#2298=EDGE_LOOP('',(#6803));
#2299=EDGE_LOOP('',(#6804));
#2300=EDGE_LOOP('',(#6805));
#2301=EDGE_LOOP('',(#6806));
#2302=EDGE_LOOP('',(#6807));
#2303=EDGE_LOOP('',(#6808));
#2304=EDGE_LOOP('',(#6809));
#2305=EDGE_LOOP('',(#6810));
#2306=EDGE_LOOP('',(#6811));
#2307=EDGE_LOOP('',(#6812,#6813,#6814,#6815));
#2308=EDGE_LOOP('',(#6816,#6817,#6818,#6819));
#2309=EDGE_LOOP('',(#6820,#6821,#6822,#6823));
#2310=EDGE_LOOP('',(#6824,#6825,#6826,#6827));
#2311=EDGE_LOOP('',(#6828,#6829,#6830,#6831,#6832));
#2312=EDGE_LOOP('',(#6833));
#2313=EDGE_LOOP('',(#6834));
#2314=EDGE_LOOP('',(#6835));
#2315=EDGE_LOOP('',(#6836,#6837,#6838,#6839));
#2316=EDGE_LOOP('',(#6840,#6841,#6842,#6843));
#2317=EDGE_LOOP('',(#6844,#6845,#6846,#6847));
#2318=EDGE_LOOP('',(#6848,#6849,#6850,#6851));
#2319=EDGE_LOOP('',(#6852,#6853,#6854,#6855));
#2320=EDGE_LOOP('',(#6856,#6857,#6858,#6859));
#2321=EDGE_LOOP('',(#6860,#6861,#6862,#6863));
#2322=EDGE_LOOP('',(#6864,#6865,#6866,#6867));
#2323=EDGE_LOOP('',(#6868,#6869,#6870,#6871,#6872,#6873,#6874,#6875,#6876,
#6877,#6878,#6879,#6880,#6881));
#2324=EDGE_LOOP('',(#6882));
#2325=EDGE_LOOP('',(#6883,#6884,#6885,#6886));
#2326=EDGE_LOOP('',(#6887,#6888,#6889,#6890));
#2327=EDGE_LOOP('',(#6891,#6892,#6893,#6894));
#2328=EDGE_LOOP('',(#6895,#6896,#6897,#6898));
#2329=EDGE_LOOP('',(#6899,#6900,#6901,#6902));
#2330=EDGE_LOOP('',(#6903,#6904,#6905,#6906));
#2331=EDGE_LOOP('',(#6907,#6908,#6909,#6910));
#2332=EDGE_LOOP('',(#6911,#6912,#6913,#6914));
#2333=EDGE_LOOP('',(#6915,#6916,#6917,#6918));
#2334=EDGE_LOOP('',(#6919,#6920,#6921,#6922));
#2335=EDGE_LOOP('',(#6923,#6924,#6925,#6926));
#2336=EDGE_LOOP('',(#6927,#6928,#6929,#6930));
#2337=EDGE_LOOP('',(#6931,#6932,#6933,#6934));
#2338=EDGE_LOOP('',(#6935,#6936,#6937,#6938,#6939));
#2339=EDGE_LOOP('',(#6940));
#2340=EDGE_LOOP('',(#6941));
#2341=EDGE_LOOP('',(#6942));
#2342=EDGE_LOOP('',(#6943,#6944,#6945,#6946));
#2343=EDGE_LOOP('',(#6947,#6948,#6949,#6950));
#2344=EDGE_LOOP('',(#6951,#6952,#6953,#6954));
#2345=EDGE_LOOP('',(#6955,#6956,#6957,#6958));
#2346=EDGE_LOOP('',(#6959,#6960,#6961,#6962));
#2347=EDGE_LOOP('',(#6963,#6964,#6965,#6966));
#2348=EDGE_LOOP('',(#6967,#6968,#6969,#6970));
#2349=EDGE_LOOP('',(#6971,#6972,#6973,#6974));
#2350=EDGE_LOOP('',(#6975,#6976,#6977,#6978));
#2351=EDGE_LOOP('',(#6979,#6980,#6981,#6982));
#2352=EDGE_LOOP('',(#6983,#6984,#6985,#6986));
#2353=EDGE_LOOP('',(#6987,#6988,#6989,#6990));
#2354=EDGE_LOOP('',(#6991,#6992,#6993,#6994));
#2355=EDGE_LOOP('',(#6995,#6996,#6997,#6998,#6999,#7000));
#2356=EDGE_LOOP('',(#7001));
#2357=EDGE_LOOP('',(#7002));
#2358=EDGE_LOOP('',(#7003,#7004,#7005,#7006));
#2359=EDGE_LOOP('',(#7007,#7008,#7009,#7010));
#2360=EDGE_LOOP('',(#7011,#7012,#7013,#7014,#7015));
#2361=EDGE_LOOP('',(#7016));
#2362=EDGE_LOOP('',(#7017));
#2363=EDGE_LOOP('',(#7018));
#2364=EDGE_LOOP('',(#7019,#7020,#7021,#7022));
#2365=EDGE_LOOP('',(#7023,#7024,#7025,#7026));
#2366=EDGE_LOOP('',(#7027,#7028,#7029,#7030));
#2367=EDGE_LOOP('',(#7031,#7032,#7033,#7034,#7035,#7036));
#2368=EDGE_LOOP('',(#7037));
#2369=EDGE_LOOP('',(#7038));
#2370=EDGE_LOOP('',(#7039,#7040,#7041,#7042,#7043));
#2371=EDGE_LOOP('',(#7044));
#2372=EDGE_LOOP('',(#7045));
#2373=EDGE_LOOP('',(#7046));
#2374=EDGE_LOOP('',(#7047,#7048,#7049,#7050));
#2375=EDGE_LOOP('',(#7051,#7052,#7053,#7054));
#2376=EDGE_LOOP('',(#7055,#7056,#7057,#7058));
#2377=EDGE_LOOP('',(#7059,#7060,#7061,#7062));
#2378=EDGE_LOOP('',(#7063,#7064,#7065,#7066));
#2379=EDGE_LOOP('',(#7067,#7068,#7069,#7070));
#2380=EDGE_LOOP('',(#7071,#7072,#7073,#7074));
#2381=EDGE_LOOP('',(#7075,#7076,#7077,#7078,#7079,#7080,#7081,#7082,#7083,
#7084,#7085,#7086,#7087,#7088));
#2382=EDGE_LOOP('',(#7089));
#2383=EDGE_LOOP('',(#7090,#7091,#7092,#7093));
#2384=EDGE_LOOP('',(#7094,#7095,#7096,#7097));
#2385=EDGE_LOOP('',(#7098,#7099,#7100,#7101));
#2386=EDGE_LOOP('',(#7102,#7103,#7104,#7105));
#2387=EDGE_LOOP('',(#7106,#7107,#7108,#7109));
#2388=EDGE_LOOP('',(#7110,#7111,#7112,#7113));
#2389=EDGE_LOOP('',(#7114,#7115,#7116,#7117));
#2390=EDGE_LOOP('',(#7118,#7119,#7120,#7121));
#2391=EDGE_LOOP('',(#7122,#7123,#7124,#7125,#7126,#7127));
#2392=EDGE_LOOP('',(#7128));
#2393=EDGE_LOOP('',(#7129));
#2394=EDGE_LOOP('',(#7130,#7131,#7132,#7133));
#2395=EDGE_LOOP('',(#7134,#7135,#7136,#7137));
#2396=EDGE_LOOP('',(#7138,#7139,#7140,#7141));
#2397=EDGE_LOOP('',(#7142,#7143,#7144,#7145));
#2398=EDGE_LOOP('',(#7146,#7147,#7148,#7149));
#2399=EDGE_LOOP('',(#7150,#7151,#7152,#7153,#7154,#7155));
#2400=EDGE_LOOP('',(#7156));
#2401=EDGE_LOOP('',(#7157));
#2402=EDGE_LOOP('',(#7158,#7159,#7160,#7161));
#2403=EDGE_LOOP('',(#7162,#7163,#7164,#7165));
#2404=EDGE_LOOP('',(#7166,#7167,#7168,#7169));
#2405=EDGE_LOOP('',(#7170,#7171,#7172,#7173));
#2406=EDGE_LOOP('',(#7174,#7175,#7176,#7177));
#2407=EDGE_LOOP('',(#7178,#7179,#7180,#7181));
#2408=EDGE_LOOP('',(#7182));
#2409=EDGE_LOOP('',(#7183));
#2410=EDGE_LOOP('',(#7184));
#2411=EDGE_LOOP('',(#7185,#7186,#7187,#7188));
#2412=EDGE_LOOP('',(#7189,#7190,#7191,#7192));
#2413=EDGE_LOOP('',(#7193,#7194,#7195,#7196));
#2414=EDGE_LOOP('',(#7197,#7198,#7199,#7200,#7201,#7202));
#2415=EDGE_LOOP('',(#7203));
#2416=EDGE_LOOP('',(#7204));
#2417=EDGE_LOOP('',(#7205));
#2418=EDGE_LOOP('',(#7206,#7207,#7208,#7209));
#2419=EDGE_LOOP('',(#7210,#7211,#7212,#7213));
#2420=EDGE_LOOP('',(#7214,#7215,#7216,#7217));
#2421=EDGE_LOOP('',(#7218,#7219,#7220,#7221));
#2422=EDGE_LOOP('',(#7222,#7223,#7224,#7225));
#2423=EDGE_LOOP('',(#7226,#7227,#7228,#7229,#7230,#7231));
#2424=EDGE_LOOP('',(#7232));
#2425=EDGE_LOOP('',(#7233));
#2426=EDGE_LOOP('',(#7234));
#2427=EDGE_LOOP('',(#7235,#7236,#7237,#7238));
#2428=EDGE_LOOP('',(#7239,#7240,#7241,#7242));
#2429=EDGE_LOOP('',(#7243,#7244,#7245,#7246));
#2430=EDGE_LOOP('',(#7247,#7248,#7249,#7250));
#2431=EDGE_LOOP('',(#7251,#7252,#7253,#7254,#7255,#7256));
#2432=EDGE_LOOP('',(#7257));
#2433=EDGE_LOOP('',(#7258));
#2434=EDGE_LOOP('',(#7259));
#2435=EDGE_LOOP('',(#7260,#7261,#7262,#7263));
#2436=EDGE_LOOP('',(#7264,#7265,#7266,#7267));
#2437=EDGE_LOOP('',(#7268,#7269,#7270,#7271));
#2438=EDGE_LOOP('',(#7272,#7273,#7274,#7275));
#2439=EDGE_LOOP('',(#7276,#7277,#7278,#7279));
#2440=EDGE_LOOP('',(#7280));
#2441=EDGE_LOOP('',(#7281));
#2442=EDGE_LOOP('',(#7282));
#2443=EDGE_LOOP('',(#7283,#7284,#7285,#7286));
#2444=EDGE_LOOP('',(#7287,#7288,#7289,#7290));
#2445=EDGE_LOOP('',(#7291,#7292,#7293,#7294));
#2446=EDGE_LOOP('',(#7295,#7296,#7297,#7298));
#2447=EDGE_LOOP('',(#7299,#7300,#7301,#7302,#7303,#7304));
#2448=EDGE_LOOP('',(#7305));
#2449=EDGE_LOOP('',(#7306));
#2450=EDGE_LOOP('',(#7307));
#2451=EDGE_LOOP('',(#7308,#7309,#7310,#7311));
#2452=EDGE_LOOP('',(#7312,#7313,#7314,#7315));
#2453=EDGE_LOOP('',(#7316,#7317,#7318,#7319));
#2454=EDGE_LOOP('',(#7320,#7321,#7322,#7323));
#2455=EDGE_LOOP('',(#7324,#7325,#7326,#7327));
#2456=EDGE_LOOP('',(#7328,#7329,#7330,#7331));
#2457=EDGE_LOOP('',(#7332,#7333,#7334,#7335));
#2458=EDGE_LOOP('',(#7336,#7337,#7338,#7339));
#2459=EDGE_LOOP('',(#7340,#7341,#7342,#7343));
#2460=EDGE_LOOP('',(#7344,#7345,#7346,#7347));
#2461=EDGE_LOOP('',(#7348,#7349,#7350,#7351));
#2462=EDGE_LOOP('',(#7352,#7353,#7354,#7355));
#2463=EDGE_LOOP('',(#7356,#7357,#7358,#7359));
#2464=EDGE_LOOP('',(#7360,#7361,#7362,#7363));
#2465=EDGE_LOOP('',(#7364,#7365,#7366,#7367));
#2466=EDGE_LOOP('',(#7368,#7369,#7370,#7371));
#2467=EDGE_LOOP('',(#7372,#7373,#7374,#7375));
#2468=EDGE_LOOP('',(#7376,#7377,#7378,#7379));
#2469=EDGE_LOOP('',(#7380,#7381,#7382,#7383));
#2470=EDGE_LOOP('',(#7384,#7385,#7386,#7387));
#2471=EDGE_LOOP('',(#7388,#7389,#7390,#7391));
#2472=EDGE_LOOP('',(#7392,#7393,#7394,#7395));
#2473=EDGE_LOOP('',(#7396,#7397,#7398,#7399));
#2474=EDGE_LOOP('',(#7400,#7401,#7402,#7403));
#2475=EDGE_LOOP('',(#7404,#7405,#7406,#7407));
#2476=EDGE_LOOP('',(#7408,#7409,#7410,#7411));
#2477=EDGE_LOOP('',(#7412,#7413,#7414,#7415));
#2478=EDGE_LOOP('',(#7416,#7417,#7418,#7419,#7420,#7421,#7422,#7423,#7424,
#7425,#7426,#7427,#7428,#7429,#7430,#7431));
#2479=EDGE_LOOP('',(#7432));
#2480=EDGE_LOOP('',(#7433));
#2481=EDGE_LOOP('',(#7434));
#2482=EDGE_LOOP('',(#7435));
#2483=EDGE_LOOP('',(#7436));
#2484=EDGE_LOOP('',(#7437));
#2485=EDGE_LOOP('',(#7438));
#2486=EDGE_LOOP('',(#7439));
#2487=EDGE_LOOP('',(#7440));
#2488=EDGE_LOOP('',(#7441));
#2489=EDGE_LOOP('',(#7442,#7443,#7444,#7445));
#2490=EDGE_LOOP('',(#7446));
#2491=EDGE_LOOP('',(#7447));
#2492=EDGE_LOOP('',(#7448));
#2493=EDGE_LOOP('',(#7449,#7450,#7451,#7452));
#2494=EDGE_LOOP('',(#7453,#7454,#7455,#7456));
#2495=EDGE_LOOP('',(#7457,#7458,#7459,#7460));
#2496=EDGE_LOOP('',(#7461,#7462,#7463,#7464));
#2497=EDGE_LOOP('',(#7465,#7466,#7467,#7468));
#2498=EDGE_LOOP('',(#7469,#7470,#7471,#7472));
#2499=EDGE_LOOP('',(#7473,#7474,#7475,#7476,#7477,#7478));
#2500=EDGE_LOOP('',(#7479));
#2501=EDGE_LOOP('',(#7480));
#2502=EDGE_LOOP('',(#7481));
#2503=EDGE_LOOP('',(#7482,#7483,#7484,#7485));
#2504=EDGE_LOOP('',(#7486,#7487,#7488,#7489));
#2505=EDGE_LOOP('',(#7490,#7491,#7492,#7493));
#2506=EDGE_LOOP('',(#7494,#7495,#7496,#7497));
#2507=EDGE_LOOP('',(#7498,#7499,#7500,#7501));
#2508=EDGE_LOOP('',(#7502,#7503,#7504,#7505));
#2509=EDGE_LOOP('',(#7506,#7507,#7508,#7509));
#2510=EDGE_LOOP('',(#7510,#7511,#7512,#7513));
#2511=EDGE_LOOP('',(#7514,#7515,#7516,#7517));
#2512=EDGE_LOOP('',(#7518,#7519,#7520,#7521));
#2513=EDGE_LOOP('',(#7522,#7523,#7524,#7525,#7526,#7527));
#2514=EDGE_LOOP('',(#7528));
#2515=EDGE_LOOP('',(#7529));
#2516=EDGE_LOOP('',(#7530));
#2517=EDGE_LOOP('',(#7531,#7532,#7533,#7534));
#2518=EDGE_LOOP('',(#7535,#7536,#7537,#7538));
#2519=EDGE_LOOP('',(#7539,#7540,#7541,#7542));
#2520=EDGE_LOOP('',(#7543,#7544,#7545,#7546));
#2521=EDGE_LOOP('',(#7547,#7548,#7549,#7550));
#2522=EDGE_LOOP('',(#7551,#7552,#7553,#7554));
#2523=EDGE_LOOP('',(#7555,#7556,#7557,#7558));
#2524=EDGE_LOOP('',(#7559,#7560,#7561,#7562));
#2525=EDGE_LOOP('',(#7563,#7564,#7565,#7566));
#2526=EDGE_LOOP('',(#7567,#7568,#7569,#7570));
#2527=EDGE_LOOP('',(#7571,#7572,#7573,#7574));
#2528=EDGE_LOOP('',(#7575,#7576,#7577,#7578,#7579,#7580));
#2529=EDGE_LOOP('',(#7581));
#2530=EDGE_LOOP('',(#7582));
#2531=EDGE_LOOP('',(#7583));
#2532=EDGE_LOOP('',(#7584,#7585,#7586,#7587));
#2533=EDGE_LOOP('',(#7588,#7589,#7590,#7591));
#2534=EDGE_LOOP('',(#7592,#7593,#7594,#7595,#7596,#7597));
#2535=EDGE_LOOP('',(#7598));
#2536=EDGE_LOOP('',(#7599));
#2537=EDGE_LOOP('',(#7600));
#2538=EDGE_LOOP('',(#7601,#7602,#7603,#7604));
#2539=EDGE_LOOP('',(#7605,#7606,#7607,#7608));
#2540=EDGE_LOOP('',(#7609,#7610,#7611,#7612));
#2541=EDGE_LOOP('',(#7613,#7614,#7615,#7616));
#2542=EDGE_LOOP('',(#7617,#7618,#7619,#7620,#7621,#7622,#7623,#7624,#7625,
#7626,#7627,#7628,#7629,#7630,#7631,#7632));
#2543=EDGE_LOOP('',(#7633));
#2544=EDGE_LOOP('',(#7634));
#2545=EDGE_LOOP('',(#7635));
#2546=EDGE_LOOP('',(#7636));
#2547=EDGE_LOOP('',(#7637));
#2548=EDGE_LOOP('',(#7638));
#2549=EDGE_LOOP('',(#7639));
#2550=EDGE_LOOP('',(#7640));
#2551=EDGE_LOOP('',(#7641));
#2552=EDGE_LOOP('',(#7642));
#2553=EDGE_LOOP('',(#7643,#7644,#7645,#7646));
#2554=EDGE_LOOP('',(#7647));
#2555=EDGE_LOOP('',(#7648));
#2556=EDGE_LOOP('',(#7649));
#2557=EDGE_LOOP('',(#7650,#7651,#7652,#7653));
#2558=EDGE_LOOP('',(#7654,#7655,#7656,#7657));
#2559=EDGE_LOOP('',(#7658,#7659,#7660,#7661));
#2560=EDGE_LOOP('',(#7662,#7663,#7664,#7665));
#2561=EDGE_LOOP('',(#7666,#7667,#7668,#7669));
#2562=EDGE_LOOP('',(#7670,#7671,#7672,#7673));
#2563=EDGE_LOOP('',(#7674,#7675,#7676,#7677));
#2564=EDGE_LOOP('',(#7678,#7679,#7680,#7681));
#2565=EDGE_LOOP('',(#7682,#7683,#7684,#7685));
#2566=EDGE_LOOP('',(#7686,#7687,#7688,#7689));
#2567=EDGE_LOOP('',(#7690,#7691,#7692,#7693));
#2568=EDGE_LOOP('',(#7694,#7695,#7696,#7697));
#2569=EDGE_LOOP('',(#7698,#7699,#7700,#7701));
#2570=EDGE_LOOP('',(#7702,#7703,#7704,#7705));
#2571=EDGE_LOOP('',(#7706,#7707,#7708,#7709));
#2572=EDGE_LOOP('',(#7710,#7711,#7712,#7713));
#2573=EDGE_LOOP('',(#7714,#7715,#7716,#7717));
#2574=EDGE_LOOP('',(#7718,#7719,#7720,#7721));
#2575=EDGE_LOOP('',(#7722,#7723,#7724,#7725));
#2576=EDGE_LOOP('',(#7726,#7727,#7728,#7729));
#2577=EDGE_LOOP('',(#7730,#7731,#7732,#7733));
#2578=EDGE_LOOP('',(#7734,#7735,#7736,#7737));
#2579=EDGE_LOOP('',(#7738,#7739,#7740,#7741));
#2580=EDGE_LOOP('',(#7742,#7743,#7744,#7745));
#2581=EDGE_LOOP('',(#7746,#7747,#7748,#7749));
#2582=EDGE_LOOP('',(#7750,#7751,#7752,#7753));
#2583=EDGE_LOOP('',(#7754,#7755,#7756,#7757));
#2584=EDGE_LOOP('',(#7758,#7759,#7760,#7761));
#2585=EDGE_LOOP('',(#7762,#7763,#7764,#7765));
#2586=EDGE_LOOP('',(#7766,#7767,#7768,#7769));
#2587=EDGE_LOOP('',(#7770,#7771,#7772,#7773));
#2588=EDGE_LOOP('',(#7774,#7775,#7776,#7777));
#2589=EDGE_LOOP('',(#7778,#7779,#7780,#7781));
#2590=EDGE_LOOP('',(#7782,#7783,#7784,#7785));
#2591=EDGE_LOOP('',(#7786,#7787,#7788,#7789));
#2592=EDGE_LOOP('',(#7790,#7791,#7792,#7793));
#2593=EDGE_LOOP('',(#7794,#7795,#7796,#7797));
#2594=EDGE_LOOP('',(#7798,#7799,#7800,#7801));
#2595=EDGE_LOOP('',(#7802,#7803,#7804,#7805));
#2596=EDGE_LOOP('',(#7806,#7807,#7808,#7809));
#2597=EDGE_LOOP('',(#7810,#7811,#7812,#7813));
#2598=EDGE_LOOP('',(#7814,#7815,#7816,#7817));
#2599=EDGE_LOOP('',(#7818,#7819,#7820,#7821));
#2600=EDGE_LOOP('',(#7822,#7823,#7824,#7825));
#2601=EDGE_LOOP('',(#7826,#7827,#7828,#7829));
#2602=EDGE_LOOP('',(#7830,#7831,#7832,#7833));
#2603=EDGE_LOOP('',(#7834,#7835,#7836,#7837));
#2604=EDGE_LOOP('',(#7838,#7839,#7840,#7841));
#2605=EDGE_LOOP('',(#7842,#7843,#7844,#7845));
#2606=EDGE_LOOP('',(#7846,#7847,#7848,#7849));
#2607=EDGE_LOOP('',(#7850,#7851,#7852,#7853));
#2608=EDGE_LOOP('',(#7854,#7855,#7856,#7857));
#2609=EDGE_LOOP('',(#7858,#7859,#7860,#7861));
#2610=EDGE_LOOP('',(#7862,#7863,#7864,#7865));
#2611=EDGE_LOOP('',(#7866,#7867,#7868,#7869));
#2612=EDGE_LOOP('',(#7870,#7871,#7872,#7873));
#2613=EDGE_LOOP('',(#7874,#7875,#7876,#7877));
#2614=EDGE_LOOP('',(#7878,#7879,#7880,#7881));
#2615=EDGE_LOOP('',(#7882,#7883,#7884,#7885));
#2616=EDGE_LOOP('',(#7886,#7887,#7888,#7889));
#2617=EDGE_LOOP('',(#7890,#7891,#7892,#7893));
#2618=EDGE_LOOP('',(#7894,#7895,#7896,#7897));
#2619=EDGE_LOOP('',(#7898,#7899,#7900,#7901));
#2620=EDGE_LOOP('',(#7902,#7903,#7904,#7905));
#2621=EDGE_LOOP('',(#7906,#7907,#7908,#7909));
#2622=EDGE_LOOP('',(#7910,#7911,#7912,#7913));
#2623=EDGE_LOOP('',(#7914,#7915,#7916,#7917));
#2624=EDGE_LOOP('',(#7918,#7919,#7920,#7921));
#2625=EDGE_LOOP('',(#7922,#7923,#7924,#7925));
#2626=EDGE_LOOP('',(#7926,#7927,#7928,#7929));
#2627=EDGE_LOOP('',(#7930,#7931,#7932,#7933));
#2628=EDGE_LOOP('',(#7934,#7935,#7936,#7937));
#2629=EDGE_LOOP('',(#7938,#7939,#7940,#7941));
#2630=EDGE_LOOP('',(#7942,#7943,#7944,#7945));
#2631=EDGE_LOOP('',(#7946,#7947,#7948,#7949));
#2632=EDGE_LOOP('',(#7950,#7951,#7952,#7953));
#2633=EDGE_LOOP('',(#7954,#7955,#7956,#7957));
#2634=EDGE_LOOP('',(#7958,#7959,#7960,#7961));
#2635=EDGE_LOOP('',(#7962,#7963,#7964,#7965));
#2636=EDGE_LOOP('',(#7966,#7967,#7968,#7969));
#2637=EDGE_LOOP('',(#7970,#7971,#7972,#7973));
#2638=EDGE_LOOP('',(#7974,#7975,#7976,#7977));
#2639=EDGE_LOOP('',(#7978,#7979,#7980,#7981));
#2640=EDGE_LOOP('',(#7982,#7983,#7984,#7985));
#2641=EDGE_LOOP('',(#7986,#7987,#7988,#7989));
#2642=EDGE_LOOP('',(#7990,#7991,#7992,#7993));
#2643=EDGE_LOOP('',(#7994,#7995,#7996,#7997));
#2644=EDGE_LOOP('',(#7998,#7999,#8000,#8001));
#2645=EDGE_LOOP('',(#8002,#8003,#8004,#8005));
#2646=EDGE_LOOP('',(#8006,#8007,#8008,#8009));
#2647=EDGE_LOOP('',(#8010,#8011,#8012,#8013));
#2648=EDGE_LOOP('',(#8014,#8015,#8016,#8017));
#2649=EDGE_LOOP('',(#8018,#8019,#8020,#8021));
#2650=EDGE_LOOP('',(#8022,#8023,#8024,#8025));
#2651=EDGE_LOOP('',(#8026,#8027,#8028,#8029));
#2652=EDGE_LOOP('',(#8030,#8031,#8032,#8033));
#2653=EDGE_LOOP('',(#8034,#8035,#8036,#8037));
#2654=EDGE_LOOP('',(#8038,#8039,#8040,#8041));
#2655=EDGE_LOOP('',(#8042,#8043,#8044,#8045));
#2656=EDGE_LOOP('',(#8046,#8047,#8048,#8049));
#2657=EDGE_LOOP('',(#8050,#8051,#8052,#8053));
#2658=EDGE_LOOP('',(#8054,#8055,#8056,#8057));
#2659=EDGE_LOOP('',(#8058,#8059,#8060,#8061));
#2660=EDGE_LOOP('',(#8062,#8063,#8064,#8065));
#2661=EDGE_LOOP('',(#8066,#8067,#8068,#8069));
#2662=EDGE_LOOP('',(#8070,#8071,#8072,#8073));
#2663=EDGE_LOOP('',(#8074,#8075,#8076,#8077));
#2664=EDGE_LOOP('',(#8078,#8079,#8080,#8081));
#2665=EDGE_LOOP('',(#8082,#8083,#8084,#8085));
#2666=EDGE_LOOP('',(#8086,#8087,#8088,#8089));
#2667=EDGE_LOOP('',(#8090,#8091,#8092,#8093));
#2668=EDGE_LOOP('',(#8094,#8095,#8096,#8097));
#2669=EDGE_LOOP('',(#8098,#8099,#8100,#8101));
#2670=EDGE_LOOP('',(#8102,#8103,#8104,#8105));
#2671=EDGE_LOOP('',(#8106,#8107,#8108,#8109));
#2672=EDGE_LOOP('',(#8110,#8111,#8112,#8113));
#2673=EDGE_LOOP('',(#8114,#8115,#8116,#8117));
#2674=EDGE_LOOP('',(#8118,#8119,#8120,#8121,#8122,#8123,#8124,#8125));
#2675=EDGE_LOOP('',(#8126,#8127));
#2676=EDGE_LOOP('',(#8128));
#2677=EDGE_LOOP('',(#8129,#8130));
#2678=EDGE_LOOP('',(#8131));
#2679=EDGE_LOOP('',(#8132,#8133));
#2680=EDGE_LOOP('',(#8134));
#2681=EDGE_LOOP('',(#8135,#8136));
#2682=EDGE_LOOP('',(#8137));
#2683=EDGE_LOOP('',(#8138,#8139));
#2684=EDGE_LOOP('',(#8140,#8141,#8142,#8143));
#2685=EDGE_LOOP('',(#8144,#8145));
#2686=EDGE_LOOP('',(#8146,#8147));
#2687=EDGE_LOOP('',(#8148,#8149,#8150,#8151));
#2688=EDGE_LOOP('',(#8152,#8153,#8154,#8155));
#2689=EDGE_LOOP('',(#8156));
#2690=EDGE_LOOP('',(#8157,#8158));
#2691=EDGE_LOOP('',(#8159));
#2692=EDGE_LOOP('',(#8160,#8161));
#2693=EDGE_LOOP('',(#8162,#8163));
#2694=EDGE_LOOP('',(#8164,#8165));
#2695=EDGE_LOOP('',(#8166));
#2696=EDGE_LOOP('',(#8167,#8168));
#2697=EDGE_LOOP('',(#8169,#8170));
#2698=EDGE_LOOP('',(#8171,#8172));
#2699=EDGE_LOOP('',(#8173));
#2700=EDGE_LOOP('',(#8174,#8175));
#2701=EDGE_LOOP('',(#8176,#8177));
#2702=EDGE_LOOP('',(#8178,#8179));
#2703=EDGE_LOOP('',(#8180,#8181,#8182,#8183));
#2704=EDGE_LOOP('',(#8184,#8185));
#2705=EDGE_LOOP('',(#8186,#8187,#8188,#8189));
#2706=EDGE_LOOP('',(#8190,#8191,#8192,#8193));
#2707=EDGE_LOOP('',(#8194,#8195,#8196,#8197));
#2708=EDGE_LOOP('',(#8198,#8199));
#2709=EDGE_LOOP('',(#8200,#8201));
#2710=EDGE_LOOP('',(#8202,#8203));
#2711=EDGE_LOOP('',(#8204,#8205));
#2712=EDGE_LOOP('',(#8206,#8207));
#2713=EDGE_LOOP('',(#8208,#8209));
#2714=EDGE_LOOP('',(#8210));
#2715=EDGE_LOOP('',(#8211));
#2716=EDGE_LOOP('',(#8212));
#2717=EDGE_LOOP('',(#8213));
#2718=EDGE_LOOP('',(#8214));
#2719=EDGE_LOOP('',(#8215));
#2720=EDGE_LOOP('',(#8216,#8217,#8218,#8219));
#2721=EDGE_LOOP('',(#8220,#8221,#8222,#8223));
#2722=EDGE_LOOP('',(#8224,#8225,#8226,#8227));
#2723=EDGE_LOOP('',(#8228,#8229,#8230,#8231));
#2724=EDGE_LOOP('',(#8232));
#2725=EDGE_LOOP('',(#8233,#8234,#8235,#8236,#8237,#8238,#8239,#8240));
#2726=EDGE_LOOP('',(#8241,#8242));
#2727=EDGE_LOOP('',(#8243));
#2728=EDGE_LOOP('',(#8244,#8245));
#2729=EDGE_LOOP('',(#8246));
#2730=EDGE_LOOP('',(#8247,#8248));
#2731=EDGE_LOOP('',(#8249));
#2732=EDGE_LOOP('',(#8250,#8251));
#2733=EDGE_LOOP('',(#8252));
#2734=EDGE_LOOP('',(#8253,#8254));
#2735=EDGE_LOOP('',(#8255,#8256,#8257,#8258));
#2736=EDGE_LOOP('',(#8259,#8260));
#2737=EDGE_LOOP('',(#8261,#8262));
#2738=EDGE_LOOP('',(#8263,#8264,#8265,#8266));
#2739=EDGE_LOOP('',(#8267,#8268,#8269,#8270));
#2740=EDGE_LOOP('',(#8271));
#2741=EDGE_LOOP('',(#8272,#8273));
#2742=EDGE_LOOP('',(#8274));
#2743=EDGE_LOOP('',(#8275,#8276));
#2744=EDGE_LOOP('',(#8277,#8278));
#2745=EDGE_LOOP('',(#8279,#8280));
#2746=EDGE_LOOP('',(#8281));
#2747=EDGE_LOOP('',(#8282,#8283));
#2748=EDGE_LOOP('',(#8284,#8285));
#2749=EDGE_LOOP('',(#8286,#8287));
#2750=EDGE_LOOP('',(#8288));
#2751=EDGE_LOOP('',(#8289,#8290));
#2752=EDGE_LOOP('',(#8291,#8292));
#2753=EDGE_LOOP('',(#8293,#8294));
#2754=EDGE_LOOP('',(#8295,#8296,#8297,#8298));
#2755=EDGE_LOOP('',(#8299,#8300));
#2756=EDGE_LOOP('',(#8301,#8302,#8303,#8304));
#2757=EDGE_LOOP('',(#8305,#8306,#8307,#8308));
#2758=EDGE_LOOP('',(#8309,#8310,#8311,#8312));
#2759=EDGE_LOOP('',(#8313,#8314));
#2760=EDGE_LOOP('',(#8315,#8316));
#2761=EDGE_LOOP('',(#8317,#8318));
#2762=EDGE_LOOP('',(#8319,#8320));
#2763=EDGE_LOOP('',(#8321,#8322));
#2764=EDGE_LOOP('',(#8323,#8324));
#2765=EDGE_LOOP('',(#8325));
#2766=EDGE_LOOP('',(#8326));
#2767=EDGE_LOOP('',(#8327));
#2768=EDGE_LOOP('',(#8328));
#2769=EDGE_LOOP('',(#8329));
#2770=EDGE_LOOP('',(#8330));
#2771=EDGE_LOOP('',(#8331,#8332,#8333,#8334));
#2772=EDGE_LOOP('',(#8335,#8336,#8337,#8338));
#2773=EDGE_LOOP('',(#8339,#8340,#8341,#8342));
#2774=EDGE_LOOP('',(#8343,#8344,#8345,#8346));
#2775=EDGE_LOOP('',(#8347));
#2776=EDGE_LOOP('',(#8348));
#2777=EDGE_LOOP('',(#8349,#8350,#8351,#8352,#8353));
#2778=EDGE_LOOP('',(#8354,#8355,#8356,#8357,#8358,#8359));
#2779=EDGE_LOOP('',(#8360,#8361,#8362,#8363,#8364,#8365));
#2780=EDGE_LOOP('',(#8366,#8367,#8368,#8369,#8370,#8371));
#2781=EDGE_LOOP('',(#8372,#8373,#8374,#8375,#8376));
#2782=EDGE_LOOP('',(#8377));
#2783=EDGE_LOOP('',(#8378));
#2784=EDGE_LOOP('',(#8379,#8380,#8381,#8382,#8383));
#2785=EDGE_LOOP('',(#8384,#8385,#8386,#8387,#8388,#8389));
#2786=EDGE_LOOP('',(#8390,#8391,#8392,#8393,#8394,#8395));
#2787=EDGE_LOOP('',(#8396,#8397,#8398,#8399,#8400,#8401));
#2788=EDGE_LOOP('',(#8402,#8403,#8404,#8405,#8406));
#2789=EDGE_LOOP('',(#8407));
#2790=LINE('',#12521,#3378);
#2791=LINE('',#12527,#3379);
#2792=LINE('',#12533,#3380);
#2793=LINE('',#12539,#3381);
#2794=LINE('',#12545,#3382);
#2795=LINE('',#12551,#3383);
#2796=LINE('',#12557,#3384);
#2797=LINE('',#12563,#3385);
#2798=LINE('',#12569,#3386);
#2799=LINE('',#12575,#3387);
#2800=LINE('',#12581,#3388);
#2801=LINE('',#12587,#3389);
#2802=LINE('',#12593,#3390);
#2803=LINE('',#12599,#3391);
#2804=LINE('',#12605,#3392);
#2805=LINE('',#12611,#3393);
#2806=LINE('',#12617,#3394);
#2807=LINE('',#12623,#3395);
#2808=LINE('',#12629,#3396);
#2809=LINE('',#12635,#3397);
#2810=LINE('',#12641,#3398);
#2811=LINE('',#12647,#3399);
#2812=LINE('',#12653,#3400);
#2813=LINE('',#12659,#3401);
#2814=LINE('',#12665,#3402);
#2815=LINE('',#12671,#3403);
#2816=LINE('',#12677,#3404);
#2817=LINE('',#12683,#3405);
#2818=LINE('',#12689,#3406);
#2819=LINE('',#12695,#3407);
#2820=LINE('',#12701,#3408);
#2821=LINE('',#12707,#3409);
#2822=LINE('',#12713,#3410);
#2823=LINE('',#12719,#3411);
#2824=LINE('',#12725,#3412);
#2825=LINE('',#12731,#3413);
#2826=LINE('',#12737,#3414);
#2827=LINE('',#12743,#3415);
#2828=LINE('',#12749,#3416);
#2829=LINE('',#12755,#3417);
#2830=LINE('',#12761,#3418);
#2831=LINE('',#12767,#3419);
#2832=LINE('',#12773,#3420);
#2833=LINE('',#12779,#3421);
#2834=LINE('',#12785,#3422);
#2835=LINE('',#12791,#3423);
#2836=LINE('',#12797,#3424);
#2837=LINE('',#12803,#3425);
#2838=LINE('',#12809,#3426);
#2839=LINE('',#12815,#3427);
#2840=LINE('',#12821,#3428);
#2841=LINE('',#12827,#3429);
#2842=LINE('',#12833,#3430);
#2843=LINE('',#12839,#3431);
#2844=LINE('',#12845,#3432);
#2845=LINE('',#12851,#3433);
#2846=LINE('',#12857,#3434);
#2847=LINE('',#12863,#3435);
#2848=LINE('',#12869,#3436);
#2849=LINE('',#12875,#3437);
#2850=LINE('',#12881,#3438);
#2851=LINE('',#12887,#3439);
#2852=LINE('',#12893,#3440);
#2853=LINE('',#12899,#3441);
#2854=LINE('',#12905,#3442);
#2855=LINE('',#12911,#3443);
#2856=LINE('',#12917,#3444);
#2857=LINE('',#12923,#3445);
#2858=LINE('',#12929,#3446);
#2859=LINE('',#12935,#3447);
#2860=LINE('',#12941,#3448);
#2861=LINE('',#12947,#3449);
#2862=LINE('',#12953,#3450);
#2863=LINE('',#12959,#3451);
#2864=LINE('',#12965,#3452);
#2865=LINE('',#12971,#3453);
#2866=LINE('',#12977,#3454);
#2867=LINE('',#12983,#3455);
#2868=LINE('',#12989,#3456);
#2869=LINE('',#12994,#3457);
#2870=LINE('',#12996,#3458);
#2871=LINE('',#12998,#3459);
#2872=LINE('',#12999,#3460);
#2873=LINE('',#13004,#3461);
#2874=LINE('',#13008,#3462);
#2875=LINE('',#13020,#3463);
#2876=LINE('',#13026,#3464);
#2877=LINE('',#13029,#3465);
#2878=LINE('',#13032,#3466);
#2879=LINE('',#13048,#3467);
#2880=LINE('',#13054,#3468);
#2881=LINE('',#13057,#3469);
#2882=LINE('',#13062,#3470);
#2883=LINE('',#13063,#3471);
#2884=LINE('',#13066,#3472);
#2885=LINE('',#13068,#3473);
#2886=LINE('',#13070,#3474);
#2887=LINE('',#13072,#3475);
#2888=LINE('',#13076,#3476);
#2889=LINE('',#13078,#3477);
#2890=LINE('',#13079,#3478);
#2891=LINE('',#13081,#3479);
#2892=LINE('',#13083,#3480);
#2893=LINE('',#13085,#3481);
#2894=LINE('',#13096,#3482);
#2895=LINE('',#13100,#3483);
#2896=LINE('',#13104,#3484);
#2897=LINE('',#13106,#3485);
#2898=LINE('',#13108,#3486);
#2899=LINE('',#13109,#3487);
#2900=LINE('',#13111,#3488);
#2901=LINE('',#13113,#3489);
#2902=LINE('',#13115,#3490);
#2903=LINE('',#13119,#3491);
#2904=LINE('',#13121,#3492);
#2905=LINE('',#13122,#3493);
#2906=LINE('',#13123,#3494);
#2907=LINE('',#13129,#3495);
#2908=LINE('',#13143,#3496);
#2909=LINE('',#13193,#3497);
#2910=LINE('',#13205,#3498);
#2911=LINE('',#13208,#3499);
#2912=LINE('',#13211,#3500);
#2913=LINE('',#13214,#3501);
#2914=LINE('',#13217,#3502);
#2915=LINE('',#13226,#3503);
#2916=LINE('',#13230,#3504);
#2917=LINE('',#13233,#3505);
#2918=LINE('',#13235,#3506);
#2919=LINE('',#13237,#3507);
#2920=LINE('',#13238,#3508);
#2921=LINE('',#13240,#3509);
#2922=LINE('',#13241,#3510);
#2923=LINE('',#13243,#3511);
#2924=LINE('',#13244,#3512);
#2925=LINE('',#13247,#3513);
#2926=LINE('',#13248,#3514);
#2927=LINE('',#13251,#3515);
#2928=LINE('',#13254,#3516);
#2929=LINE('',#13257,#3517);
#2930=LINE('',#13261,#3518);
#2931=LINE('',#13265,#3519);
#2932=LINE('',#13269,#3520);
#2933=LINE('',#13273,#3521);
#2934=LINE('',#13277,#3522);
#2935=LINE('',#13280,#3523);
#2936=LINE('',#13285,#3524);
#2937=LINE('',#13287,#3525);
#2938=LINE('',#13291,#3526);
#2939=LINE('',#13294,#3527);
#2940=LINE('',#13297,#3528);
#2941=LINE('',#13299,#3529);
#2942=LINE('',#13300,#3530);
#2943=LINE('',#13303,#3531);
#2944=LINE('',#13305,#3532);
#2945=LINE('',#13306,#3533);
#2946=LINE('',#13310,#3534);
#2947=LINE('',#13312,#3535);
#2948=LINE('',#13315,#3536);
#2949=LINE('',#13317,#3537);
#2950=LINE('',#13355,#3538);
#2951=LINE('',#13366,#3539);
#2952=LINE('',#13413,#3540);
#2953=LINE('',#13416,#3541);
#2954=LINE('',#13420,#3542);
#2955=LINE('',#13422,#3543);
#2956=LINE('',#13423,#3544);
#2957=LINE('',#13428,#3545);
#2958=LINE('',#13431,#3546);
#2959=LINE('',#13433,#3547);
#2960=LINE('',#13436,#3548);
#2961=LINE('',#13445,#3549);
#2962=LINE('',#13447,#3550);
#2963=LINE('',#13452,#3551);
#2964=LINE('',#13505,#3552);
#2965=LINE('',#13509,#3553);
#2966=LINE('',#13513,#3554);
#2967=LINE('',#13517,#3555);
#2968=LINE('',#13519,#3556);
#2969=LINE('',#13521,#3557);
#2970=LINE('',#13523,#3558);
#2971=LINE('',#13528,#3559);
#2972=LINE('',#13532,#3560);
#2973=LINE('',#13535,#3561);
#2974=LINE('',#13542,#3562);
#2975=LINE('',#13545,#3563);
#2976=LINE('',#13548,#3564);
#2977=LINE('',#13551,#3565);
#2978=LINE('',#13552,#3566);
#2979=LINE('',#13553,#3567);
#2980=LINE('',#13558,#3568);
#2981=LINE('',#13559,#3569);
#2982=LINE('',#13563,#3570);
#2983=LINE('',#13564,#3571);
#2984=LINE('',#13565,#3572);
#2985=LINE('',#13568,#3573);
#2986=LINE('',#13571,#3574);
#2987=LINE('',#13572,#3575);
#2988=LINE('',#13573,#3576);
#2989=LINE('',#13575,#3577);
#2990=LINE('',#13579,#3578);
#2991=LINE('',#13584,#3579);
#2992=LINE('',#13588,#3580);
#2993=LINE('',#13590,#3581);
#2994=LINE('',#13591,#3582);
#2995=LINE('',#13594,#3583);
#2996=LINE('',#13597,#3584);
#2997=LINE('',#13600,#3585);
#2998=LINE('',#13602,#3586);
#2999=LINE('',#13603,#3587);
#3000=LINE('',#13604,#3588);
#3001=LINE('',#13608,#3589);
#3002=LINE('',#13611,#3590);
#3003=LINE('',#13624,#3591);
#3004=LINE('',#13628,#3592);
#3005=LINE('',#14609,#3593);
#3006=LINE('',#14612,#3594);
#3007=LINE('',#14615,#3595);
#3008=LINE('',#14618,#3596);
#3009=LINE('',#14621,#3597);
#3010=LINE('',#14623,#3598);
#3011=LINE('',#14624,#3599);
#3012=LINE('',#14633,#3600);
#3013=LINE('',#14637,#3601);
#3014=LINE('',#14641,#3602);
#3015=LINE('',#14645,#3603);
#3016=LINE('',#14649,#3604);
#3017=LINE('',#14652,#3605);
#3018=LINE('',#14661,#3606);
#3019=LINE('',#14663,#3607);
#3020=LINE('',#14664,#3608);
#3021=LINE('',#14667,#3609);
#3022=LINE('',#14668,#3610);
#3023=LINE('',#14671,#3611);
#3024=LINE('',#14673,#3612);
#3025=LINE('',#14674,#3613);
#3026=LINE('',#14677,#3614);
#3027=LINE('',#14679,#3615);
#3028=LINE('',#14680,#3616);
#3029=LINE('',#14685,#3617);
#3030=LINE('',#14690,#3618);
#3031=LINE('',#14692,#3619);
#3032=LINE('',#14696,#3620);
#3033=LINE('',#14699,#3621);
#3034=LINE('',#14708,#3622);
#3035=LINE('',#14713,#3623);
#3036=LINE('',#14717,#3624);
#3037=LINE('',#14720,#3625);
#3038=LINE('',#14722,#3626);
#3039=LINE('',#14723,#3627);
#3040=LINE('',#14726,#3628);
#3041=LINE('',#14730,#3629);
#3042=LINE('',#14734,#3630);
#3043=LINE('',#14735,#3631);
#3044=LINE('',#14738,#3632);
#3045=LINE('',#14739,#3633);
#3046=LINE('',#14742,#3634);
#3047=LINE('',#14747,#3635);
#3048=LINE('',#14751,#3636);
#3049=LINE('',#14756,#3637);
#3050=LINE('',#14757,#3638);
#3051=LINE('',#14763,#3639);
#3052=LINE('',#14766,#3640);
#3053=LINE('',#14768,#3641);
#3054=LINE('',#14777,#3642);
#3055=LINE('',#14783,#3643);
#3056=LINE('',#14789,#3644);
#3057=LINE('',#14795,#3645);
#3058=LINE('',#14801,#3646);
#3059=LINE('',#14807,#3647);
#3060=LINE('',#14813,#3648);
#3061=LINE('',#14819,#3649);
#3062=LINE('',#14825,#3650);
#3063=LINE('',#14831,#3651);
#3064=LINE('',#14836,#3652);
#3065=LINE('',#14838,#3653);
#3066=LINE('',#14840,#3654);
#3067=LINE('',#14841,#3655);
#3068=LINE('',#14844,#3656);
#3069=LINE('',#14846,#3657);
#3070=LINE('',#14847,#3658);
#3071=LINE('',#14850,#3659);
#3072=LINE('',#14852,#3660);
#3073=LINE('',#14853,#3661);
#3074=LINE('',#14855,#3662);
#3075=LINE('',#14856,#3663);
#3076=LINE('',#14861,#3664);
#3077=LINE('',#14867,#3665);
#3078=LINE('',#14873,#3666);
#3079=LINE('',#14880,#3667);
#3080=LINE('',#14883,#3668);
#3081=LINE('',#14887,#3669);
#3082=LINE('',#14888,#3670);
#3083=LINE('',#14889,#3671);
#3084=LINE('',#14893,#3672);
#3085=LINE('',#14895,#3673);
#3086=LINE('',#14897,#3674);
#3087=LINE('',#14898,#3675);
#3088=LINE('',#14902,#3676);
#3089=LINE('',#14906,#3677);
#3090=LINE('',#14908,#3678);
#3091=LINE('',#14910,#3679);
#3092=LINE('',#14914,#3680);
#3093=LINE('',#14917,#3681);
#3094=LINE('',#14919,#3682);
#3095=LINE('',#14920,#3683);
#3096=LINE('',#14922,#3684);
#3097=LINE('',#14924,#3685);
#3098=LINE('',#14928,#3686);
#3099=LINE('',#14930,#3687);
#3100=LINE('',#14934,#3688);
#3101=LINE('',#14935,#3689);
#3102=LINE('',#14941,#3690);
#3103=LINE('',#14946,#3691);
#3104=LINE('',#14947,#3692);
#3105=LINE('',#14950,#3693);
#3106=LINE('',#14953,#3694);
#3107=LINE('',#14958,#3695);
#3108=LINE('',#14962,#3696);
#3109=LINE('',#14966,#3697);
#3110=LINE('',#14969,#3698);
#3111=LINE('',#14975,#3699);
#3112=LINE('',#14976,#3700);
#3113=LINE('',#14979,#3701);
#3114=LINE('',#14983,#3702);
#3115=LINE('',#14984,#3703);
#3116=LINE('',#14987,#3704);
#3117=LINE('',#14989,#3705);
#3118=LINE('',#14990,#3706);
#3119=LINE('',#14993,#3707);
#3120=LINE('',#14997,#3708);
#3121=LINE('',#14998,#3709);
#3122=LINE('',#15001,#3710);
#3123=LINE('',#15005,#3711);
#3124=LINE('',#15008,#3712);
#3125=LINE('',#15011,#3713);
#3126=LINE('',#15013,#3714);
#3127=LINE('',#15014,#3715);
#3128=LINE('',#15018,#3716);
#3129=LINE('',#15022,#3717);
#3130=LINE('',#15026,#3718);
#3131=LINE('',#15029,#3719);
#3132=LINE('',#15030,#3720);
#3133=LINE('',#15039,#3721);
#3134=LINE('',#15043,#3722);
#3135=LINE('',#15046,#3723);
#3136=LINE('',#15049,#3724);
#3137=LINE('',#15050,#3725);
#3138=LINE('',#15053,#3726);
#3139=LINE('',#15054,#3727);
#3140=LINE('',#15057,#3728);
#3141=LINE('',#15058,#3729);
#3142=LINE('',#15062,#3730);
#3143=LINE('',#15065,#3731);
#3144=LINE('',#15067,#3732);
#3145=LINE('',#15071,#3733);
#3146=LINE('',#15074,#3734);
#3147=LINE('',#15077,#3735);
#3148=LINE('',#15078,#3736);
#3149=LINE('',#15081,#3737);
#3150=LINE('',#15086,#3738);
#3151=LINE('',#15091,#3739);
#3152=LINE('',#15092,#3740);
#3153=LINE('',#15101,#3741);
#3154=LINE('',#15103,#3742);
#3155=LINE('',#15105,#3743);
#3156=LINE('',#15106,#3744);
#3157=LINE('',#15114,#3745);
#3158=LINE('',#15121,#3746);
#3159=LINE('',#15124,#3747);
#3160=LINE('',#15126,#3748);
#3161=LINE('',#15127,#3749);
#3162=LINE('',#15132,#3750);
#3163=LINE('',#15139,#3751);
#3164=LINE('',#15142,#3752);
#3165=LINE('',#15144,#3753);
#3166=LINE('',#15145,#3754);
#3167=LINE('',#15150,#3755);
#3168=LINE('',#15157,#3756);
#3169=LINE('',#15160,#3757);
#3170=LINE('',#15162,#3758);
#3171=LINE('',#15163,#3759);
#3172=LINE('',#15168,#3760);
#3173=LINE('',#15175,#3761);
#3174=LINE('',#15178,#3762);
#3175=LINE('',#15180,#3763);
#3176=LINE('',#15181,#3764);
#3177=LINE('',#15187,#3765);
#3178=LINE('',#15190,#3766);
#3179=LINE('',#15193,#3767);
#3180=LINE('',#15195,#3768);
#3181=LINE('',#15196,#3769);
#3182=LINE('',#15202,#3770);
#3183=LINE('',#15204,#3771);
#3184=LINE('',#15205,#3772);
#3185=LINE('',#15211,#3773);
#3186=LINE('',#15214,#3774);
#3187=LINE('',#15216,#3775);
#3188=LINE('',#15217,#3776);
#3189=LINE('',#15221,#3777);
#3190=LINE('',#15223,#3778);
#3191=LINE('',#15225,#3779);
#3192=LINE('',#15226,#3780);
#3193=LINE('',#15233,#3781);
#3194=LINE('',#15235,#3782);
#3195=LINE('',#15237,#3783);
#3196=LINE('',#15238,#3784);
#3197=LINE('',#15243,#3785);
#3198=LINE('',#15247,#3786);
#3199=LINE('',#15249,#3787);
#3200=LINE('',#15250,#3788);
#3201=LINE('',#15259,#3789);
#3202=LINE('',#15262,#3790);
#3203=LINE('',#15265,#3791);
#3204=LINE('',#15267,#3792);
#3205=LINE('',#15268,#3793);
#3206=LINE('',#15274,#3794);
#3207=LINE('',#15276,#3795);
#3208=LINE('',#15277,#3796);
#3209=LINE('',#15282,#3797);
#3210=LINE('',#15287,#3798);
#3211=LINE('',#15289,#3799);
#3212=LINE('',#15291,#3800);
#3213=LINE('',#15292,#3801);
#3214=LINE('',#15300,#3802);
#3215=LINE('',#15305,#3803);
#3216=LINE('',#15307,#3804);
#3217=LINE('',#15309,#3805);
#3218=LINE('',#15310,#3806);
#3219=LINE('',#15319,#3807);
#3220=LINE('',#15322,#3808);
#3221=LINE('',#15324,#3809);
#3222=LINE('',#15325,#3810);
#3223=LINE('',#15329,#3811);
#3224=LINE('',#15331,#3812);
#3225=LINE('',#15333,#3813);
#3226=LINE('',#15334,#3814);
#3227=LINE('',#15342,#3815);
#3228=LINE('',#15347,#3816);
#3229=LINE('',#15349,#3817);
#3230=LINE('',#15351,#3818);
#3231=LINE('',#15352,#3819);
#3232=LINE('',#15361,#3820);
#3233=LINE('',#15364,#3821);
#3234=LINE('',#15366,#3822);
#3235=LINE('',#15367,#3823);
#3236=LINE('',#15371,#3824);
#3237=LINE('',#15373,#3825);
#3238=LINE('',#15375,#3826);
#3239=LINE('',#15376,#3827);
#3240=LINE('',#15384,#3828);
#3241=LINE('',#15389,#3829);
#3242=LINE('',#15391,#3830);
#3243=LINE('',#15393,#3831);
#3244=LINE('',#15394,#3832);
#3245=LINE('',#15403,#3833);
#3246=LINE('',#15406,#3834);
#3247=LINE('',#15408,#3835);
#3248=LINE('',#15409,#3836);
#3249=LINE('',#15413,#3837);
#3250=LINE('',#15415,#3838);
#3251=LINE('',#15417,#3839);
#3252=LINE('',#15418,#3840);
#3253=LINE('',#15425,#3841);
#3254=LINE('',#15427,#3842);
#3255=LINE('',#15429,#3843);
#3256=LINE('',#15430,#3844);
#3257=LINE('',#15435,#3845);
#3258=LINE('',#15439,#3846);
#3259=LINE('',#15441,#3847);
#3260=LINE('',#15442,#3848);
#3261=LINE('',#15449,#3849);
#3262=LINE('',#15451,#3850);
#3263=LINE('',#15453,#3851);
#3264=LINE('',#15454,#3852);
#3265=LINE('',#15461,#3853);
#3266=LINE('',#15463,#3854);
#3267=LINE('',#15465,#3855);
#3268=LINE('',#15466,#3856);
#3269=LINE('',#15469,#3857);
#3270=LINE('',#15471,#3858);
#3271=LINE('',#15472,#3859);
#3272=LINE('',#15475,#3860);
#3273=LINE('',#15477,#3861);
#3274=LINE('',#15478,#3862);
#3275=LINE('',#15480,#3863);
#3276=LINE('',#15481,#3864);
#3277=LINE('',#15487,#3865);
#3278=LINE('',#15490,#3866);
#3279=LINE('',#15493,#3867);
#3280=LINE('',#15495,#3868);
#3281=LINE('',#15496,#3869);
#3282=LINE('',#15502,#3870);
#3283=LINE('',#15504,#3871);
#3284=LINE('',#15505,#3872);
#3285=LINE('',#15509,#3873);
#3286=LINE('',#15511,#3874);
#3287=LINE('',#15513,#3875);
#3288=LINE('',#15514,#3876);
#3289=LINE('',#15519,#3877);
#3290=LINE('',#15523,#3878);
#3291=LINE('',#15525,#3879);
#3292=LINE('',#15526,#3880);
#3293=LINE('',#15533,#3881);
#3294=LINE('',#15535,#3882);
#3295=LINE('',#15537,#3883);
#3296=LINE('',#15538,#3884);
#3297=LINE('',#15547,#3885);
#3298=LINE('',#15550,#3886);
#3299=LINE('',#15552,#3887);
#3300=LINE('',#15553,#3888);
#3301=LINE('',#15557,#3889);
#3302=LINE('',#15559,#3890);
#3303=LINE('',#15561,#3891);
#3304=LINE('',#15562,#3892);
#3305=LINE('',#15571,#3893);
#3306=LINE('',#15574,#3894);
#3307=LINE('',#15576,#3895);
#3308=LINE('',#15577,#3896);
#3309=LINE('',#15581,#3897);
#3310=LINE('',#15583,#3898);
#3311=LINE('',#15585,#3899);
#3312=LINE('',#15586,#3900);
#3313=LINE('',#15595,#3901);
#3314=LINE('',#15598,#3902);
#3315=LINE('',#15600,#3903);
#3316=LINE('',#15601,#3904);
#3317=LINE('',#15606,#3905);
#3318=LINE('',#15612,#3906);
#3319=LINE('',#15617,#3907);
#3320=LINE('',#15619,#3908);
#3321=LINE('',#15621,#3909);
#3322=LINE('',#15622,#3910);
#3323=LINE('',#15627,#3911);
#3324=LINE('',#15631,#3912);
#3325=LINE('',#15633,#3913);
#3326=LINE('',#15634,#3914);
#3327=LINE('',#15639,#3915);
#3328=LINE('',#15643,#3916);
#3329=LINE('',#15645,#3917);
#3330=LINE('',#15646,#3918);
#3331=LINE('',#15651,#3919);
#3332=LINE('',#15655,#3920);
#3333=LINE('',#15657,#3921);
#3334=LINE('',#15658,#3922);
#3335=LINE('',#15666,#3923);
#3336=LINE('',#15672,#3924);
#3337=LINE('',#15678,#3925);
#3338=LINE('',#15684,#3926);
#3339=LINE('',#15689,#3927);
#3340=LINE('',#15693,#3928);
#3341=LINE('',#15697,#3929);
#3342=LINE('',#15699,#3930);
#3343=LINE('',#15700,#3931);
#3344=LINE('',#15705,#3932);
#3345=LINE('',#15708,#3933);
#3346=LINE('',#15709,#3934);
#3347=LINE('',#15713,#3935);
#3348=LINE('',#15717,#3936);
#3349=LINE('',#15721,#3937);
#3350=LINE('',#15723,#3938);
#3351=LINE('',#15724,#3939);
#3352=LINE('',#15729,#3940);
#3353=LINE('',#15732,#3941);
#3354=LINE('',#15733,#3942);
#3355=LINE('',#15737,#3943);
#3356=LINE('',#15741,#3944);
#3357=LINE('',#15745,#3945);
#3358=LINE('',#15747,#3946);
#3359=LINE('',#15748,#3947);
#3360=LINE('',#15753,#3948);
#3361=LINE('',#15756,#3949);
#3362=LINE('',#15757,#3950);
#3363=LINE('',#15761,#3951);
#3364=LINE('',#15765,#3952);
#3365=LINE('',#15769,#3953);
#3366=LINE('',#15771,#3954);
#3367=LINE('',#15772,#3955);
#3368=LINE('',#15777,#3956);
#3369=LINE('',#15780,#3957);
#3370=LINE('',#15781,#3958);
#3371=LINE('',#15786,#3959);
#3372=LINE('',#15798,#3960);
#3373=LINE('',#15810,#3961);
#3374=LINE('',#15821,#3962);
#3375=LINE('',#15831,#3963);
#3376=LINE('',#15843,#3964);
#3377=LINE('',#15854,#3965);
#3378=VECTOR('',#10033,3.4);
#3379=VECTOR('',#10040,3.4);
#3380=VECTOR('',#10047,3.4);
#3381=VECTOR('',#10054,3.4);
#3382=VECTOR('',#10061,3.4);
#3383=VECTOR('',#10068,3.4);
#3384=VECTOR('',#10075,3.4);
#3385=VECTOR('',#10082,3.4);
#3386=VECTOR('',#10089,3.4);
#3387=VECTOR('',#10096,2.55);
#3388=VECTOR('',#10103,2.55);
#3389=VECTOR('',#10110,2.55);
#3390=VECTOR('',#10117,2.55);
#3391=VECTOR('',#10124,2.55);
#3392=VECTOR('',#10131,2.55);
#3393=VECTOR('',#10138,2.55);
#3394=VECTOR('',#10145,2.55);
#3395=VECTOR('',#10152,2.55);
#3396=VECTOR('',#10159,2.55);
#3397=VECTOR('',#10166,2.55);
#3398=VECTOR('',#10173,2.55);
#3399=VECTOR('',#10180,2.55);
#3400=VECTOR('',#10187,2.55);
#3401=VECTOR('',#10194,2.55);
#3402=VECTOR('',#10201,2.55);
#3403=VECTOR('',#10208,2.55);
#3404=VECTOR('',#10215,2.55);
#3405=VECTOR('',#10222,2.55);
#3406=VECTOR('',#10229,2.55);
#3407=VECTOR('',#10236,2.55);
#3408=VECTOR('',#10243,2.55);
#3409=VECTOR('',#10250,2.55);
#3410=VECTOR('',#10257,2.55);
#3411=VECTOR('',#10264,2.55);
#3412=VECTOR('',#10271,2.55);
#3413=VECTOR('',#10278,2.55);
#3414=VECTOR('',#10285,2.55);
#3415=VECTOR('',#10292,2.55);
#3416=VECTOR('',#10299,2.55);
#3417=VECTOR('',#10306,2.55);
#3418=VECTOR('',#10313,2.55);
#3419=VECTOR('',#10320,2.55);
#3420=VECTOR('',#10327,2.55);
#3421=VECTOR('',#10334,2.55);
#3422=VECTOR('',#10341,2.55);
#3423=VECTOR('',#10348,2.55);
#3424=VECTOR('',#10355,2.55);
#3425=VECTOR('',#10362,2.55);
#3426=VECTOR('',#10369,2.55);
#3427=VECTOR('',#10376,2.55);
#3428=VECTOR('',#10383,2.55);
#3429=VECTOR('',#10390,2.55);
#3430=VECTOR('',#10397,2.55);
#3431=VECTOR('',#10404,2.55);
#3432=VECTOR('',#10411,2.55);
#3433=VECTOR('',#10418,2.55);
#3434=VECTOR('',#10425,2.55);
#3435=VECTOR('',#10432,2.55);
#3436=VECTOR('',#10439,2.55);
#3437=VECTOR('',#10446,2.55);
#3438=VECTOR('',#10453,2.55);
#3439=VECTOR('',#10460,2.55);
#3440=VECTOR('',#10467,2.55);
#3441=VECTOR('',#10474,2.55);
#3442=VECTOR('',#10481,2.55);
#3443=VECTOR('',#10488,2.55);
#3444=VECTOR('',#10495,2.55);
#3445=VECTOR('',#10502,2.55);
#3446=VECTOR('',#10509,2.55);
#3447=VECTOR('',#10516,2.55);
#3448=VECTOR('',#10523,2.55);
#3449=VECTOR('',#10530,2.55);
#3450=VECTOR('',#10537,2.55);
#3451=VECTOR('',#10544,2.55);
#3452=VECTOR('',#10551,2.55);
#3453=VECTOR('',#10558,2.55);
#3454=VECTOR('',#10565,2.55);
#3455=VECTOR('',#10572,2.55);
#3456=VECTOR('',#10579,2.55);
#3457=VECTOR('',#10584,25.4);
#3458=VECTOR('',#10585,25.4);
#3459=VECTOR('',#10586,25.4);
#3460=VECTOR('',#10587,25.4);
#3461=VECTOR('',#10592,25.4);
#3462=VECTOR('',#10597,25.4);
#3463=VECTOR('',#10598,10.);
#3464=VECTOR('',#10603,25.4);
#3465=VECTOR('',#10606,10.);
#3466=VECTOR('',#10609,25.4);
#3467=VECTOR('',#10610,25.4);
#3468=VECTOR('',#10615,25.4);
#3469=VECTOR('',#10618,25.4);
#3470=VECTOR('',#10623,10.);
#3471=VECTOR('',#10624,10.);
#3472=VECTOR('',#10627,25.4);
#3473=VECTOR('',#10628,25.4);
#3474=VECTOR('',#10629,10.);
#3475=VECTOR('',#10630,25.4);
#3476=VECTOR('',#10633,25.4);
#3477=VECTOR('',#10634,25.4);
#3478=VECTOR('',#10635,25.4);
#3479=VECTOR('',#10636,25.4);
#3480=VECTOR('',#10637,25.4);
#3481=VECTOR('',#10638,25.4);
#3482=VECTOR('',#10651,2.0701);
#3483=VECTOR('',#10654,25.4);
#3484=VECTOR('',#10657,25.4);
#3485=VECTOR('',#10658,25.4);
#3486=VECTOR('',#10659,25.4);
#3487=VECTOR('',#10660,25.4);
#3488=VECTOR('',#10661,25.4);
#3489=VECTOR('',#10662,25.4);
#3490=VECTOR('',#10663,25.4);
#3491=VECTOR('',#10666,25.4);
#3492=VECTOR('',#10667,10.);
#3493=VECTOR('',#10668,25.4);
#3494=VECTOR('',#10669,25.4);
#3495=VECTOR('',#10676,2.0701);
#3496=VECTOR('',#10679,10.);
#3497=VECTOR('',#10682,10.);
#3498=VECTOR('',#10683,10.);
#3499=VECTOR('',#10686,25.4);
#3500=VECTOR('',#10689,25.4);
#3501=VECTOR('',#10692,25.4);
#3502=VECTOR('',#10695,25.4);
#3503=VECTOR('',#10704,2.7051);
#3504=VECTOR('',#10709,25.4);
#3505=VECTOR('',#10712,25.4);
#3506=VECTOR('',#10715,25.4);
#3507=VECTOR('',#10718,25.4);
#3508=VECTOR('',#10719,10.);
#3509=VECTOR('',#10722,25.4);
#3510=VECTOR('',#10723,25.4);
#3511=VECTOR('',#10726,25.4);
#3512=VECTOR('',#10727,25.4);
#3513=VECTOR('',#10730,25.4);
#3514=VECTOR('',#10731,10.);
#3515=VECTOR('',#10734,25.4);
#3516=VECTOR('',#10737,25.4);
#3517=VECTOR('',#10740,25.4);
#3518=VECTOR('',#10743,25.4);
#3519=VECTOR('',#10746,25.4);
#3520=VECTOR('',#10749,25.4);
#3521=VECTOR('',#10752,25.4);
#3522=VECTOR('',#10755,25.4);
#3523=VECTOR('',#10758,25.4);
#3524=VECTOR('',#10763,25.4);
#3525=VECTOR('',#10764,25.4);
#3526=VECTOR('',#10769,25.4);
#3527=VECTOR('',#10772,25.4);
#3528=VECTOR('',#10775,25.4);
#3529=VECTOR('',#10776,25.4);
#3530=VECTOR('',#10777,25.4);
#3531=VECTOR('',#10780,25.4);
#3532=VECTOR('',#10781,25.4);
#3533=VECTOR('',#10782,25.4);
#3534=VECTOR('',#10787,2.4765);
#3535=VECTOR('',#10790,25.4);
#3536=VECTOR('',#10795,25.4);
#3537=VECTOR('',#10798,25.4);
#3538=VECTOR('',#10799,10.);
#3539=VECTOR('',#10800,25.4);
#3540=VECTOR('',#10801,25.4);
#3541=VECTOR('',#10804,25.4);
#3542=VECTOR('',#10809,25.3999999999886);
#3543=VECTOR('',#10810,25.4);
#3544=VECTOR('',#10811,25.3999999999886);
#3545=VECTOR('',#10816,25.4);
#3546=VECTOR('',#10821,25.4);
#3547=VECTOR('',#10822,25.4);
#3548=VECTOR('',#10825,25.4);
#3549=VECTOR('',#10834,25.4);
#3550=VECTOR('',#10835,25.4);
#3551=VECTOR('',#10842,2.7051);
#3552=VECTOR('',#10845,2.7051);
#3553=VECTOR('',#10852,25.4);
#3554=VECTOR('',#10857,10.);
#3555=VECTOR('',#10862,2.7051);
#3556=VECTOR('',#10865,25.4);
#3557=VECTOR('',#10868,2.0701);
#3558=VECTOR('',#10871,25.4);
#3559=VECTOR('',#10878,25.4);
#3560=VECTOR('',#10883,25.4);
#3561=VECTOR('',#10886,25.4);
#3562=VECTOR('',#10893,25.4);
#3563=VECTOR('',#10896,25.4);
#3564=VECTOR('',#10899,2.4765);
#3565=VECTOR('',#10904,10.);
#3566=VECTOR('',#10905,25.4);
#3567=VECTOR('',#10906,25.4);
#3568=VECTOR('',#10911,25.4);
#3569=VECTOR('',#10912,25.4);
#3570=VECTOR('',#10915,25.4);
#3571=VECTOR('',#10916,25.3999999999886);
#3572=VECTOR('',#10917,25.3999999999886);
#3573=VECTOR('',#10920,2.4765);
#3574=VECTOR('',#10925,25.4);
#3575=VECTOR('',#10926,25.4);
#3576=VECTOR('',#10927,25.4);
#3577=VECTOR('',#10930,25.4);
#3578=VECTOR('',#10935,25.4);
#3579=VECTOR('',#10940,25.4);
#3580=VECTOR('',#10945,25.4);
#3581=VECTOR('',#10946,25.4);
#3582=VECTOR('',#10947,25.4);
#3583=VECTOR('',#10952,2.7051);
#3584=VECTOR('',#10955,25.4);
#3585=VECTOR('',#10960,25.4);
#3586=VECTOR('',#10963,25.4);
#3587=VECTOR('',#10964,25.4);
#3588=VECTOR('',#10965,25.4);
#3589=VECTOR('',#10972,25.4);
#3590=VECTOR('',#10977,2.7051);
#3591=VECTOR('',#10996,2.4765);
#3592=VECTOR('',#11001,2.4765);
#3593=VECTOR('',#11180,10.);
#3594=VECTOR('',#11183,25.4);
#3595=VECTOR('',#11186,10.);
#3596=VECTOR('',#11189,10.);
#3597=VECTOR('',#11192,25.4);
#3598=VECTOR('',#11193,25.4);
#3599=VECTOR('',#11194,25.4);
#3600=VECTOR('',#11203,2.4765);
#3601=VECTOR('',#11208,2.4765);
#3602=VECTOR('',#11213,2.4765);
#3603=VECTOR('',#11218,25.4);
#3604=VECTOR('',#11221,25.4);
#3605=VECTOR('',#11224,25.4);
#3606=VECTOR('',#11233,25.4);
#3607=VECTOR('',#11234,25.4);
#3608=VECTOR('',#11235,25.4);
#3609=VECTOR('',#11238,10.);
#3610=VECTOR('',#11239,25.4);
#3611=VECTOR('',#11242,25.4);
#3612=VECTOR('',#11243,25.4);
#3613=VECTOR('',#11244,25.4);
#3614=VECTOR('',#11247,10.);
#3615=VECTOR('',#11248,25.4);
#3616=VECTOR('',#11249,10.);
#3617=VECTOR('',#11254,25.4);
#3618=VECTOR('',#11259,25.4);
#3619=VECTOR('',#11260,25.4);
#3620=VECTOR('',#11263,25.4);
#3621=VECTOR('',#11266,25.4);
#3622=VECTOR('',#11277,25.4);
#3623=VECTOR('',#11284,2.4765);
#3624=VECTOR('',#11289,2.4765);
#3625=VECTOR('',#11292,25.4);
#3626=VECTOR('',#11293,25.4);
#3627=VECTOR('',#11294,25.4);
#3628=VECTOR('',#11297,25.4);
#3629=VECTOR('',#11302,25.4);
#3630=VECTOR('',#11307,25.4);
#3631=VECTOR('',#11308,10.);
#3632=VECTOR('',#11313,10.);
#3633=VECTOR('',#11314,25.4);
#3634=VECTOR('',#11319,25.4);
#3635=VECTOR('',#11326,2.4765);
#3636=VECTOR('',#11331,25.4);
#3637=VECTOR('',#11340,25.4);
#3638=VECTOR('',#11341,25.4);
#3639=VECTOR('',#11348,2.4765);
#3640=VECTOR('',#11353,2.4765);
#3641=VECTOR('',#11356,2.4765);
#3642=VECTOR('',#11369,1.621);
#3643=VECTOR('',#11376,1.621);
#3644=VECTOR('',#11383,1.621);
#3645=VECTOR('',#11390,1.621);
#3646=VECTOR('',#11397,1.621);
#3647=VECTOR('',#11404,1.621);
#3648=VECTOR('',#11411,1.621);
#3649=VECTOR('',#11418,1.621);
#3650=VECTOR('',#11425,1.621);
#3651=VECTOR('',#11432,1.8);
#3652=VECTOR('',#11437,10.);
#3653=VECTOR('',#11438,10.);
#3654=VECTOR('',#11439,10.);
#3655=VECTOR('',#11440,10.);
#3656=VECTOR('',#11443,10.);
#3657=VECTOR('',#11444,10.);
#3658=VECTOR('',#11445,10.);
#3659=VECTOR('',#11448,10.);
#3660=VECTOR('',#11449,10.);
#3661=VECTOR('',#11450,10.);
#3662=VECTOR('',#11453,10.);
#3663=VECTOR('',#11454,10.);
#3664=VECTOR('',#11459,1.8);
#3665=VECTOR('',#11466,30.);
#3666=VECTOR('',#11473,30.);
#3667=VECTOR('',#11480,10.);
#3668=VECTOR('',#11483,10.);
#3669=VECTOR('',#11486,25.4);
#3670=VECTOR('',#11487,25.4);
#3671=VECTOR('',#11488,25.4);
#3672=VECTOR('',#11491,25.4);
#3673=VECTOR('',#11492,25.4);
#3674=VECTOR('',#11493,25.4);
#3675=VECTOR('',#11494,25.4);
#3676=VECTOR('',#11497,25.4);
#3677=VECTOR('',#11500,25.4);
#3678=VECTOR('',#11501,10.);
#3679=VECTOR('',#11502,25.4);
#3680=VECTOR('',#11505,25.4);
#3681=VECTOR('',#11508,25.4);
#3682=VECTOR('',#11509,25.4);
#3683=VECTOR('',#11510,25.4);
#3684=VECTOR('',#11511,25.4);
#3685=VECTOR('',#11512,25.4);
#3686=VECTOR('',#11517,25.4);
#3687=VECTOR('',#11518,25.4);
#3688=VECTOR('',#11523,25.4);
#3689=VECTOR('',#11524,25.4);
#3690=VECTOR('',#11531,25.4);
#3691=VECTOR('',#11536,10.);
#3692=VECTOR('',#11537,10.);
#3693=VECTOR('',#11540,25.4);
#3694=VECTOR('',#11543,25.4);
#3695=VECTOR('',#11548,2.7051);
#3696=VECTOR('',#11553,25.4);
#3697=VECTOR('',#11556,25.4);
#3698=VECTOR('',#11559,25.4);
#3699=VECTOR('',#11566,10.);
#3700=VECTOR('',#11567,10.);
#3701=VECTOR('',#11570,2.7051);
#3702=VECTOR('',#11575,25.4);
#3703=VECTOR('',#11576,25.4);
#3704=VECTOR('',#11579,25.4);
#3705=VECTOR('',#11580,25.4);
#3706=VECTOR('',#11581,25.4);
#3707=VECTOR('',#11584,2.7051);
#3708=VECTOR('',#11589,25.4);
#3709=VECTOR('',#11590,25.4);
#3710=VECTOR('',#11593,25.4);
#3711=VECTOR('',#11598,25.4);
#3712=VECTOR('',#11601,25.4);
#3713=VECTOR('',#11604,25.4);
#3714=VECTOR('',#11605,25.4);
#3715=VECTOR('',#11606,25.4);
#3716=VECTOR('',#11609,25.4);
#3717=VECTOR('',#11612,25.4);
#3718=VECTOR('',#11617,25.4);
#3719=VECTOR('',#11620,25.4);
#3720=VECTOR('',#11621,25.4);
#3721=VECTOR('',#11630,2.4765);
#3722=VECTOR('',#11635,2.4765);
#3723=VECTOR('',#11640,25.4);
#3724=VECTOR('',#11643,25.4);
#3725=VECTOR('',#11644,25.4);
#3726=VECTOR('',#11647,25.4);
#3727=VECTOR('',#11648,25.4);
#3728=VECTOR('',#11651,25.4);
#3729=VECTOR('',#11652,25.4);
#3730=VECTOR('',#11657,10.);
#3731=VECTOR('',#11660,10.);
#3732=VECTOR('',#11663,10.);
#3733=VECTOR('',#11670,25.4);
#3734=VECTOR('',#11673,2.4765);
#3735=VECTOR('',#11678,25.4);
#3736=VECTOR('',#11679,25.4);
#3737=VECTOR('',#11684,25.4);
#3738=VECTOR('',#11693,25.4);
#3739=VECTOR('',#11700,25.4);
#3740=VECTOR('',#11701,25.4);
#3741=VECTOR('',#11714,10.);
#3742=VECTOR('',#11715,10.);
#3743=VECTOR('',#11716,10.);
#3744=VECTOR('',#11717,10.);
#3745=VECTOR('',#11728,7.5);
#3746=VECTOR('',#11735,10.);
#3747=VECTOR('',#11738,10.);
#3748=VECTOR('',#11741,10.);
#3749=VECTOR('',#11742,10.);
#3750=VECTOR('',#11747,7.5);
#3751=VECTOR('',#11754,10.);
#3752=VECTOR('',#11757,10.);
#3753=VECTOR('',#11760,10.);
#3754=VECTOR('',#11761,10.);
#3755=VECTOR('',#11766,7.5);
#3756=VECTOR('',#11773,10.);
#3757=VECTOR('',#11776,10.);
#3758=VECTOR('',#11779,10.);
#3759=VECTOR('',#11780,10.);
#3760=VECTOR('',#11785,7.5);
#3761=VECTOR('',#11792,10.);
#3762=VECTOR('',#11795,10.);
#3763=VECTOR('',#11798,10.);
#3764=VECTOR('',#11799,10.);
#3765=VECTOR('',#11804,10.);
#3766=VECTOR('',#11807,10.);
#3767=VECTOR('',#11810,10.);
#3768=VECTOR('',#11811,10.);
#3769=VECTOR('',#11812,10.);
#3770=VECTOR('',#11819,10.);
#3771=VECTOR('',#11822,10.);
#3772=VECTOR('',#11823,10.);
#3773=VECTOR('',#11828,10.);
#3774=VECTOR('',#11831,10.);
#3775=VECTOR('',#11834,10.);
#3776=VECTOR('',#11835,10.);
#3777=VECTOR('',#11838,10.);
#3778=VECTOR('',#11839,10.);
#3779=VECTOR('',#11840,10.);
#3780=VECTOR('',#11841,10.);
#3781=VECTOR('',#11850,10.);
#3782=VECTOR('',#11851,10.);
#3783=VECTOR('',#11852,10.);
#3784=VECTOR('',#11853,10.);
#3785=VECTOR('',#11858,10.);
#3786=VECTOR('',#11863,10.);
#3787=VECTOR('',#11864,10.);
#3788=VECTOR('',#11865,10.);
#3789=VECTOR('',#11876,10.);
#3790=VECTOR('',#11879,10.);
#3791=VECTOR('',#11882,10.);
#3792=VECTOR('',#11883,10.);
#3793=VECTOR('',#11884,10.);
#3794=VECTOR('',#11891,10.);
#3795=VECTOR('',#11894,10.);
#3796=VECTOR('',#11895,10.);
#3797=VECTOR('',#11900,7.5);
#3798=VECTOR('',#11905,10.);
#3799=VECTOR('',#11906,10.);
#3800=VECTOR('',#11907,10.);
#3801=VECTOR('',#11908,10.);
#3802=VECTOR('',#11919,7.5);
#3803=VECTOR('',#11924,10.);
#3804=VECTOR('',#11925,10.);
#3805=VECTOR('',#11926,10.);
#3806=VECTOR('',#11927,10.);
#3807=VECTOR('',#11938,10.);
#3808=VECTOR('',#11941,10.);
#3809=VECTOR('',#11944,10.);
#3810=VECTOR('',#11945,10.);
#3811=VECTOR('',#11948,10.);
#3812=VECTOR('',#11949,10.);
#3813=VECTOR('',#11950,10.);
#3814=VECTOR('',#11951,10.);
#3815=VECTOR('',#11962,7.5);
#3816=VECTOR('',#11967,10.);
#3817=VECTOR('',#11968,10.);
#3818=VECTOR('',#11969,10.);
#3819=VECTOR('',#11970,10.);
#3820=VECTOR('',#11981,10.);
#3821=VECTOR('',#11984,10.);
#3822=VECTOR('',#11987,10.);
#3823=VECTOR('',#11988,10.);
#3824=VECTOR('',#11991,10.);
#3825=VECTOR('',#11992,10.);
#3826=VECTOR('',#11993,10.);
#3827=VECTOR('',#11994,10.);
#3828=VECTOR('',#12005,7.5);
#3829=VECTOR('',#12010,10.);
#3830=VECTOR('',#12011,10.);
#3831=VECTOR('',#12012,10.);
#3832=VECTOR('',#12013,10.);
#3833=VECTOR('',#12024,10.);
#3834=VECTOR('',#12027,10.);
#3835=VECTOR('',#12030,10.);
#3836=VECTOR('',#12031,10.);
#3837=VECTOR('',#12034,10.);
#3838=VECTOR('',#12035,10.);
#3839=VECTOR('',#12036,10.);
#3840=VECTOR('',#12037,10.);
#3841=VECTOR('',#12046,10.);
#3842=VECTOR('',#12047,10.);
#3843=VECTOR('',#12048,10.);
#3844=VECTOR('',#12049,10.);
#3845=VECTOR('',#12054,10.);
#3846=VECTOR('',#12059,10.);
#3847=VECTOR('',#12060,10.);
#3848=VECTOR('',#12061,10.);
#3849=VECTOR('',#12070,10.);
#3850=VECTOR('',#12071,10.);
#3851=VECTOR('',#12072,10.);
#3852=VECTOR('',#12073,10.);
#3853=VECTOR('',#12082,10.);
#3854=VECTOR('',#12083,10.);
#3855=VECTOR('',#12084,10.);
#3856=VECTOR('',#12085,10.);
#3857=VECTOR('',#12088,10.);
#3858=VECTOR('',#12089,10.);
#3859=VECTOR('',#12090,10.);
#3860=VECTOR('',#12093,10.);
#3861=VECTOR('',#12094,10.);
#3862=VECTOR('',#12095,10.);
#3863=VECTOR('',#12098,10.);
#3864=VECTOR('',#12099,10.);
#3865=VECTOR('',#12104,10.);
#3866=VECTOR('',#12107,10.);
#3867=VECTOR('',#12110,10.);
#3868=VECTOR('',#12111,10.);
#3869=VECTOR('',#12112,10.);
#3870=VECTOR('',#12119,10.);
#3871=VECTOR('',#12122,10.);
#3872=VECTOR('',#12123,10.);
#3873=VECTOR('',#12126,10.);
#3874=VECTOR('',#12127,10.);
#3875=VECTOR('',#12128,10.);
#3876=VECTOR('',#12129,10.);
#3877=VECTOR('',#12134,10.);
#3878=VECTOR('',#12139,10.);
#3879=VECTOR('',#12140,10.);
#3880=VECTOR('',#12141,10.);
#3881=VECTOR('',#12150,10.);
#3882=VECTOR('',#12151,10.);
#3883=VECTOR('',#12152,10.);
#3884=VECTOR('',#12153,10.);
#3885=VECTOR('',#12164,10.);
#3886=VECTOR('',#12167,10.);
#3887=VECTOR('',#12170,10.);
#3888=VECTOR('',#12171,10.);
#3889=VECTOR('',#12174,10.);
#3890=VECTOR('',#12175,10.);
#3891=VECTOR('',#12176,10.);
#3892=VECTOR('',#12177,10.);
#3893=VECTOR('',#12188,10.);
#3894=VECTOR('',#12191,10.);
#3895=VECTOR('',#12194,10.);
#3896=VECTOR('',#12195,10.);
#3897=VECTOR('',#12198,10.);
#3898=VECTOR('',#12199,10.);
#3899=VECTOR('',#12200,10.);
#3900=VECTOR('',#12201,10.);
#3901=VECTOR('',#12212,10.);
#3902=VECTOR('',#12215,10.);
#3903=VECTOR('',#12218,10.);
#3904=VECTOR('',#12219,10.);
#3905=VECTOR('',#12224,1.07823);
#3906=VECTOR('',#12231,1.07823);
#3907=VECTOR('',#12236,25.4);
#3908=VECTOR('',#12237,25.4);
#3909=VECTOR('',#12238,25.4);
#3910=VECTOR('',#12239,25.4);
#3911=VECTOR('',#12244,25.4);
#3912=VECTOR('',#12249,25.4);
#3913=VECTOR('',#12250,25.4);
#3914=VECTOR('',#12251,25.4);
#3915=VECTOR('',#12256,25.4);
#3916=VECTOR('',#12261,25.4);
#3917=VECTOR('',#12262,25.4);
#3918=VECTOR('',#12263,25.4);
#3919=VECTOR('',#12268,25.4);
#3920=VECTOR('',#12273,25.4);
#3921=VECTOR('',#12274,25.4);
#3922=VECTOR('',#12275,25.4);
#3923=VECTOR('',#12286,2.3876);
#3924=VECTOR('',#12293,2.3876);
#3925=VECTOR('',#12300,2.3876);
#3926=VECTOR('',#12307,2.3876);
#3927=VECTOR('',#12312,25.4);
#3928=VECTOR('',#12315,25.4);
#3929=VECTOR('',#12320,25.4);
#3930=VECTOR('',#12321,25.4);
#3931=VECTOR('',#12322,25.4);
#3932=VECTOR('',#12327,25.4);
#3933=VECTOR('',#12332,25.4);
#3934=VECTOR('',#12333,25.4);
#3935=VECTOR('',#12336,25.4);
#3936=VECTOR('',#12339,25.4);
#3937=VECTOR('',#12344,25.4);
#3938=VECTOR('',#12345,25.4);
#3939=VECTOR('',#12346,25.4);
#3940=VECTOR('',#12351,25.4);
#3941=VECTOR('',#12356,25.4);
#3942=VECTOR('',#12357,25.4);
#3943=VECTOR('',#12360,25.4);
#3944=VECTOR('',#12363,25.4);
#3945=VECTOR('',#12368,25.4);
#3946=VECTOR('',#12369,25.4);
#3947=VECTOR('',#12370,25.4);
#3948=VECTOR('',#12375,25.4);
#3949=VECTOR('',#12380,25.4);
#3950=VECTOR('',#12381,25.4);
#3951=VECTOR('',#12384,25.4);
#3952=VECTOR('',#12387,25.4);
#3953=VECTOR('',#12392,25.4);
#3954=VECTOR('',#12393,25.4);
#3955=VECTOR('',#12394,25.4);
#3956=VECTOR('',#12399,25.4);
#3957=VECTOR('',#12404,25.4);
#3958=VECTOR('',#12405,25.4);
#3959=VECTOR('',#12410,2.0701);
#3960=VECTOR('',#12427,4.7625);
#3961=VECTOR('',#12442,4.7625);
#3962=VECTOR('',#12457,4.7625);
#3963=VECTOR('',#12470,4.7625);
#3964=VECTOR('',#12485,4.7625);
#3965=VECTOR('',#12500,4.7625);
#3966=CIRCLE('',#9077,4.55);
#3967=CIRCLE('',#9078,3.3308);
#3968=CIRCLE('',#9080,4.55);
#3969=CIRCLE('',#9081,3.3308);
#3970=CIRCLE('',#9083,4.55);
#3971=CIRCLE('',#9084,3.3308);
#3972=CIRCLE('',#9086,4.55);
#3973=CIRCLE('',#9087,3.3308);
#3974=CIRCLE('',#9089,4.55);
#3975=CIRCLE('',#9090,3.3308);
#3976=CIRCLE('',#9092,4.55);
#3977=CIRCLE('',#9093,3.3308);
#3978=CIRCLE('',#9095,4.55);
#3979=CIRCLE('',#9096,3.3308);
#3980=CIRCLE('',#9098,4.55);
#3981=CIRCLE('',#9099,3.3308);
#3982=CIRCLE('',#9101,4.55);
#3983=CIRCLE('',#9102,3.3308);
#3984=CIRCLE('',#9104,3.4);
#3985=CIRCLE('',#9105,2.1808);
#3986=CIRCLE('',#9107,3.4);
#3987=CIRCLE('',#9108,2.1808);
#3988=CIRCLE('',#9110,3.4);
#3989=CIRCLE('',#9111,2.1808);
#3990=CIRCLE('',#9113,3.4);
#3991=CIRCLE('',#9114,2.1808);
#3992=CIRCLE('',#9116,3.4);
#3993=CIRCLE('',#9117,2.1808);
#3994=CIRCLE('',#9119,3.4);
#3995=CIRCLE('',#9120,2.1808);
#3996=CIRCLE('',#9122,3.4);
#3997=CIRCLE('',#9123,2.1808);
#3998=CIRCLE('',#9125,3.4);
#3999=CIRCLE('',#9126,2.1808);
#4000=CIRCLE('',#9128,3.4);
#4001=CIRCLE('',#9129,2.1808);
#4002=CIRCLE('',#9131,3.4);
#4003=CIRCLE('',#9132,2.1808);
#4004=CIRCLE('',#9134,3.4);
#4005=CIRCLE('',#9135,2.1808);
#4006=CIRCLE('',#9137,3.4);
#4007=CIRCLE('',#9138,2.1808);
#4008=CIRCLE('',#9140,3.4);
#4009=CIRCLE('',#9141,2.1808);
#4010=CIRCLE('',#9143,3.4);
#4011=CIRCLE('',#9144,2.1808);
#4012=CIRCLE('',#9146,3.4);
#4013=CIRCLE('',#9147,2.1808);
#4014=CIRCLE('',#9149,3.4);
#4015=CIRCLE('',#9150,2.1808);
#4016=CIRCLE('',#9152,3.4);
#4017=CIRCLE('',#9153,2.1808);
#4018=CIRCLE('',#9155,3.4);
#4019=CIRCLE('',#9156,2.1808);
#4020=CIRCLE('',#9158,3.4);
#4021=CIRCLE('',#9159,2.1808);
#4022=CIRCLE('',#9161,3.4);
#4023=CIRCLE('',#9162,2.1808);
#4024=CIRCLE('',#9164,3.4);
#4025=CIRCLE('',#9165,2.1808);
#4026=CIRCLE('',#9167,3.4);
#4027=CIRCLE('',#9168,2.1808);
#4028=CIRCLE('',#9170,3.4);
#4029=CIRCLE('',#9171,2.1808);
#4030=CIRCLE('',#9173,3.4);
#4031=CIRCLE('',#9174,2.1808);
#4032=CIRCLE('',#9176,3.4);
#4033=CIRCLE('',#9177,2.1808);
#4034=CIRCLE('',#9179,3.4);
#4035=CIRCLE('',#9180,2.1808);
#4036=CIRCLE('',#9182,3.4);
#4037=CIRCLE('',#9183,2.1808);
#4038=CIRCLE('',#9185,3.4);
#4039=CIRCLE('',#9186,2.1808);
#4040=CIRCLE('',#9188,3.4);
#4041=CIRCLE('',#9189,2.1808);
#4042=CIRCLE('',#9191,3.4);
#4043=CIRCLE('',#9192,2.1808);
#4044=CIRCLE('',#9194,3.4);
#4045=CIRCLE('',#9195,2.1808);
#4046=CIRCLE('',#9197,3.4);
#4047=CIRCLE('',#9198,2.1808);
#4048=CIRCLE('',#9200,3.4);
#4049=CIRCLE('',#9201,2.1808);
#4050=CIRCLE('',#9203,3.4);
#4051=CIRCLE('',#9204,2.1808);
#4052=CIRCLE('',#9206,3.4);
#4053=CIRCLE('',#9207,2.1808);
#4054=CIRCLE('',#9209,3.4);
#4055=CIRCLE('',#9210,2.1808);
#4056=CIRCLE('',#9212,3.4);
#4057=CIRCLE('',#9213,2.1808);
#4058=CIRCLE('',#9215,3.4);
#4059=CIRCLE('',#9216,2.1808);
#4060=CIRCLE('',#9218,3.4);
#4061=CIRCLE('',#9219,2.1808);
#4062=CIRCLE('',#9221,3.4);
#4063=CIRCLE('',#9222,2.1808);
#4064=CIRCLE('',#9224,3.4);
#4065=CIRCLE('',#9225,2.1808);
#4066=CIRCLE('',#9227,3.4);
#4067=CIRCLE('',#9228,2.1808);
#4068=CIRCLE('',#9230,3.4);
#4069=CIRCLE('',#9231,2.1808);
#4070=CIRCLE('',#9233,3.4);
#4071=CIRCLE('',#9234,2.1808);
#4072=CIRCLE('',#9236,3.4);
#4073=CIRCLE('',#9237,2.1808);
#4074=CIRCLE('',#9239,3.4);
#4075=CIRCLE('',#9240,2.1808);
#4076=CIRCLE('',#9242,3.4);
#4077=CIRCLE('',#9243,2.1808);
#4078=CIRCLE('',#9245,3.4);
#4079=CIRCLE('',#9246,2.1808);
#4080=CIRCLE('',#9248,3.4);
#4081=CIRCLE('',#9249,2.1808);
#4082=CIRCLE('',#9251,3.4);
#4083=CIRCLE('',#9252,2.1808);
#4084=CIRCLE('',#9254,3.4);
#4085=CIRCLE('',#9255,2.1808);
#4086=CIRCLE('',#9257,3.4);
#4087=CIRCLE('',#9258,2.1808);
#4088=CIRCLE('',#9260,3.4);
#4089=CIRCLE('',#9261,2.1808);
#4090=CIRCLE('',#9263,3.4);
#4091=CIRCLE('',#9264,2.1808);
#4092=CIRCLE('',#9266,3.4);
#4093=CIRCLE('',#9267,2.1808);
#4094=CIRCLE('',#9269,3.4);
#4095=CIRCLE('',#9270,2.1808);
#4096=CIRCLE('',#9272,3.4);
#4097=CIRCLE('',#9273,2.1808);
#4098=CIRCLE('',#9275,3.4);
#4099=CIRCLE('',#9276,2.1808);
#4100=CIRCLE('',#9278,3.4);
#4101=CIRCLE('',#9279,2.1808);
#4102=CIRCLE('',#9281,3.4);
#4103=CIRCLE('',#9282,2.1808);
#4104=CIRCLE('',#9284,3.4);
#4105=CIRCLE('',#9285,2.1808);
#4106=CIRCLE('',#9287,3.4);
#4107=CIRCLE('',#9288,2.1808);
#4108=CIRCLE('',#9290,3.4);
#4109=CIRCLE('',#9291,2.1808);
#4110=CIRCLE('',#9293,3.4);
#4111=CIRCLE('',#9294,2.1808);
#4112=CIRCLE('',#9296,3.4);
#4113=CIRCLE('',#9297,2.1808);
#4114=CIRCLE('',#9299,3.4);
#4115=CIRCLE('',#9300,2.1808);
#4116=CIRCLE('',#9302,3.4);
#4117=CIRCLE('',#9303,2.1808);
#4118=CIRCLE('',#9305,3.4);
#4119=CIRCLE('',#9306,2.1808);
#4120=CIRCLE('',#9308,3.4);
#4121=CIRCLE('',#9309,2.1808);
#4122=CIRCLE('',#9311,3.4);
#4123=CIRCLE('',#9312,2.1808);
#4124=CIRCLE('',#9315,1.90500144769473);
#4125=CIRCLE('',#9316,3.1242);
#4126=CIRCLE('',#9319,1.90500144769473);
#4127=CIRCLE('',#9320,3.1242);
#4128=CIRCLE('',#9323,3.1242);
#4129=CIRCLE('',#9324,3.1242);
#4130=CIRCLE('',#9326,1.90500144769473);
#4131=CIRCLE('',#9328,0.507999998538992);
#4132=CIRCLE('',#9329,0.507999998538992);
#4133=CIRCLE('',#9330,2.0701);
#4134=CIRCLE('',#9331,2.0701);
#4135=CIRCLE('',#9332,2.0701);
#4136=CIRCLE('',#9334,2.0701);
#4137=CIRCLE('',#9336,0.507999998538992);
#4138=CIRCLE('',#9337,0.507999998538992);
#4139=CIRCLE('',#9338,2.0701);
#4140=CIRCLE('',#9339,2.0701);
#4141=CIRCLE('',#9342,1.90500144769384);
#4142=CIRCLE('',#9344,1.90500144769386);
#4143=CIRCLE('',#9346,1.2699999993523);
#4144=CIRCLE('',#9347,2.7051);
#4145=CIRCLE('',#9348,2.7051);
#4146=CIRCLE('',#9349,2.7051);
#4147=CIRCLE('',#9351,2.7051);
#4148=CIRCLE('',#9353,1.2699999993523);
#4149=CIRCLE('',#9360,3.12420000000005);
#4150=CIRCLE('',#9362,1.2699999993523);
#4151=CIRCLE('',#9363,1.2699999993523);
#4152=CIRCLE('',#9364,1.2699999993523);
#4153=CIRCLE('',#9365,1.2699999993523);
#4154=CIRCLE('',#9366,1.2699999993523);
#4155=CIRCLE('',#9367,1.2699999993523);
#4156=CIRCLE('',#9368,2.4765);
#4157=CIRCLE('',#9370,1.2699999993523);
#4158=CIRCLE('',#9372,1.2699999993523);
#4159=CIRCLE('',#9376,2.4765);
#4160=CIRCLE('',#9379,3.1242000000001);
#4161=CIRCLE('',#9382,1.2699999993523);
#4162=CIRCLE('',#9385,1.2699999993523);
#4163=CIRCLE('',#9386,1.2699999993523);
#4164=CIRCLE('',#9388,1.2699999993523);
#4165=CIRCLE('',#9389,2.7051);
#4166=CIRCLE('',#9390,2.7051);
#4167=CIRCLE('',#9391,2.7051);
#4168=CIRCLE('',#9393,1.2699999993523);
#4169=CIRCLE('',#9395,2.7051);
#4170=CIRCLE('',#9397,2.7051);
#4171=CIRCLE('',#9401,1.90500144769473);
#4172=CIRCLE('',#9403,2.7051);
#4173=CIRCLE('',#9408,1.2699999993523);
#4174=CIRCLE('',#9410,1.2699999993523);
#4175=CIRCLE('',#9412,1.2699999993523);
#4176=CIRCLE('',#9413,2.4765);
#4177=CIRCLE('',#9414,2.4765);
#4178=CIRCLE('',#9416,1.2699999993523);
#4179=CIRCLE('',#9418,2.4765);
#4180=CIRCLE('',#9420,2.7051);
#4181=CIRCLE('',#9424,2.4765);
#4182=CIRCLE('',#9427,2.7051);
#4183=CIRCLE('',#9430,1.2699999993523);
#4184=CIRCLE('',#9431,1.2699999993523);
#4185=CIRCLE('',#9436,1.2699999993523);
#4186=CIRCLE('',#9448,1.2699999993523);
#4187=CIRCLE('',#9449,2.4765);
#4188=CIRCLE('',#9450,2.4765);
#4189=CIRCLE('',#9452,2.4765);
#4190=CIRCLE('',#9454,2.4765);
#4191=CIRCLE('',#9456,1.2699999993523);
#4192=CIRCLE('',#9463,1.);
#4193=CIRCLE('',#9464,1.);
#4194=CIRCLE('',#9465,1.);
#4195=CIRCLE('',#9466,1.);
#4196=CIRCLE('',#9467,1.);
#4197=CIRCLE('',#9468,1.);
#4198=CIRCLE('',#9469,1.);
#4199=CIRCLE('',#9470,1.6);
#4200=CIRCLE('',#9471,1.6);
#4201=CIRCLE('',#9472,1.6);
#4202=CIRCLE('',#9473,1.6);
#4203=CIRCLE('',#9474,1.6);
#4204=CIRCLE('',#9475,1.6);
#4205=CIRCLE('',#9476,1.);
#4206=CIRCLE('',#9477,1.);
#4207=CIRCLE('',#9478,1.);
#4208=CIRCLE('',#9479,1.);
#4209=CIRCLE('',#9480,1.);
#4210=CIRCLE('',#9481,1.);
#4211=CIRCLE('',#9482,1.);
#4212=CIRCLE('',#9483,1.);
#4213=CIRCLE('',#9484,1.);
#4214=CIRCLE('',#9485,1.);
#4215=CIRCLE('',#9486,1.);
#4216=CIRCLE('',#9487,1.);
#4217=CIRCLE('',#9488,1.);
#4218=CIRCLE('',#9489,1.);
#4219=CIRCLE('',#9490,1.);
#4220=CIRCLE('',#9491,1.);
#4221=CIRCLE('',#9492,1.);
#4222=CIRCLE('',#9493,1.);
#4223=CIRCLE('',#9494,1.);
#4224=CIRCLE('',#9495,1.);
#4225=CIRCLE('',#9496,1.);
#4226=CIRCLE('',#9497,1.);
#4227=CIRCLE('',#9498,1.);
#4228=CIRCLE('',#9499,1.);
#4229=CIRCLE('',#9500,1.);
#4230=CIRCLE('',#9501,1.);
#4231=CIRCLE('',#9502,1.);
#4232=CIRCLE('',#9503,1.);
#4233=CIRCLE('',#9504,1.);
#4234=CIRCLE('',#9505,1.);
#4235=CIRCLE('',#9506,1.);
#4236=CIRCLE('',#9507,1.);
#4237=CIRCLE('',#9508,1.);
#4238=CIRCLE('',#9509,1.);
#4239=CIRCLE('',#9510,1.);
#4240=CIRCLE('',#9511,1.);
#4241=CIRCLE('',#9512,1.);
#4242=CIRCLE('',#9513,1.);
#4243=CIRCLE('',#9514,1.);
#4244=CIRCLE('',#9515,1.);
#4245=CIRCLE('',#9516,1.);
#4246=CIRCLE('',#9517,1.);
#4247=CIRCLE('',#9518,1.);
#4248=CIRCLE('',#9519,1.);
#4249=CIRCLE('',#9520,1.);
#4250=CIRCLE('',#9521,1.);
#4251=CIRCLE('',#9522,1.);
#4252=CIRCLE('',#9523,1.);
#4253=CIRCLE('',#9524,1.);
#4254=CIRCLE('',#9525,1.);
#4255=CIRCLE('',#9526,1.);
#4256=CIRCLE('',#9527,1.);
#4257=CIRCLE('',#9528,1.);
#4258=CIRCLE('',#9529,1.);
#4259=CIRCLE('',#9530,1.);
#4260=CIRCLE('',#9531,1.);
#4261=CIRCLE('',#9532,1.);
#4262=CIRCLE('',#9533,1.);
#4263=CIRCLE('',#9534,1.);
#4264=CIRCLE('',#9535,1.);
#4265=CIRCLE('',#9536,0.507999998538992);
#4266=CIRCLE('',#9537,0.507999998538992);
#4267=CIRCLE('',#9538,2.0701);
#4268=CIRCLE('',#9539,2.0701);
#4269=CIRCLE('',#9540,2.0701);
#4270=CIRCLE('',#9543,1.9050014476937);
#4271=CIRCLE('',#9544,1.90500144769366);
#4272=CIRCLE('',#9546,3.12419999999998);
#4273=CIRCLE('',#9548,2.4765);
#4274=CIRCLE('',#9549,2.4765);
#4275=CIRCLE('',#9550,2.4765);
#4276=CIRCLE('',#9552,2.4765);
#4277=CIRCLE('',#9554,2.4765);
#4278=CIRCLE('',#9556,2.4765);
#4279=CIRCLE('',#9558,1.2699999993523);
#4280=CIRCLE('',#9559,1.2699999993523);
#4281=CIRCLE('',#9560,2.4765);
#4282=CIRCLE('',#9561,2.4765);
#4283=CIRCLE('',#9562,2.4765);
#4284=CIRCLE('',#9568,1.90500144769285);
#4285=CIRCLE('',#9569,1.90500144769285);
#4286=CIRCLE('',#9571,1.2699999993523);
#4287=CIRCLE('',#9572,1.2699999993523);
#4288=CIRCLE('',#9573,2.4765);
#4289=CIRCLE('',#9574,2.4765);
#4290=CIRCLE('',#9575,2.4765);
#4291=CIRCLE('',#9577,3.12419999999996);
#4292=CIRCLE('',#9578,3.12420000000003);
#4293=CIRCLE('',#9580,2.4765);
#4294=CIRCLE('',#9582,2.4765);
#4295=CIRCLE('',#9585,1.2699999993523);
#4296=CIRCLE('',#9586,1.2699999993523);
#4297=CIRCLE('',#9587,2.4765);
#4298=CIRCLE('',#9594,3.1242);
#4299=CIRCLE('',#9596,2.4765);
#4300=CIRCLE('',#9598,1.2699999993523);
#4301=CIRCLE('',#9600,1.2699999993523);
#4302=CIRCLE('',#9602,2.4765);
#4303=CIRCLE('',#9603,2.4765);
#4304=CIRCLE('',#9613,1.621);
#4305=CIRCLE('',#9614,1.62100000000005);
#4306=CIRCLE('',#9616,1.621);
#4307=CIRCLE('',#9617,1.62100000000008);
#4308=CIRCLE('',#9619,1.621);
#4309=CIRCLE('',#9620,1.62100000000004);
#4310=CIRCLE('',#9622,1.621);
#4311=CIRCLE('',#9623,1.62100000000007);
#4312=CIRCLE('',#9625,1.621);
#4313=CIRCLE('',#9626,1.62100000000003);
#4314=CIRCLE('',#9628,1.621);
#4315=CIRCLE('',#9629,1.62100000000006);
#4316=CIRCLE('',#9631,1.621);
#4317=CIRCLE('',#9632,1.62100000000004);
#4318=CIRCLE('',#9634,1.621);
#4319=CIRCLE('',#9635,1.62100000000007);
#4320=CIRCLE('',#9637,1.621);
#4321=CIRCLE('',#9638,1.62100000000013);
#4322=CIRCLE('',#9640,1.8);
#4323=CIRCLE('',#9641,1.8);
#4324=CIRCLE('',#9647,1.8);
#4325=CIRCLE('',#9648,1.8);
#4326=CIRCLE('',#9650,30.);
#4327=CIRCLE('',#9651,30.);
#4328=CIRCLE('',#9653,30.);
#4329=CIRCLE('',#9654,30.);
#4330=CIRCLE('',#9656,1.90500144769286);
#4331=CIRCLE('',#9657,3.12420000000001);
#4332=CIRCLE('',#9661,1.90499999902845);
#4333=CIRCLE('',#9662,1.90499999902845);
#4334=CIRCLE('',#9663,1.27);
#4335=CIRCLE('',#9664,1.27);
#4336=CIRCLE('',#9666,1.27);
#4337=CIRCLE('',#9669,3.1242000000001);
#4338=CIRCLE('',#9670,3.12420000000003);
#4339=CIRCLE('',#9672,1.90500144769286);
#4340=CIRCLE('',#9674,1.90500144769286);
#4341=CIRCLE('',#9676,2.7051);
#4342=CIRCLE('',#9677,2.7051);
#4343=CIRCLE('',#9679,1.90499999902845);
#4344=CIRCLE('',#9680,1.90499999902845);
#4345=CIRCLE('',#9681,2.7051);
#4346=CIRCLE('',#9682,2.7051);
#4347=CIRCLE('',#9685,2.7051);
#4348=CIRCLE('',#9689,2.7051);
#4349=CIRCLE('',#9692,1.27);
#4350=CIRCLE('',#9694,1.90499999902845);
#4351=CIRCLE('',#9697,1.90500000023038);
#4352=CIRCLE('',#9698,1.90500000023038);
#4353=CIRCLE('',#9700,1.90499999902845);
#4354=CIRCLE('',#9701,2.4765);
#4355=CIRCLE('',#9702,2.4765);
#4356=CIRCLE('',#9703,2.4765);
#4357=CIRCLE('',#9705,2.4765);
#4358=CIRCLE('',#9707,2.4765);
#4359=CIRCLE('',#9713,1.90500144769286);
#4360=CIRCLE('',#9715,3.12420000000005);
#4361=CIRCLE('',#9717,1.90499999902845);
#4362=CIRCLE('',#9720,2.4765);
#4363=CIRCLE('',#9722,1.90499999902845);
#4364=CIRCLE('',#9725,1.90499999902845);
#4365=CIRCLE('',#9732,1.90499999902845);
#4366=CIRCLE('',#9738,6.415);
#4367=CIRCLE('',#9739,6.415);
#4368=CIRCLE('',#9741,7.5);
#4369=CIRCLE('',#9742,7.5);
#4370=CIRCLE('',#9744,6.415);
#4371=CIRCLE('',#9745,6.415);
#4372=CIRCLE('',#9748,7.5);
#4373=CIRCLE('',#9749,7.5);
#4374=CIRCLE('',#9751,6.415);
#4375=CIRCLE('',#9752,6.415);
#4376=CIRCLE('',#9755,7.5);
#4377=CIRCLE('',#9756,7.5);
#4378=CIRCLE('',#9758,6.415);
#4379=CIRCLE('',#9759,6.415);
#4380=CIRCLE('',#9762,7.5);
#4381=CIRCLE('',#9763,7.5);
#4382=CIRCLE('',#9765,6.415);
#4383=CIRCLE('',#9766,6.415);
#4384=CIRCLE('',#9769,4.165);
#4385=CIRCLE('',#9770,4.165);
#4386=CIRCLE('',#9773,4.165);
#4387=CIRCLE('',#9774,4.165);
#4388=CIRCLE('',#9777,6.415);
#4389=CIRCLE('',#9778,6.415);
#4390=CIRCLE('',#9782,6.415);
#4391=CIRCLE('',#9783,6.415);
#4392=CIRCLE('',#9786,4.165);
#4393=CIRCLE('',#9787,4.165);
#4394=CIRCLE('',#9790,4.165);
#4395=CIRCLE('',#9791,4.165);
#4396=CIRCLE('',#9793,4.165);
#4397=CIRCLE('',#9794,4.165);
#4398=CIRCLE('',#9797,4.165);
#4399=CIRCLE('',#9798,4.165);
#4400=CIRCLE('',#9801,7.5);
#4401=CIRCLE('',#9802,7.5);
#4402=CIRCLE('',#9805,6.415);
#4403=CIRCLE('',#9806,6.415);
#4404=CIRCLE('',#9808,7.5);
#4405=CIRCLE('',#9809,7.5);
#4406=CIRCLE('',#9812,6.415);
#4407=CIRCLE('',#9813,6.415);
#4408=CIRCLE('',#9815,6.415);
#4409=CIRCLE('',#9816,6.415);
#4410=CIRCLE('',#9820,6.415);
#4411=CIRCLE('',#9821,6.415);
#4412=CIRCLE('',#9823,7.5);
#4413=CIRCLE('',#9824,7.5);
#4414=CIRCLE('',#9827,6.415);
#4415=CIRCLE('',#9828,6.415);
#4416=CIRCLE('',#9830,6.415);
#4417=CIRCLE('',#9831,6.415);
#4418=CIRCLE('',#9835,6.415);
#4419=CIRCLE('',#9836,6.415);
#4420=CIRCLE('',#9838,7.5);
#4421=CIRCLE('',#9839,7.5);
#4422=CIRCLE('',#9842,6.415);
#4423=CIRCLE('',#9843,6.415);
#4424=CIRCLE('',#9845,6.415);
#4425=CIRCLE('',#9846,6.415);
#4426=CIRCLE('',#9850,6.415);
#4427=CIRCLE('',#9851,6.415);
#4428=CIRCLE('',#9854,4.165);
#4429=CIRCLE('',#9855,4.165);
#4430=CIRCLE('',#9858,4.165);
#4431=CIRCLE('',#9859,4.165);
#4432=CIRCLE('',#9862,6.415);
#4433=CIRCLE('',#9863,6.415);
#4434=CIRCLE('',#9869,4.165);
#4435=CIRCLE('',#9870,4.165);
#4436=CIRCLE('',#9873,4.165);
#4437=CIRCLE('',#9874,4.165);
#4438=CIRCLE('',#9878,4.165);
#4439=CIRCLE('',#9879,4.165);
#4440=CIRCLE('',#9882,4.165);
#4441=CIRCLE('',#9883,4.165);
#4442=CIRCLE('',#9886,6.415);
#4443=CIRCLE('',#9887,6.415);
#4444=CIRCLE('',#9889,6.415);
#4445=CIRCLE('',#9890,6.415);
#4446=CIRCLE('',#9894,6.415);
#4447=CIRCLE('',#9895,6.415);
#4448=CIRCLE('',#9897,6.415);
#4449=CIRCLE('',#9898,6.415);
#4450=CIRCLE('',#9902,6.415);
#4451=CIRCLE('',#9903,6.415);
#4452=CIRCLE('',#9905,6.415);
#4453=CIRCLE('',#9906,6.415);
#4454=CIRCLE('',#9909,1.07823);
#4455=CIRCLE('',#9910,1.07823);
#4456=CIRCLE('',#9912,1.07823);
#4457=CIRCLE('',#9913,1.07823);
#4458=CIRCLE('',#9916,1.01599999707798);
#4459=CIRCLE('',#9917,1.01599999707798);
#4460=CIRCLE('',#9920,1.01599999707798);
#4461=CIRCLE('',#9921,1.01599999707798);
#4462=CIRCLE('',#9924,1.01599999707798);
#4463=CIRCLE('',#9925,1.01599999707798);
#4464=CIRCLE('',#9928,1.01599999707798);
#4465=CIRCLE('',#9929,1.01599999707798);
#4466=CIRCLE('',#9931,2.3876);
#4467=CIRCLE('',#9932,2.3876);
#4468=CIRCLE('',#9934,2.3876);
#4469=CIRCLE('',#9935,2.3876);
#4470=CIRCLE('',#9937,2.3876);
#4471=CIRCLE('',#9938,2.3876);
#4472=CIRCLE('',#9940,2.3876);
#4473=CIRCLE('',#9941,2.3876);
#4474=CIRCLE('',#9943,3.556);
#4475=CIRCLE('',#9944,3.556);
#4476=CIRCLE('',#9947,3.556);
#4477=CIRCLE('',#9948,3.556);
#4478=CIRCLE('',#9951,3.556);
#4479=CIRCLE('',#9952,3.556);
#4480=CIRCLE('',#9955,3.556);
#4481=CIRCLE('',#9956,3.556);
#4482=CIRCLE('',#9959,3.556);
#4483=CIRCLE('',#9960,3.556);
#4484=CIRCLE('',#9963,3.556);
#4485=CIRCLE('',#9964,3.556);
#4486=CIRCLE('',#9967,3.556);
#4487=CIRCLE('',#9968,3.556);
#4488=CIRCLE('',#9971,3.556);
#4489=CIRCLE('',#9972,3.556);
#4490=CIRCLE('',#9975,2.0701);
#4491=CIRCLE('',#9976,2.0701);
#4492=CIRCLE('',#9981,4.7625);
#4493=CIRCLE('',#9983,4.7625);
#4494=CIRCLE('',#9984,4.7625);
#4495=CIRCLE('',#9986,4.7625);
#4496=CIRCLE('',#9987,4.7625);
#4497=CIRCLE('',#9988,1.5875);
#4498=CIRCLE('',#9990,4.7625);
#4499=CIRCLE('',#9991,4.7625);
#4500=CIRCLE('',#9993,4.7625);
#4501=CIRCLE('',#9994,4.7625);
#4502=CIRCLE('',#9995,1.5875);
#4503=CIRCLE('',#9997,4.7625);
#4504=CIRCLE('',#10001,4.7625);
#4505=CIRCLE('',#10003,4.7625);
#4506=CIRCLE('',#10004,4.7625);
#4507=CIRCLE('',#10006,4.7625);
#4508=CIRCLE('',#10007,4.7625);
#4509=CIRCLE('',#10008,1.5875);
#4510=CIRCLE('',#10010,4.7625);
#4511=CIRCLE('',#10011,4.7625);
#4512=CIRCLE('',#10013,4.7625);
#4513=CIRCLE('',#10014,4.7625);
#4514=CIRCLE('',#10015,1.5875);
#4515=CIRCLE('',#10017,4.7625);
#4516=VERTEX_POINT('',#12518);
#4517=VERTEX_POINT('',#12520);
#4518=VERTEX_POINT('',#12524);
#4519=VERTEX_POINT('',#12526);
#4520=VERTEX_POINT('',#12530);
#4521=VERTEX_POINT('',#12532);
#4522=VERTEX_POINT('',#12536);
#4523=VERTEX_POINT('',#12538);
#4524=VERTEX_POINT('',#12542);
#4525=VERTEX_POINT('',#12544);
#4526=VERTEX_POINT('',#12548);
#4527=VERTEX_POINT('',#12550);
#4528=VERTEX_POINT('',#12554);
#4529=VERTEX_POINT('',#12556);
#4530=VERTEX_POINT('',#12560);
#4531=VERTEX_POINT('',#12562);
#4532=VERTEX_POINT('',#12566);
#4533=VERTEX_POINT('',#12568);
#4534=VERTEX_POINT('',#12572);
#4535=VERTEX_POINT('',#12574);
#4536=VERTEX_POINT('',#12578);
#4537=VERTEX_POINT('',#12580);
#4538=VERTEX_POINT('',#12584);
#4539=VERTEX_POINT('',#12586);
#4540=VERTEX_POINT('',#12590);
#4541=VERTEX_POINT('',#12592);
#4542=VERTEX_POINT('',#12596);
#4543=VERTEX_POINT('',#12598);
#4544=VERTEX_POINT('',#12602);
#4545=VERTEX_POINT('',#12604);
#4546=VERTEX_POINT('',#12608);
#4547=VERTEX_POINT('',#12610);
#4548=VERTEX_POINT('',#12614);
#4549=VERTEX_POINT('',#12616);
#4550=VERTEX_POINT('',#12620);
#4551=VERTEX_POINT('',#12622);
#4552=VERTEX_POINT('',#12626);
#4553=VERTEX_POINT('',#12628);
#4554=VERTEX_POINT('',#12632);
#4555=VERTEX_POINT('',#12634);
#4556=VERTEX_POINT('',#12638);
#4557=VERTEX_POINT('',#12640);
#4558=VERTEX_POINT('',#12644);
#4559=VERTEX_POINT('',#12646);
#4560=VERTEX_POINT('',#12650);
#4561=VERTEX_POINT('',#12652);
#4562=VERTEX_POINT('',#12656);
#4563=VERTEX_POINT('',#12658);
#4564=VERTEX_POINT('',#12662);
#4565=VERTEX_POINT('',#12664);
#4566=VERTEX_POINT('',#12668);
#4567=VERTEX_POINT('',#12670);
#4568=VERTEX_POINT('',#12674);
#4569=VERTEX_POINT('',#12676);
#4570=VERTEX_POINT('',#12680);
#4571=VERTEX_POINT('',#12682);
#4572=VERTEX_POINT('',#12686);
#4573=VERTEX_POINT('',#12688);
#4574=VERTEX_POINT('',#12692);
#4575=VERTEX_POINT('',#12694);
#4576=VERTEX_POINT('',#12698);
#4577=VERTEX_POINT('',#12700);
#4578=VERTEX_POINT('',#12704);
#4579=VERTEX_POINT('',#12706);
#4580=VERTEX_POINT('',#12710);
#4581=VERTEX_POINT('',#12712);
#4582=VERTEX_POINT('',#12716);
#4583=VERTEX_POINT('',#12718);
#4584=VERTEX_POINT('',#12722);
#4585=VERTEX_POINT('',#12724);
#4586=VERTEX_POINT('',#12728);
#4587=VERTEX_POINT('',#12730);
#4588=VERTEX_POINT('',#12734);
#4589=VERTEX_POINT('',#12736);
#4590=VERTEX_POINT('',#12740);
#4591=VERTEX_POINT('',#12742);
#4592=VERTEX_POINT('',#12746);
#4593=VERTEX_POINT('',#12748);
#4594=VERTEX_POINT('',#12752);
#4595=VERTEX_POINT('',#12754);
#4596=VERTEX_POINT('',#12758);
#4597=VERTEX_POINT('',#12760);
#4598=VERTEX_POINT('',#12764);
#4599=VERTEX_POINT('',#12766);
#4600=VERTEX_POINT('',#12770);
#4601=VERTEX_POINT('',#12772);
#4602=VERTEX_POINT('',#12776);
#4603=VERTEX_POINT('',#12778);
#4604=VERTEX_POINT('',#12782);
#4605=VERTEX_POINT('',#12784);
#4606=VERTEX_POINT('',#12788);
#4607=VERTEX_POINT('',#12790);
#4608=VERTEX_POINT('',#12794);
#4609=VERTEX_POINT('',#12796);
#4610=VERTEX_POINT('',#12800);
#4611=VERTEX_POINT('',#12802);
#4612=VERTEX_POINT('',#12806);
#4613=VERTEX_POINT('',#12808);
#4614=VERTEX_POINT('',#12812);
#4615=VERTEX_POINT('',#12814);
#4616=VERTEX_POINT('',#12818);
#4617=VERTEX_POINT('',#12820);
#4618=VERTEX_POINT('',#12824);
#4619=VERTEX_POINT('',#12826);
#4620=VERTEX_POINT('',#12830);
#4621=VERTEX_POINT('',#12832);
#4622=VERTEX_POINT('',#12836);
#4623=VERTEX_POINT('',#12838);
#4624=VERTEX_POINT('',#12842);
#4625=VERTEX_POINT('',#12844);
#4626=VERTEX_POINT('',#12848);
#4627=VERTEX_POINT('',#12850);
#4628=VERTEX_POINT('',#12854);
#4629=VERTEX_POINT('',#12856);
#4630=VERTEX_POINT('',#12860);
#4631=VERTEX_POINT('',#12862);
#4632=VERTEX_POINT('',#12866);
#4633=VERTEX_POINT('',#12868);
#4634=VERTEX_POINT('',#12872);
#4635=VERTEX_POINT('',#12874);
#4636=VERTEX_POINT('',#12878);
#4637=VERTEX_POINT('',#12880);
#4638=VERTEX_POINT('',#12884);
#4639=VERTEX_POINT('',#12886);
#4640=VERTEX_POINT('',#12890);
#4641=VERTEX_POINT('',#12892);
#4642=VERTEX_POINT('',#12896);
#4643=VERTEX_POINT('',#12898);
#4644=VERTEX_POINT('',#12902);
#4645=VERTEX_POINT('',#12904);
#4646=VERTEX_POINT('',#12908);
#4647=VERTEX_POINT('',#12910);
#4648=VERTEX_POINT('',#12914);
#4649=VERTEX_POINT('',#12916);
#4650=VERTEX_POINT('',#12920);
#4651=VERTEX_POINT('',#12922);
#4652=VERTEX_POINT('',#12926);
#4653=VERTEX_POINT('',#12928);
#4654=VERTEX_POINT('',#12932);
#4655=VERTEX_POINT('',#12934);
#4656=VERTEX_POINT('',#12938);
#4657=VERTEX_POINT('',#12940);
#4658=VERTEX_POINT('',#12944);
#4659=VERTEX_POINT('',#12946);
#4660=VERTEX_POINT('',#12950);
#4661=VERTEX_POINT('',#12952);
#4662=VERTEX_POINT('',#12956);
#4663=VERTEX_POINT('',#12958);
#4664=VERTEX_POINT('',#12962);
#4665=VERTEX_POINT('',#12964);
#4666=VERTEX_POINT('',#12968);
#4667=VERTEX_POINT('',#12970);
#4668=VERTEX_POINT('',#12974);
#4669=VERTEX_POINT('',#12976);
#4670=VERTEX_POINT('',#12980);
#4671=VERTEX_POINT('',#12982);
#4672=VERTEX_POINT('',#12986);
#4673=VERTEX_POINT('',#12988);
#4674=VERTEX_POINT('',#12992);
#4675=VERTEX_POINT('',#12993);
#4676=VERTEX_POINT('',#12995);
#4677=VERTEX_POINT('',#12997);
#4678=VERTEX_POINT('',#13001);
#4679=VERTEX_POINT('',#13003);
#4680=VERTEX_POINT('',#13007);
#4681=VERTEX_POINT('',#13009);
#4682=VERTEX_POINT('',#13022);
#4683=VERTEX_POINT('',#13023);
#4684=VERTEX_POINT('',#13025);
#4685=VERTEX_POINT('',#13027);
#4686=VERTEX_POINT('',#13031);
#4687=VERTEX_POINT('',#13033);
#4688=VERTEX_POINT('',#13050);
#4689=VERTEX_POINT('',#13051);
#4690=VERTEX_POINT('',#13053);
#4691=VERTEX_POINT('',#13055);
#4692=VERTEX_POINT('',#13059);
#4693=VERTEX_POINT('',#13060);
#4694=VERTEX_POINT('',#13065);
#4695=VERTEX_POINT('',#13067);
#4696=VERTEX_POINT('',#13069);
#4697=VERTEX_POINT('',#13071);
#4698=VERTEX_POINT('',#13073);
#4699=VERTEX_POINT('',#13075);
#4700=VERTEX_POINT('',#13077);
#4701=VERTEX_POINT('',#13080);
#4702=VERTEX_POINT('',#13082);
#4703=VERTEX_POINT('',#13084);
#4704=VERTEX_POINT('',#13087);
#4705=VERTEX_POINT('',#13089);
#4706=VERTEX_POINT('',#13091);
#4707=VERTEX_POINT('',#13094);
#4708=VERTEX_POINT('',#13098);
#4709=VERTEX_POINT('',#13099);
#4710=VERTEX_POINT('',#13101);
#4711=VERTEX_POINT('',#13103);
#4712=VERTEX_POINT('',#13105);
#4713=VERTEX_POINT('',#13107);
#4714=VERTEX_POINT('',#13110);
#4715=VERTEX_POINT('',#13112);
#4716=VERTEX_POINT('',#13114);
#4717=VERTEX_POINT('',#13116);
#4718=VERTEX_POINT('',#13118);
#4719=VERTEX_POINT('',#13120);
#4720=VERTEX_POINT('',#13124);
#4721=VERTEX_POINT('',#13126);
#4722=VERTEX_POINT('',#13131);
#4723=VERTEX_POINT('',#13142);
#4724=VERTEX_POINT('',#13181);
#4725=VERTEX_POINT('',#13192);
#4726=VERTEX_POINT('',#13194);
#4727=VERTEX_POINT('',#13207);
#4728=VERTEX_POINT('',#13209);
#4729=VERTEX_POINT('',#13213);
#4730=VERTEX_POINT('',#13215);
#4731=VERTEX_POINT('',#13218);
#4732=VERTEX_POINT('',#13220);
#4733=VERTEX_POINT('',#13222);
#4734=VERTEX_POINT('',#13225);
#4735=VERTEX_POINT('',#13229);
#4736=VERTEX_POINT('',#13231);
#4737=VERTEX_POINT('',#13246);
#4738=VERTEX_POINT('',#13250);
#4739=VERTEX_POINT('',#13252);
#4740=VERTEX_POINT('',#13256);
#4741=VERTEX_POINT('',#13258);
#4742=VERTEX_POINT('',#13260);
#4743=VERTEX_POINT('',#13262);
#4744=VERTEX_POINT('',#13264);
#4745=VERTEX_POINT('',#13266);
#4746=VERTEX_POINT('',#13268);
#4747=VERTEX_POINT('',#13270);
#4748=VERTEX_POINT('',#13272);
#4749=VERTEX_POINT('',#13274);
#4750=VERTEX_POINT('',#13276);
#4751=VERTEX_POINT('',#13278);
#4752=VERTEX_POINT('',#13281);
#4753=VERTEX_POINT('',#13284);
#4754=VERTEX_POINT('',#13286);
#4755=VERTEX_POINT('',#13290);
#4756=VERTEX_POINT('',#13292);
#4757=VERTEX_POINT('',#13296);
#4758=VERTEX_POINT('',#13298);
#4759=VERTEX_POINT('',#13302);
#4760=VERTEX_POINT('',#13304);
#4761=VERTEX_POINT('',#13308);
#4762=VERTEX_POINT('',#13354);
#4763=VERTEX_POINT('',#13415);
#4764=VERTEX_POINT('',#13419);
#4765=VERTEX_POINT('',#13421);
#4766=VERTEX_POINT('',#13425);
#4767=VERTEX_POINT('',#13427);
#4768=VERTEX_POINT('',#13432);
#4769=VERTEX_POINT('',#13434);
#4770=VERTEX_POINT('',#13437);
#4771=VERTEX_POINT('',#13439);
#4772=VERTEX_POINT('',#13441);
#4773=VERTEX_POINT('',#13444);
#4774=VERTEX_POINT('',#13446);
#4775=VERTEX_POINT('',#13450);
#4776=VERTEX_POINT('',#13504);
#4777=VERTEX_POINT('',#13511);
#4778=VERTEX_POINT('',#13515);
#4779=VERTEX_POINT('',#13527);
#4780=VERTEX_POINT('',#13531);
#4781=VERTEX_POINT('',#13533);
#4782=VERTEX_POINT('',#13536);
#4783=VERTEX_POINT('',#13538);
#4784=VERTEX_POINT('',#13541);
#4785=VERTEX_POINT('',#13543);
#4786=VERTEX_POINT('',#13547);
#4787=VERTEX_POINT('',#13554);
#4788=VERTEX_POINT('',#13557);
#4789=VERTEX_POINT('',#13561);
#4790=VERTEX_POINT('',#13562);
#4791=VERTEX_POINT('',#13567);
#4792=VERTEX_POINT('',#13576);
#4793=VERTEX_POINT('',#13581);
#4794=VERTEX_POINT('',#13583);
#4795=VERTEX_POINT('',#13587);
#4796=VERTEX_POINT('',#13589);
#4797=VERTEX_POINT('',#13596);
#4798=VERTEX_POINT('',#13617);
#4799=VERTEX_POINT('',#13619);
#4800=VERTEX_POINT('',#13622);
#4801=VERTEX_POINT('',#13626);
#4802=VERTEX_POINT('',#14605);
#4803=VERTEX_POINT('',#14606);
#4804=VERTEX_POINT('',#14608);
#4805=VERTEX_POINT('',#14610);
#4806=VERTEX_POINT('',#14614);
#4807=VERTEX_POINT('',#14616);
#4808=VERTEX_POINT('',#14620);
#4809=VERTEX_POINT('',#14622);
#4810=VERTEX_POINT('',#14625);
#4811=VERTEX_POINT('',#14627);
#4812=VERTEX_POINT('',#14629);
#4813=VERTEX_POINT('',#14632);
#4814=VERTEX_POINT('',#14636);
#4815=VERTEX_POINT('',#14640);
#4816=VERTEX_POINT('',#14644);
#4817=VERTEX_POINT('',#14646);
#4818=VERTEX_POINT('',#14648);
#4819=VERTEX_POINT('',#14650);
#4820=VERTEX_POINT('',#14653);
#4821=VERTEX_POINT('',#14655);
#4822=VERTEX_POINT('',#14657);
#4823=VERTEX_POINT('',#14660);
#4824=VERTEX_POINT('',#14662);
#4825=VERTEX_POINT('',#14666);
#4826=VERTEX_POINT('',#14670);
#4827=VERTEX_POINT('',#14672);
#4828=VERTEX_POINT('',#14676);
#4829=VERTEX_POINT('',#14678);
#4830=VERTEX_POINT('',#14682);
#4831=VERTEX_POINT('',#14684);
#4832=VERTEX_POINT('',#14688);
#4833=VERTEX_POINT('',#14689);
#4834=VERTEX_POINT('',#14691);
#4835=VERTEX_POINT('',#14693);
#4836=VERTEX_POINT('',#14695);
#4837=VERTEX_POINT('',#14697);
#4838=VERTEX_POINT('',#14700);
#4839=VERTEX_POINT('',#14702);
#4840=VERTEX_POINT('',#14704);
#4841=VERTEX_POINT('',#14711);
#4842=VERTEX_POINT('',#14715);
#4843=VERTEX_POINT('',#14719);
#4844=VERTEX_POINT('',#14721);
#4845=VERTEX_POINT('',#14725);
#4846=VERTEX_POINT('',#14728);
#4847=VERTEX_POINT('',#14731);
#4848=VERTEX_POINT('',#14746);
#4849=VERTEX_POINT('',#14750);
#4850=VERTEX_POINT('',#14758);
#4851=VERTEX_POINT('',#14760);
#4852=VERTEX_POINT('',#14774);
#4853=VERTEX_POINT('',#14776);
#4854=VERTEX_POINT('',#14780);
#4855=VERTEX_POINT('',#14782);
#4856=VERTEX_POINT('',#14786);
#4857=VERTEX_POINT('',#14788);
#4858=VERTEX_POINT('',#14792);
#4859=VERTEX_POINT('',#14794);
#4860=VERTEX_POINT('',#14798);
#4861=VERTEX_POINT('',#14800);
#4862=VERTEX_POINT('',#14804);
#4863=VERTEX_POINT('',#14806);
#4864=VERTEX_POINT('',#14810);
#4865=VERTEX_POINT('',#14812);
#4866=VERTEX_POINT('',#14816);
#4867=VERTEX_POINT('',#14818);
#4868=VERTEX_POINT('',#14822);
#4869=VERTEX_POINT('',#14824);
#4870=VERTEX_POINT('',#14828);
#4871=VERTEX_POINT('',#14830);
#4872=VERTEX_POINT('',#14834);
#4873=VERTEX_POINT('',#14835);
#4874=VERTEX_POINT('',#14837);
#4875=VERTEX_POINT('',#14839);
#4876=VERTEX_POINT('',#14843);
#4877=VERTEX_POINT('',#14845);
#4878=VERTEX_POINT('',#14849);
#4879=VERTEX_POINT('',#14851);
#4880=VERTEX_POINT('',#14858);
#4881=VERTEX_POINT('',#14860);
#4882=VERTEX_POINT('',#14864);
#4883=VERTEX_POINT('',#14866);
#4884=VERTEX_POINT('',#14870);
#4885=VERTEX_POINT('',#14872);
#4886=VERTEX_POINT('',#14876);
#4887=VERTEX_POINT('',#14877);
#4888=VERTEX_POINT('',#14879);
#4889=VERTEX_POINT('',#14881);
#4890=VERTEX_POINT('',#14885);
#4891=VERTEX_POINT('',#14886);
#4892=VERTEX_POINT('',#14891);
#4893=VERTEX_POINT('',#14892);
#4894=VERTEX_POINT('',#14894);
#4895=VERTEX_POINT('',#14896);
#4896=VERTEX_POINT('',#14900);
#4897=VERTEX_POINT('',#14901);
#4898=VERTEX_POINT('',#14903);
#4899=VERTEX_POINT('',#14905);
#4900=VERTEX_POINT('',#14907);
#4901=VERTEX_POINT('',#14909);
#4902=VERTEX_POINT('',#14911);
#4903=VERTEX_POINT('',#14913);
#4904=VERTEX_POINT('',#14915);
#4905=VERTEX_POINT('',#14918);
#4906=VERTEX_POINT('',#14921);
#4907=VERTEX_POINT('',#14923);
#4908=VERTEX_POINT('',#14927);
#4909=VERTEX_POINT('',#14929);
#4910=VERTEX_POINT('',#14933);
#4911=VERTEX_POINT('',#14937);
#4912=VERTEX_POINT('',#14939);
#4913=VERTEX_POINT('',#14943);
#4914=VERTEX_POINT('',#14944);
#4915=VERTEX_POINT('',#14949);
#4916=VERTEX_POINT('',#14951);
#4917=VERTEX_POINT('',#14955);
#4918=VERTEX_POINT('',#14957);
#4919=VERTEX_POINT('',#14961);
#4920=VERTEX_POINT('',#14963);
#4921=VERTEX_POINT('',#14965);
#4922=VERTEX_POINT('',#14967);
#4923=VERTEX_POINT('',#14970);
#4924=VERTEX_POINT('',#14972);
#4925=VERTEX_POINT('',#14978);
#4926=VERTEX_POINT('',#14982);
#4927=VERTEX_POINT('',#14986);
#4928=VERTEX_POINT('',#14988);
#4929=VERTEX_POINT('',#14992);
#4930=VERTEX_POINT('',#14996);
#4931=VERTEX_POINT('',#15000);
#4932=VERTEX_POINT('',#15004);
#4933=VERTEX_POINT('',#15006);
#4934=VERTEX_POINT('',#15010);
#4935=VERTEX_POINT('',#15012);
#4936=VERTEX_POINT('',#15016);
#4937=VERTEX_POINT('',#15017);
#4938=VERTEX_POINT('',#15019);
#4939=VERTEX_POINT('',#15021);
#4940=VERTEX_POINT('',#15025);
#4941=VERTEX_POINT('',#15027);
#4942=VERTEX_POINT('',#15031);
#4943=VERTEX_POINT('',#15033);
#4944=VERTEX_POINT('',#15035);
#4945=VERTEX_POINT('',#15038);
#4946=VERTEX_POINT('',#15042);
#4947=VERTEX_POINT('',#15048);
#4948=VERTEX_POINT('',#15052);
#4949=VERTEX_POINT('',#15056);
#4950=VERTEX_POINT('',#15060);
#4951=VERTEX_POINT('',#15064);
#4952=VERTEX_POINT('',#15073);
#4953=VERTEX_POINT('',#15090);
#4954=VERTEX_POINT('',#15099);
#4955=VERTEX_POINT('',#15100);
#4956=VERTEX_POINT('',#15102);
#4957=VERTEX_POINT('',#15104);
#4958=VERTEX_POINT('',#15111);
#4959=VERTEX_POINT('',#15113);
#4960=VERTEX_POINT('',#15117);
#4961=VERTEX_POINT('',#15118);
#4962=VERTEX_POINT('',#15120);
#4963=VERTEX_POINT('',#15122);
#4964=VERTEX_POINT('',#15129);
#4965=VERTEX_POINT('',#15131);
#4966=VERTEX_POINT('',#15135);
#4967=VERTEX_POINT('',#15136);
#4968=VERTEX_POINT('',#15138);
#4969=VERTEX_POINT('',#15140);
#4970=VERTEX_POINT('',#15147);
#4971=VERTEX_POINT('',#15149);
#4972=VERTEX_POINT('',#15153);
#4973=VERTEX_POINT('',#15154);
#4974=VERTEX_POINT('',#15156);
#4975=VERTEX_POINT('',#15158);
#4976=VERTEX_POINT('',#15165);
#4977=VERTEX_POINT('',#15167);
#4978=VERTEX_POINT('',#15171);
#4979=VERTEX_POINT('',#15172);
#4980=VERTEX_POINT('',#15174);
#4981=VERTEX_POINT('',#15176);
#4982=VERTEX_POINT('',#15183);
#4983=VERTEX_POINT('',#15184);
#4984=VERTEX_POINT('',#15186);
#4985=VERTEX_POINT('',#15188);
#4986=VERTEX_POINT('',#15192);
#4987=VERTEX_POINT('',#15194);
#4988=VERTEX_POINT('',#15198);
#4989=VERTEX_POINT('',#15200);
#4990=VERTEX_POINT('',#15207);
#4991=VERTEX_POINT('',#15208);
#4992=VERTEX_POINT('',#15210);
#4993=VERTEX_POINT('',#15212);
#4994=VERTEX_POINT('',#15219);
#4995=VERTEX_POINT('',#15220);
#4996=VERTEX_POINT('',#15222);
#4997=VERTEX_POINT('',#15224);
#4998=VERTEX_POINT('',#15231);
#4999=VERTEX_POINT('',#15232);
#5000=VERTEX_POINT('',#15234);
#5001=VERTEX_POINT('',#15236);
#5002=VERTEX_POINT('',#15240);
#5003=VERTEX_POINT('',#15242);
#5004=VERTEX_POINT('',#15246);
#5005=VERTEX_POINT('',#15248);
#5006=VERTEX_POINT('',#15255);
#5007=VERTEX_POINT('',#15256);
#5008=VERTEX_POINT('',#15258);
#5009=VERTEX_POINT('',#15260);
#5010=VERTEX_POINT('',#15264);
#5011=VERTEX_POINT('',#15266);
#5012=VERTEX_POINT('',#15270);
#5013=VERTEX_POINT('',#15272);
#5014=VERTEX_POINT('',#15279);
#5015=VERTEX_POINT('',#15281);
#5016=VERTEX_POINT('',#15285);
#5017=VERTEX_POINT('',#15286);
#5018=VERTEX_POINT('',#15288);
#5019=VERTEX_POINT('',#15290);
#5020=VERTEX_POINT('',#15297);
#5021=VERTEX_POINT('',#15299);
#5022=VERTEX_POINT('',#15303);
#5023=VERTEX_POINT('',#15304);
#5024=VERTEX_POINT('',#15306);
#5025=VERTEX_POINT('',#15308);
#5026=VERTEX_POINT('',#15315);
#5027=VERTEX_POINT('',#15316);
#5028=VERTEX_POINT('',#15318);
#5029=VERTEX_POINT('',#15320);
#5030=VERTEX_POINT('',#15327);
#5031=VERTEX_POINT('',#15328);
#5032=VERTEX_POINT('',#15330);
#5033=VERTEX_POINT('',#15332);
#5034=VERTEX_POINT('',#15339);
#5035=VERTEX_POINT('',#15341);
#5036=VERTEX_POINT('',#15345);
#5037=VERTEX_POINT('',#15346);
#5038=VERTEX_POINT('',#15348);
#5039=VERTEX_POINT('',#15350);
#5040=VERTEX_POINT('',#15357);
#5041=VERTEX_POINT('',#15358);
#5042=VERTEX_POINT('',#15360);
#5043=VERTEX_POINT('',#15362);
#5044=VERTEX_POINT('',#15369);
#5045=VERTEX_POINT('',#15370);
#5046=VERTEX_POINT('',#15372);
#5047=VERTEX_POINT('',#15374);
#5048=VERTEX_POINT('',#15381);
#5049=VERTEX_POINT('',#15383);
#5050=VERTEX_POINT('',#15387);
#5051=VERTEX_POINT('',#15388);
#5052=VERTEX_POINT('',#15390);
#5053=VERTEX_POINT('',#15392);
#5054=VERTEX_POINT('',#15399);
#5055=VERTEX_POINT('',#15400);
#5056=VERTEX_POINT('',#15402);
#5057=VERTEX_POINT('',#15404);
#5058=VERTEX_POINT('',#15411);
#5059=VERTEX_POINT('',#15412);
#5060=VERTEX_POINT('',#15414);
#5061=VERTEX_POINT('',#15416);
#5062=VERTEX_POINT('',#15423);
#5063=VERTEX_POINT('',#15424);
#5064=VERTEX_POINT('',#15426);
#5065=VERTEX_POINT('',#15428);
#5066=VERTEX_POINT('',#15432);
#5067=VERTEX_POINT('',#15434);
#5068=VERTEX_POINT('',#15438);
#5069=VERTEX_POINT('',#15440);
#5070=VERTEX_POINT('',#15447);
#5071=VERTEX_POINT('',#15448);
#5072=VERTEX_POINT('',#15450);
#5073=VERTEX_POINT('',#15452);
#5074=VERTEX_POINT('',#15459);
#5075=VERTEX_POINT('',#15460);
#5076=VERTEX_POINT('',#15462);
#5077=VERTEX_POINT('',#15464);
#5078=VERTEX_POINT('',#15468);
#5079=VERTEX_POINT('',#15470);
#5080=VERTEX_POINT('',#15474);
#5081=VERTEX_POINT('',#15476);
#5082=VERTEX_POINT('',#15483);
#5083=VERTEX_POINT('',#15484);
#5084=VERTEX_POINT('',#15486);
#5085=VERTEX_POINT('',#15488);
#5086=VERTEX_POINT('',#15492);
#5087=VERTEX_POINT('',#15494);
#5088=VERTEX_POINT('',#15498);
#5089=VERTEX_POINT('',#15500);
#5090=VERTEX_POINT('',#15507);
#5091=VERTEX_POINT('',#15508);
#5092=VERTEX_POINT('',#15510);
#5093=VERTEX_POINT('',#15512);
#5094=VERTEX_POINT('',#15516);
#5095=VERTEX_POINT('',#15518);
#5096=VERTEX_POINT('',#15522);
#5097=VERTEX_POINT('',#15524);
#5098=VERTEX_POINT('',#15531);
#5099=VERTEX_POINT('',#15532);
#5100=VERTEX_POINT('',#15534);
#5101=VERTEX_POINT('',#15536);
#5102=VERTEX_POINT('',#15543);
#5103=VERTEX_POINT('',#15544);
#5104=VERTEX_POINT('',#15546);
#5105=VERTEX_POINT('',#15548);
#5106=VERTEX_POINT('',#15555);
#5107=VERTEX_POINT('',#15556);
#5108=VERTEX_POINT('',#15558);
#5109=VERTEX_POINT('',#15560);
#5110=VERTEX_POINT('',#15567);
#5111=VERTEX_POINT('',#15568);
#5112=VERTEX_POINT('',#15570);
#5113=VERTEX_POINT('',#15572);
#5114=VERTEX_POINT('',#15579);
#5115=VERTEX_POINT('',#15580);
#5116=VERTEX_POINT('',#15582);
#5117=VERTEX_POINT('',#15584);
#5118=VERTEX_POINT('',#15591);
#5119=VERTEX_POINT('',#15592);
#5120=VERTEX_POINT('',#15594);
#5121=VERTEX_POINT('',#15596);
#5122=VERTEX_POINT('',#15603);
#5123=VERTEX_POINT('',#15605);
#5124=VERTEX_POINT('',#15609);
#5125=VERTEX_POINT('',#15611);
#5126=VERTEX_POINT('',#15615);
#5127=VERTEX_POINT('',#15616);
#5128=VERTEX_POINT('',#15618);
#5129=VERTEX_POINT('',#15620);
#5130=VERTEX_POINT('',#15624);
#5131=VERTEX_POINT('',#15626);
#5132=VERTEX_POINT('',#15630);
#5133=VERTEX_POINT('',#15632);
#5134=VERTEX_POINT('',#15636);
#5135=VERTEX_POINT('',#15638);
#5136=VERTEX_POINT('',#15642);
#5137=VERTEX_POINT('',#15644);
#5138=VERTEX_POINT('',#15648);
#5139=VERTEX_POINT('',#15650);
#5140=VERTEX_POINT('',#15654);
#5141=VERTEX_POINT('',#15656);
#5142=VERTEX_POINT('',#15663);
#5143=VERTEX_POINT('',#15665);
#5144=VERTEX_POINT('',#15669);
#5145=VERTEX_POINT('',#15671);
#5146=VERTEX_POINT('',#15675);
#5147=VERTEX_POINT('',#15677);
#5148=VERTEX_POINT('',#15681);
#5149=VERTEX_POINT('',#15683);
#5150=VERTEX_POINT('',#15687);
#5151=VERTEX_POINT('',#15688);
#5152=VERTEX_POINT('',#15690);
#5153=VERTEX_POINT('',#15692);
#5154=VERTEX_POINT('',#15696);
#5155=VERTEX_POINT('',#15698);
#5156=VERTEX_POINT('',#15702);
#5157=VERTEX_POINT('',#15704);
#5158=VERTEX_POINT('',#15711);
#5159=VERTEX_POINT('',#15712);
#5160=VERTEX_POINT('',#15714);
#5161=VERTEX_POINT('',#15716);
#5162=VERTEX_POINT('',#15720);
#5163=VERTEX_POINT('',#15722);
#5164=VERTEX_POINT('',#15726);
#5165=VERTEX_POINT('',#15728);
#5166=VERTEX_POINT('',#15735);
#5167=VERTEX_POINT('',#15736);
#5168=VERTEX_POINT('',#15738);
#5169=VERTEX_POINT('',#15740);
#5170=VERTEX_POINT('',#15744);
#5171=VERTEX_POINT('',#15746);
#5172=VERTEX_POINT('',#15750);
#5173=VERTEX_POINT('',#15752);
#5174=VERTEX_POINT('',#15759);
#5175=VERTEX_POINT('',#15760);
#5176=VERTEX_POINT('',#15762);
#5177=VERTEX_POINT('',#15764);
#5178=VERTEX_POINT('',#15768);
#5179=VERTEX_POINT('',#15770);
#5180=VERTEX_POINT('',#15774);
#5181=VERTEX_POINT('',#15776);
#5182=VERTEX_POINT('',#15783);
#5183=VERTEX_POINT('',#15785);
#5184=VERTEX_POINT('',#15792);
#5185=VERTEX_POINT('',#15795);
#5186=VERTEX_POINT('',#15796);
#5187=VERTEX_POINT('',#15801);
#5188=VERTEX_POINT('',#15802);
#5189=VERTEX_POINT('',#15807);
#5190=VERTEX_POINT('',#15808);
#5191=VERTEX_POINT('',#15813);
#5192=VERTEX_POINT('',#15814);
#5193=VERTEX_POINT('',#15819);
#5194=VERTEX_POINT('',#15825);
#5195=VERTEX_POINT('',#15828);
#5196=VERTEX_POINT('',#15829);
#5197=VERTEX_POINT('',#15834);
#5198=VERTEX_POINT('',#15835);
#5199=VERTEX_POINT('',#15840);
#5200=VERTEX_POINT('',#15841);
#5201=VERTEX_POINT('',#15846);
#5202=VERTEX_POINT('',#15847);
#5203=VERTEX_POINT('',#15852);
#5204=EDGE_CURVE('',#4516,#4516,#3966,.T.);
#5205=EDGE_CURVE('',#4516,#4517,#2790,.T.);
#5206=EDGE_CURVE('',#4517,#4517,#3967,.T.);
#5207=EDGE_CURVE('',#4518,#4518,#3968,.T.);
#5208=EDGE_CURVE('',#4518,#4519,#2791,.T.);
#5209=EDGE_CURVE('',#4519,#4519,#3969,.T.);
#5210=EDGE_CURVE('',#4520,#4520,#3970,.T.);
#5211=EDGE_CURVE('',#4520,#4521,#2792,.T.);
#5212=EDGE_CURVE('',#4521,#4521,#3971,.T.);
#5213=EDGE_CURVE('',#4522,#4522,#3972,.T.);
#5214=EDGE_CURVE('',#4522,#4523,#2793,.T.);
#5215=EDGE_CURVE('',#4523,#4523,#3973,.T.);
#5216=EDGE_CURVE('',#4524,#4524,#3974,.T.);
#5217=EDGE_CURVE('',#4524,#4525,#2794,.T.);
#5218=EDGE_CURVE('',#4525,#4525,#3975,.T.);
#5219=EDGE_CURVE('',#4526,#4526,#3976,.T.);
#5220=EDGE_CURVE('',#4526,#4527,#2795,.T.);
#5221=EDGE_CURVE('',#4527,#4527,#3977,.T.);
#5222=EDGE_CURVE('',#4528,#4528,#3978,.T.);
#5223=EDGE_CURVE('',#4528,#4529,#2796,.T.);
#5224=EDGE_CURVE('',#4529,#4529,#3979,.T.);
#5225=EDGE_CURVE('',#4530,#4530,#3980,.T.);
#5226=EDGE_CURVE('',#4530,#4531,#2797,.T.);
#5227=EDGE_CURVE('',#4531,#4531,#3981,.T.);
#5228=EDGE_CURVE('',#4532,#4532,#3982,.T.);
#5229=EDGE_CURVE('',#4532,#4533,#2798,.T.);
#5230=EDGE_CURVE('',#4533,#4533,#3983,.T.);
#5231=EDGE_CURVE('',#4534,#4534,#3984,.T.);
#5232=EDGE_CURVE('',#4534,#4535,#2799,.T.);
#5233=EDGE_CURVE('',#4535,#4535,#3985,.T.);
#5234=EDGE_CURVE('',#4536,#4536,#3986,.T.);
#5235=EDGE_CURVE('',#4536,#4537,#2800,.T.);
#5236=EDGE_CURVE('',#4537,#4537,#3987,.T.);
#5237=EDGE_CURVE('',#4538,#4538,#3988,.T.);
#5238=EDGE_CURVE('',#4538,#4539,#2801,.T.);
#5239=EDGE_CURVE('',#4539,#4539,#3989,.T.);
#5240=EDGE_CURVE('',#4540,#4540,#3990,.T.);
#5241=EDGE_CURVE('',#4540,#4541,#2802,.T.);
#5242=EDGE_CURVE('',#4541,#4541,#3991,.T.);
#5243=EDGE_CURVE('',#4542,#4542,#3992,.T.);
#5244=EDGE_CURVE('',#4542,#4543,#2803,.T.);
#5245=EDGE_CURVE('',#4543,#4543,#3993,.T.);
#5246=EDGE_CURVE('',#4544,#4544,#3994,.T.);
#5247=EDGE_CURVE('',#4544,#4545,#2804,.T.);
#5248=EDGE_CURVE('',#4545,#4545,#3995,.T.);
#5249=EDGE_CURVE('',#4546,#4546,#3996,.T.);
#5250=EDGE_CURVE('',#4546,#4547,#2805,.T.);
#5251=EDGE_CURVE('',#4547,#4547,#3997,.T.);
#5252=EDGE_CURVE('',#4548,#4548,#3998,.T.);
#5253=EDGE_CURVE('',#4548,#4549,#2806,.T.);
#5254=EDGE_CURVE('',#4549,#4549,#3999,.T.);
#5255=EDGE_CURVE('',#4550,#4550,#4000,.T.);
#5256=EDGE_CURVE('',#4550,#4551,#2807,.T.);
#5257=EDGE_CURVE('',#4551,#4551,#4001,.T.);
#5258=EDGE_CURVE('',#4552,#4552,#4002,.T.);
#5259=EDGE_CURVE('',#4552,#4553,#2808,.T.);
#5260=EDGE_CURVE('',#4553,#4553,#4003,.T.);
#5261=EDGE_CURVE('',#4554,#4554,#4004,.T.);
#5262=EDGE_CURVE('',#4554,#4555,#2809,.T.);
#5263=EDGE_CURVE('',#4555,#4555,#4005,.T.);
#5264=EDGE_CURVE('',#4556,#4556,#4006,.T.);
#5265=EDGE_CURVE('',#4556,#4557,#2810,.T.);
#5266=EDGE_CURVE('',#4557,#4557,#4007,.T.);
#5267=EDGE_CURVE('',#4558,#4558,#4008,.T.);
#5268=EDGE_CURVE('',#4558,#4559,#2811,.T.);
#5269=EDGE_CURVE('',#4559,#4559,#4009,.T.);
#5270=EDGE_CURVE('',#4560,#4560,#4010,.T.);
#5271=EDGE_CURVE('',#4560,#4561,#2812,.T.);
#5272=EDGE_CURVE('',#4561,#4561,#4011,.T.);
#5273=EDGE_CURVE('',#4562,#4562,#4012,.T.);
#5274=EDGE_CURVE('',#4562,#4563,#2813,.T.);
#5275=EDGE_CURVE('',#4563,#4563,#4013,.T.);
#5276=EDGE_CURVE('',#4564,#4564,#4014,.T.);
#5277=EDGE_CURVE('',#4564,#4565,#2814,.T.);
#5278=EDGE_CURVE('',#4565,#4565,#4015,.T.);
#5279=EDGE_CURVE('',#4566,#4566,#4016,.T.);
#5280=EDGE_CURVE('',#4566,#4567,#2815,.T.);
#5281=EDGE_CURVE('',#4567,#4567,#4017,.T.);
#5282=EDGE_CURVE('',#4568,#4568,#4018,.T.);
#5283=EDGE_CURVE('',#4568,#4569,#2816,.T.);
#5284=EDGE_CURVE('',#4569,#4569,#4019,.T.);
#5285=EDGE_CURVE('',#4570,#4570,#4020,.T.);
#5286=EDGE_CURVE('',#4570,#4571,#2817,.T.);
#5287=EDGE_CURVE('',#4571,#4571,#4021,.T.);
#5288=EDGE_CURVE('',#4572,#4572,#4022,.T.);
#5289=EDGE_CURVE('',#4572,#4573,#2818,.T.);
#5290=EDGE_CURVE('',#4573,#4573,#4023,.T.);
#5291=EDGE_CURVE('',#4574,#4574,#4024,.T.);
#5292=EDGE_CURVE('',#4574,#4575,#2819,.T.);
#5293=EDGE_CURVE('',#4575,#4575,#4025,.T.);
#5294=EDGE_CURVE('',#4576,#4576,#4026,.T.);
#5295=EDGE_CURVE('',#4576,#4577,#2820,.T.);
#5296=EDGE_CURVE('',#4577,#4577,#4027,.T.);
#5297=EDGE_CURVE('',#4578,#4578,#4028,.T.);
#5298=EDGE_CURVE('',#4578,#4579,#2821,.T.);
#5299=EDGE_CURVE('',#4579,#4579,#4029,.T.);
#5300=EDGE_CURVE('',#4580,#4580,#4030,.T.);
#5301=EDGE_CURVE('',#4580,#4581,#2822,.T.);
#5302=EDGE_CURVE('',#4581,#4581,#4031,.T.);
#5303=EDGE_CURVE('',#4582,#4582,#4032,.T.);
#5304=EDGE_CURVE('',#4582,#4583,#2823,.T.);
#5305=EDGE_CURVE('',#4583,#4583,#4033,.T.);
#5306=EDGE_CURVE('',#4584,#4584,#4034,.T.);
#5307=EDGE_CURVE('',#4584,#4585,#2824,.T.);
#5308=EDGE_CURVE('',#4585,#4585,#4035,.T.);
#5309=EDGE_CURVE('',#4586,#4586,#4036,.T.);
#5310=EDGE_CURVE('',#4586,#4587,#2825,.T.);
#5311=EDGE_CURVE('',#4587,#4587,#4037,.T.);
#5312=EDGE_CURVE('',#4588,#4588,#4038,.T.);
#5313=EDGE_CURVE('',#4588,#4589,#2826,.T.);
#5314=EDGE_CURVE('',#4589,#4589,#4039,.T.);
#5315=EDGE_CURVE('',#4590,#4590,#4040,.T.);
#5316=EDGE_CURVE('',#4590,#4591,#2827,.T.);
#5317=EDGE_CURVE('',#4591,#4591,#4041,.T.);
#5318=EDGE_CURVE('',#4592,#4592,#4042,.T.);
#5319=EDGE_CURVE('',#4592,#4593,#2828,.T.);
#5320=EDGE_CURVE('',#4593,#4593,#4043,.T.);
#5321=EDGE_CURVE('',#4594,#4594,#4044,.T.);
#5322=EDGE_CURVE('',#4594,#4595,#2829,.T.);
#5323=EDGE_CURVE('',#4595,#4595,#4045,.T.);
#5324=EDGE_CURVE('',#4596,#4596,#4046,.T.);
#5325=EDGE_CURVE('',#4596,#4597,#2830,.T.);
#5326=EDGE_CURVE('',#4597,#4597,#4047,.T.);
#5327=EDGE_CURVE('',#4598,#4598,#4048,.T.);
#5328=EDGE_CURVE('',#4598,#4599,#2831,.T.);
#5329=EDGE_CURVE('',#4599,#4599,#4049,.T.);
#5330=EDGE_CURVE('',#4600,#4600,#4050,.T.);
#5331=EDGE_CURVE('',#4600,#4601,#2832,.T.);
#5332=EDGE_CURVE('',#4601,#4601,#4051,.T.);
#5333=EDGE_CURVE('',#4602,#4602,#4052,.T.);
#5334=EDGE_CURVE('',#4602,#4603,#2833,.T.);
#5335=EDGE_CURVE('',#4603,#4603,#4053,.T.);
#5336=EDGE_CURVE('',#4604,#4604,#4054,.T.);
#5337=EDGE_CURVE('',#4604,#4605,#2834,.T.);
#5338=EDGE_CURVE('',#4605,#4605,#4055,.T.);
#5339=EDGE_CURVE('',#4606,#4606,#4056,.T.);
#5340=EDGE_CURVE('',#4606,#4607,#2835,.T.);
#5341=EDGE_CURVE('',#4607,#4607,#4057,.T.);
#5342=EDGE_CURVE('',#4608,#4608,#4058,.T.);
#5343=EDGE_CURVE('',#4608,#4609,#2836,.T.);
#5344=EDGE_CURVE('',#4609,#4609,#4059,.T.);
#5345=EDGE_CURVE('',#4610,#4610,#4060,.T.);
#5346=EDGE_CURVE('',#4610,#4611,#2837,.T.);
#5347=EDGE_CURVE('',#4611,#4611,#4061,.T.);
#5348=EDGE_CURVE('',#4612,#4612,#4062,.T.);
#5349=EDGE_CURVE('',#4612,#4613,#2838,.T.);
#5350=EDGE_CURVE('',#4613,#4613,#4063,.T.);
#5351=EDGE_CURVE('',#4614,#4614,#4064,.T.);
#5352=EDGE_CURVE('',#4614,#4615,#2839,.T.);
#5353=EDGE_CURVE('',#4615,#4615,#4065,.T.);
#5354=EDGE_CURVE('',#4616,#4616,#4066,.T.);
#5355=EDGE_CURVE('',#4616,#4617,#2840,.T.);
#5356=EDGE_CURVE('',#4617,#4617,#4067,.T.);
#5357=EDGE_CURVE('',#4618,#4618,#4068,.T.);
#5358=EDGE_CURVE('',#4618,#4619,#2841,.T.);
#5359=EDGE_CURVE('',#4619,#4619,#4069,.T.);
#5360=EDGE_CURVE('',#4620,#4620,#4070,.T.);
#5361=EDGE_CURVE('',#4620,#4621,#2842,.T.);
#5362=EDGE_CURVE('',#4621,#4621,#4071,.T.);
#5363=EDGE_CURVE('',#4622,#4622,#4072,.T.);
#5364=EDGE_CURVE('',#4622,#4623,#2843,.T.);
#5365=EDGE_CURVE('',#4623,#4623,#4073,.T.);
#5366=EDGE_CURVE('',#4624,#4624,#4074,.T.);
#5367=EDGE_CURVE('',#4624,#4625,#2844,.T.);
#5368=EDGE_CURVE('',#4625,#4625,#4075,.T.);
#5369=EDGE_CURVE('',#4626,#4626,#4076,.T.);
#5370=EDGE_CURVE('',#4626,#4627,#2845,.T.);
#5371=EDGE_CURVE('',#4627,#4627,#4077,.T.);
#5372=EDGE_CURVE('',#4628,#4628,#4078,.T.);
#5373=EDGE_CURVE('',#4628,#4629,#2846,.T.);
#5374=EDGE_CURVE('',#4629,#4629,#4079,.T.);
#5375=EDGE_CURVE('',#4630,#4630,#4080,.T.);
#5376=EDGE_CURVE('',#4630,#4631,#2847,.T.);
#5377=EDGE_CURVE('',#4631,#4631,#4081,.T.);
#5378=EDGE_CURVE('',#4632,#4632,#4082,.T.);
#5379=EDGE_CURVE('',#4632,#4633,#2848,.T.);
#5380=EDGE_CURVE('',#4633,#4633,#4083,.T.);
#5381=EDGE_CURVE('',#4634,#4634,#4084,.T.);
#5382=EDGE_CURVE('',#4634,#4635,#2849,.T.);
#5383=EDGE_CURVE('',#4635,#4635,#4085,.T.);
#5384=EDGE_CURVE('',#4636,#4636,#4086,.T.);
#5385=EDGE_CURVE('',#4636,#4637,#2850,.T.);
#5386=EDGE_CURVE('',#4637,#4637,#4087,.T.);
#5387=EDGE_CURVE('',#4638,#4638,#4088,.T.);
#5388=EDGE_CURVE('',#4638,#4639,#2851,.T.);
#5389=EDGE_CURVE('',#4639,#4639,#4089,.T.);
#5390=EDGE_CURVE('',#4640,#4640,#4090,.T.);
#5391=EDGE_CURVE('',#4640,#4641,#2852,.T.);
#5392=EDGE_CURVE('',#4641,#4641,#4091,.T.);
#5393=EDGE_CURVE('',#4642,#4642,#4092,.T.);
#5394=EDGE_CURVE('',#4642,#4643,#2853,.T.);
#5395=EDGE_CURVE('',#4643,#4643,#4093,.T.);
#5396=EDGE_CURVE('',#4644,#4644,#4094,.T.);
#5397=EDGE_CURVE('',#4644,#4645,#2854,.T.);
#5398=EDGE_CURVE('',#4645,#4645,#4095,.T.);
#5399=EDGE_CURVE('',#4646,#4646,#4096,.T.);
#5400=EDGE_CURVE('',#4646,#4647,#2855,.T.);
#5401=EDGE_CURVE('',#4647,#4647,#4097,.T.);
#5402=EDGE_CURVE('',#4648,#4648,#4098,.T.);
#5403=EDGE_CURVE('',#4648,#4649,#2856,.T.);
#5404=EDGE_CURVE('',#4649,#4649,#4099,.T.);
#5405=EDGE_CURVE('',#4650,#4650,#4100,.T.);
#5406=EDGE_CURVE('',#4650,#4651,#2857,.T.);
#5407=EDGE_CURVE('',#4651,#4651,#4101,.T.);
#5408=EDGE_CURVE('',#4652,#4652,#4102,.T.);
#5409=EDGE_CURVE('',#4652,#4653,#2858,.T.);
#5410=EDGE_CURVE('',#4653,#4653,#4103,.T.);
#5411=EDGE_CURVE('',#4654,#4654,#4104,.T.);
#5412=EDGE_CURVE('',#4654,#4655,#2859,.T.);
#5413=EDGE_CURVE('',#4655,#4655,#4105,.T.);
#5414=EDGE_CURVE('',#4656,#4656,#4106,.T.);
#5415=EDGE_CURVE('',#4656,#4657,#2860,.T.);
#5416=EDGE_CURVE('',#4657,#4657,#4107,.T.);
#5417=EDGE_CURVE('',#4658,#4658,#4108,.T.);
#5418=EDGE_CURVE('',#4658,#4659,#2861,.T.);
#5419=EDGE_CURVE('',#4659,#4659,#4109,.T.);
#5420=EDGE_CURVE('',#4660,#4660,#4110,.T.);
#5421=EDGE_CURVE('',#4660,#4661,#2862,.T.);
#5422=EDGE_CURVE('',#4661,#4661,#4111,.T.);
#5423=EDGE_CURVE('',#4662,#4662,#4112,.T.);
#5424=EDGE_CURVE('',#4662,#4663,#2863,.T.);
#5425=EDGE_CURVE('',#4663,#4663,#4113,.T.);
#5426=EDGE_CURVE('',#4664,#4664,#4114,.T.);
#5427=EDGE_CURVE('',#4664,#4665,#2864,.T.);
#5428=EDGE_CURVE('',#4665,#4665,#4115,.T.);
#5429=EDGE_CURVE('',#4666,#4666,#4116,.T.);
#5430=EDGE_CURVE('',#4666,#4667,#2865,.T.);
#5431=EDGE_CURVE('',#4667,#4667,#4117,.T.);
#5432=EDGE_CURVE('',#4668,#4668,#4118,.T.);
#5433=EDGE_CURVE('',#4668,#4669,#2866,.T.);
#5434=EDGE_CURVE('',#4669,#4669,#4119,.T.);
#5435=EDGE_CURVE('',#4670,#4670,#4120,.T.);
#5436=EDGE_CURVE('',#4670,#4671,#2867,.T.);
#5437=EDGE_CURVE('',#4671,#4671,#4121,.T.);
#5438=EDGE_CURVE('',#4672,#4672,#4122,.T.);
#5439=EDGE_CURVE('',#4672,#4673,#2868,.T.);
#5440=EDGE_CURVE('',#4673,#4673,#4123,.T.);
#5441=EDGE_CURVE('',#4674,#4675,#2869,.T.);
#5442=EDGE_CURVE('',#4674,#4676,#2870,.T.);
#5443=EDGE_CURVE('',#4676,#4677,#2871,.T.);
#5444=EDGE_CURVE('',#4675,#4677,#2872,.T.);
#5445=EDGE_CURVE('',#4675,#4678,#4124,.T.);
#5446=EDGE_CURVE('',#4679,#4678,#2873,.T.);
#5447=EDGE_CURVE('',#4679,#4674,#4125,.T.);
#5448=EDGE_CURVE('',#4680,#4675,#2874,.T.);
#5449=EDGE_CURVE('',#4680,#4681,#1349,.T.);
#5450=EDGE_CURVE('',#4678,#4681,#2875,.T.);
#5451=EDGE_CURVE('',#4682,#4683,#4126,.T.);
#5452=EDGE_CURVE('',#4684,#4683,#2876,.T.);
#5453=EDGE_CURVE('',#4684,#4685,#4127,.T.);
#5454=EDGE_CURVE('',#4682,#4685,#2877,.T.);
#5455=EDGE_CURVE('',#4684,#4686,#2878,.T.);
#5456=EDGE_CURVE('',#4686,#4687,#1350,.T.);
#5457=EDGE_CURVE('',#4687,#4685,#2879,.T.);
#5458=EDGE_CURVE('',#4688,#4689,#4128,.T.);
#5459=EDGE_CURVE('',#4688,#4690,#2880,.T.);
#5460=EDGE_CURVE('',#4690,#4691,#4129,.T.);
#5461=EDGE_CURVE('',#4691,#4689,#2881,.T.);
#5462=EDGE_CURVE('',#4692,#4693,#4130,.T.);
#5463=EDGE_CURVE('',#4691,#4692,#2882,.T.);
#5464=EDGE_CURVE('',#4693,#4690,#2883,.T.);
#5465=EDGE_CURVE('',#4686,#4694,#2884,.T.);
#5466=EDGE_CURVE('',#4695,#4684,#2885,.T.);
#5467=EDGE_CURVE('',#4696,#4695,#2886,.T.);
#5468=EDGE_CURVE('',#4697,#4696,#2887,.T.);
#5469=EDGE_CURVE('',#4698,#4697,#4131,.T.);
#5470=EDGE_CURVE('',#4699,#4698,#2888,.T.);
#5471=EDGE_CURVE('',#4700,#4699,#2889,.T.);
#5472=EDGE_CURVE('',#4690,#4700,#2890,.T.);
#5473=EDGE_CURVE('',#4701,#4688,#2891,.T.);
#5474=EDGE_CURVE('',#4702,#4701,#2892,.T.);
#5475=EDGE_CURVE('',#4703,#4702,#2893,.T.);
#5476=EDGE_CURVE('',#4694,#4703,#4132,.T.);
#5477=EDGE_CURVE('',#4704,#4704,#4133,.T.);
#5478=EDGE_CURVE('',#4705,#4705,#4134,.T.);
#5479=EDGE_CURVE('',#4706,#4706,#4135,.T.);
#5480=EDGE_CURVE('',#4707,#4707,#4136,.T.);
#5481=EDGE_CURVE('',#4707,#4704,#2894,.T.);
#5482=EDGE_CURVE('',#4708,#4709,#2895,.T.);
#5483=EDGE_CURVE('',#4709,#4710,#4137,.T.);
#5484=EDGE_CURVE('',#4710,#4711,#2896,.T.);
#5485=EDGE_CURVE('',#4711,#4712,#2897,.T.);
#5486=EDGE_CURVE('',#4712,#4713,#2898,.T.);
#5487=EDGE_CURVE('',#4713,#4693,#2899,.T.);
#5488=EDGE_CURVE('',#4693,#4714,#2900,.T.);
#5489=EDGE_CURVE('',#4714,#4715,#2901,.T.);
#5490=EDGE_CURVE('',#4715,#4716,#2902,.T.);
#5491=EDGE_CURVE('',#4716,#4717,#4138,.T.);
#5492=EDGE_CURVE('',#4717,#4718,#2903,.T.);
#5493=EDGE_CURVE('',#4718,#4719,#2904,.T.);
#5494=EDGE_CURVE('',#4719,#4683,#2905,.T.);
#5495=EDGE_CURVE('',#4683,#4708,#2906,.T.);
#5496=EDGE_CURVE('',#4720,#4720,#4139,.T.);
#5497=EDGE_CURVE('',#4721,#4721,#4140,.T.);
#5498=EDGE_CURVE('',#4720,#4705,#2907,.T.);
#5499=EDGE_CURVE('',#4722,#4718,#1351,.T.);
#5500=EDGE_CURVE('',#4723,#4722,#2908,.T.);
#5501=EDGE_CURVE('',#4723,#4719,#4141,.T.);
#5502=EDGE_CURVE('',#4724,#4722,#1352,.T.);
#5503=EDGE_CURVE('',#4722,#4725,#2909,.T.);
#5504=EDGE_CURVE('',#4726,#4725,#1353,.T.);
#5505=EDGE_CURVE('',#4724,#4726,#2910,.T.);
#5506=EDGE_CURVE('',#4727,#4724,#2911,.T.);
#5507=EDGE_CURVE('',#4727,#4728,#4142,.T.);
#5508=EDGE_CURVE('',#4722,#4728,#2912,.T.);
#5509=EDGE_CURVE('',#4728,#4729,#2913,.T.);
#5510=EDGE_CURVE('',#4729,#4730,#4143,.T.);
#5511=EDGE_CURVE('',#4730,#4723,#2914,.T.);
#5512=EDGE_CURVE('',#4731,#4731,#4144,.T.);
#5513=EDGE_CURVE('',#4732,#4732,#4145,.T.);
#5514=EDGE_CURVE('',#4733,#4733,#4146,.T.);
#5515=EDGE_CURVE('',#4733,#4734,#2915,.T.);
#5516=EDGE_CURVE('',#4734,#4734,#4147,.T.);
#5517=EDGE_CURVE('',#4735,#4729,#2916,.T.);
#5518=EDGE_CURVE('',#4735,#4736,#4148,.T.);
#5519=EDGE_CURVE('',#4736,#4730,#2917,.T.);
#5520=EDGE_CURVE('',#4700,#4714,#2918,.T.);
#5521=EDGE_CURVE('',#4697,#4717,#2919,.T.);
#5522=EDGE_CURVE('',#4696,#4718,#2920,.T.);
#5523=EDGE_CURVE('',#4701,#4712,#2921,.T.);
#5524=EDGE_CURVE('',#4688,#4713,#2922,.T.);
#5525=EDGE_CURVE('',#4703,#4710,#2923,.T.);
#5526=EDGE_CURVE('',#4702,#4711,#2924,.T.);
#5527=EDGE_CURVE('',#4736,#4737,#2925,.T.);
#5528=EDGE_CURVE('',#4737,#4723,#2926,.T.);
#5529=EDGE_CURVE('',#4738,#4727,#2927,.T.);
#5530=EDGE_CURVE('',#4739,#4738,#4149,.T.);
#5531=EDGE_CURVE('',#4739,#4728,#2928,.T.);
#5532=EDGE_CURVE('',#4740,#4691,#2929,.T.);
#5533=EDGE_CURVE('',#4741,#4740,#4150,.T.);
#5534=EDGE_CURVE('',#4742,#4741,#2930,.T.);
#5535=EDGE_CURVE('',#4742,#4743,#4151,.T.);
#5536=EDGE_CURVE('',#4744,#4743,#2931,.T.);
#5537=EDGE_CURVE('',#4745,#4744,#4152,.T.);
#5538=EDGE_CURVE('',#4746,#4745,#2932,.T.);
#5539=EDGE_CURVE('',#4747,#4746,#4153,.T.);
#5540=EDGE_CURVE('',#4748,#4747,#2933,.T.);
#5541=EDGE_CURVE('',#4748,#4749,#4154,.T.);
#5542=EDGE_CURVE('',#4750,#4749,#2934,.T.);
#5543=EDGE_CURVE('',#4751,#4750,#4155,.T.);
#5544=EDGE_CURVE('',#4689,#4751,#2935,.T.);
#5545=EDGE_CURVE('',#4752,#4752,#4156,.T.);
#5546=EDGE_CURVE('',#4751,#4753,#2936,.T.);
#5547=EDGE_CURVE('',#4750,#4754,#2937,.T.);
#5548=EDGE_CURVE('',#4753,#4754,#4157,.T.);
#5549=EDGE_CURVE('',#4748,#4755,#2938,.T.);
#5550=EDGE_CURVE('',#4755,#4756,#4158,.T.);
#5551=EDGE_CURVE('',#4749,#4756,#2939,.T.);
#5552=EDGE_CURVE('',#4744,#4757,#2940,.T.);
#5553=EDGE_CURVE('',#4743,#4758,#2941,.T.);
#5554=EDGE_CURVE('',#4757,#4758,#2942,.T.);
#5555=EDGE_CURVE('',#4742,#4759,#2943,.T.);
#5556=EDGE_CURVE('',#4741,#4760,#2944,.T.);
#5557=EDGE_CURVE('',#4759,#4760,#2945,.T.);
#5558=EDGE_CURVE('',#4761,#4761,#4159,.T.);
#5559=EDGE_CURVE('',#4761,#4752,#2946,.T.);
#5560=EDGE_CURVE('',#4694,#4709,#2947,.T.);
#5561=EDGE_CURVE('',#4695,#4737,#4160,.T.);
#5562=EDGE_CURVE('',#4695,#4719,#2948,.T.);
#5563=EDGE_CURVE('',#4698,#4716,#2949,.T.);
#5564=EDGE_CURVE('',#4762,#4680,#2950,.T.);
#5565=EDGE_CURVE('',#4687,#4762,#1354,.T.);
#5566=EDGE_CURVE('',#4687,#4681,#2951,.T.);
#5567=EDGE_CURVE('',#4681,#4708,#1355,.T.);
#5568=EDGE_CURVE('',#4686,#4708,#2952,.T.);
#5569=EDGE_CURVE('',#4740,#4763,#2953,.T.);
#5570=EDGE_CURVE('',#4760,#4763,#4161,.T.);
#5571=EDGE_CURVE('',#4726,#4764,#2954,.T.);
#5572=EDGE_CURVE('',#4764,#4765,#2955,.T.);
#5573=EDGE_CURVE('',#4724,#4765,#2956,.T.);
#5574=EDGE_CURVE('',#4764,#4766,#4162,.T.);
#5575=EDGE_CURVE('',#4766,#4767,#2957,.T.);
#5576=EDGE_CURVE('',#4765,#4767,#4163,.T.);
#5577=EDGE_CURVE('',#4679,#4687,#2958,.T.);
#5578=EDGE_CURVE('',#4768,#4679,#2959,.T.);
#5579=EDGE_CURVE('',#4769,#4768,#4164,.T.);
#5580=EDGE_CURVE('',#4685,#4769,#2960,.T.);
#5581=EDGE_CURVE('',#4770,#4770,#4165,.T.);
#5582=EDGE_CURVE('',#4771,#4771,#4166,.T.);
#5583=EDGE_CURVE('',#4772,#4772,#4167,.T.);
#5584=EDGE_CURVE('',#4769,#4773,#2961,.T.);
#5585=EDGE_CURVE('',#4768,#4774,#2962,.T.);
#5586=EDGE_CURVE('',#4773,#4774,#4168,.T.);
#5587=EDGE_CURVE('',#4775,#4775,#4169,.T.);
#5588=EDGE_CURVE('',#4775,#4772,#2963,.T.);
#5589=EDGE_CURVE('',#4725,#4696,#1356,.T.);
#5590=EDGE_CURVE('',#4732,#4776,#2964,.T.);
#5591=EDGE_CURVE('',#4776,#4776,#4170,.T.);
#5592=EDGE_CURVE('',#4774,#4678,#2965,.T.);
#5593=EDGE_CURVE('',#4777,#4713,#4171,.T.);
#5594=EDGE_CURVE('',#4777,#4689,#2966,.T.);
#5595=EDGE_CURVE('',#4778,#4778,#4172,.T.);
#5596=EDGE_CURVE('',#4778,#4770,#2967,.T.);
#5597=EDGE_CURVE('',#4777,#4753,#2968,.T.);
#5598=EDGE_CURVE('',#4721,#4706,#2969,.T.);
#5599=EDGE_CURVE('',#4682,#4773,#2970,.T.);
#5600=EDGE_CURVE('',#4759,#4758,#4173,.T.);
#5601=EDGE_CURVE('',#4745,#4779,#2971,.T.);
#5602=EDGE_CURVE('',#4779,#4757,#4174,.T.);
#5603=EDGE_CURVE('',#4767,#4780,#2972,.T.);
#5604=EDGE_CURVE('',#4780,#4781,#4175,.T.);
#5605=EDGE_CURVE('',#4781,#4727,#2973,.T.);
#5606=EDGE_CURVE('',#4782,#4782,#4176,.T.);
#5607=EDGE_CURVE('',#4783,#4783,#4177,.T.);
#5608=EDGE_CURVE('',#4784,#4780,#2974,.T.);
#5609=EDGE_CURVE('',#4784,#4785,#4178,.T.);
#5610=EDGE_CURVE('',#4785,#4781,#2975,.T.);
#5611=EDGE_CURVE('',#4783,#4786,#2976,.T.);
#5612=EDGE_CURVE('',#4786,#4786,#4179,.T.);
#5613=EDGE_CURVE('',#4737,#4725,#2977,.T.);
#5614=EDGE_CURVE('',#4739,#4735,#2978,.T.);
#5615=EDGE_CURVE('',#4725,#4739,#2979,.T.);
#5616=EDGE_CURVE('',#4787,#4787,#4180,.T.);
#5617=EDGE_CURVE('',#4747,#4788,#2980,.T.);
#5618=EDGE_CURVE('',#4755,#4788,#2981,.T.);
#5619=EDGE_CURVE('',#4789,#4790,#2982,.T.);
#5620=EDGE_CURVE('',#4789,#4762,#2983,.T.);
#5621=EDGE_CURVE('',#4790,#4680,#2984,.T.);
#5622=EDGE_CURVE('',#4782,#4791,#2985,.T.);
#5623=EDGE_CURVE('',#4791,#4791,#4181,.T.);
#5624=EDGE_CURVE('',#4738,#4726,#2986,.T.);
#5625=EDGE_CURVE('',#4785,#4738,#2987,.T.);
#5626=EDGE_CURVE('',#4766,#4784,#2988,.T.);
#5627=EDGE_CURVE('',#4681,#4682,#2989,.T.);
#5628=EDGE_CURVE('',#4792,#4792,#4182,.T.);
#5629=EDGE_CURVE('',#4699,#4715,#2990,.T.);
#5630=EDGE_CURVE('',#4676,#4793,#4183,.T.);
#5631=EDGE_CURVE('',#4793,#4794,#2991,.T.);
#5632=EDGE_CURVE('',#4677,#4794,#4184,.T.);
#5633=EDGE_CURVE('',#4793,#4795,#2992,.T.);
#5634=EDGE_CURVE('',#4795,#4796,#2993,.T.);
#5635=EDGE_CURVE('',#4794,#4796,#2994,.T.);
#5636=EDGE_CURVE('',#4792,#4771,#2995,.T.);
#5637=EDGE_CURVE('',#4746,#4797,#2996,.T.);
#5638=EDGE_CURVE('',#4788,#4797,#4185,.T.);
#5639=EDGE_CURVE('',#4797,#4779,#2997,.T.);
#5640=EDGE_CURVE('',#4692,#4777,#2998,.T.);
#5641=EDGE_CURVE('',#4754,#4756,#2999,.T.);
#5642=EDGE_CURVE('',#4763,#4692,#3000,.T.);
#5643=EDGE_CURVE('',#4762,#4674,#3001,.T.);
#5644=EDGE_CURVE('',#4731,#4787,#3002,.T.);
#5645=EDGE_CURVE('',#4795,#4789,#4186,.T.);
#5646=EDGE_CURVE('',#4798,#4798,#4187,.T.);
#5647=EDGE_CURVE('',#4799,#4799,#4188,.T.);
#5648=EDGE_CURVE('',#4800,#4800,#4189,.T.);
#5649=EDGE_CURVE('',#4800,#4798,#3003,.T.);
#5650=EDGE_CURVE('',#4801,#4801,#4190,.T.);
#5651=EDGE_CURVE('',#4801,#4799,#3004,.T.);
#5652=EDGE_CURVE('',#4796,#4790,#4191,.T.);
#5653=EDGE_CURVE('',#4802,#4803,#4270,.T.);
#5654=EDGE_CURVE('',#4804,#4802,#3005,.T.);
#5655=EDGE_CURVE('',#4804,#4805,#4271,.T.);
#5656=EDGE_CURVE('',#4803,#4805,#3006,.T.);
#5657=EDGE_CURVE('',#4806,#4803,#3007,.T.);
#5658=EDGE_CURVE('',#4806,#4807,#4272,.T.);
#5659=EDGE_CURVE('',#4802,#4807,#3008,.T.);
#5660=EDGE_CURVE('',#4808,#4803,#3009,.T.);
#5661=EDGE_CURVE('',#4805,#4809,#3010,.T.);
#5662=EDGE_CURVE('',#4809,#4808,#3011,.T.);
#5663=EDGE_CURVE('',#4810,#4810,#4273,.T.);
#5664=EDGE_CURVE('',#4811,#4811,#4274,.T.);
#5665=EDGE_CURVE('',#4812,#4812,#4275,.T.);
#5666=EDGE_CURVE('',#4811,#4813,#3012,.T.);
#5667=EDGE_CURVE('',#4813,#4813,#4276,.T.);
#5668=EDGE_CURVE('',#4810,#4814,#3013,.T.);
#5669=EDGE_CURVE('',#4814,#4814,#4277,.T.);
#5670=EDGE_CURVE('',#4812,#4815,#3014,.T.);
#5671=EDGE_CURVE('',#4815,#4815,#4278,.T.);
#5672=EDGE_CURVE('',#4802,#4816,#3015,.T.);
#5673=EDGE_CURVE('',#4816,#4817,#4279,.T.);
#5674=EDGE_CURVE('',#4817,#4818,#3016,.T.);
#5675=EDGE_CURVE('',#4818,#4819,#4280,.T.);
#5676=EDGE_CURVE('',#4819,#4804,#3017,.T.);
#5677=EDGE_CURVE('',#4820,#4820,#4281,.T.);
#5678=EDGE_CURVE('',#4821,#4821,#4282,.T.);
#5679=EDGE_CURVE('',#4822,#4822,#4283,.T.);
#5680=EDGE_CURVE('',#4823,#4819,#3018,.T.);
#5681=EDGE_CURVE('',#4823,#4824,#3019,.T.);
#5682=EDGE_CURVE('',#4824,#4804,#3020,.T.);
#5683=EDGE_CURVE('',#4808,#4825,#3021,.T.);
#5684=EDGE_CURVE('',#4825,#4806,#3022,.T.);
#5685=EDGE_CURVE('',#4826,#4817,#3023,.T.);
#5686=EDGE_CURVE('',#4826,#4827,#3024,.T.);
#5687=EDGE_CURVE('',#4827,#4818,#3025,.T.);
#5688=EDGE_CURVE('',#4805,#4828,#3026,.T.);
#5689=EDGE_CURVE('',#4828,#4829,#3027,.T.);
#5690=EDGE_CURVE('',#4829,#4809,#3028,.T.);
#5691=EDGE_CURVE('',#4830,#4809,#4284,.T.);
#5692=EDGE_CURVE('',#4831,#4830,#3029,.T.);
#5693=EDGE_CURVE('',#4831,#4808,#4285,.T.);
#5694=EDGE_CURVE('',#4832,#4833,#3030,.T.);
#5695=EDGE_CURVE('',#4834,#4832,#3031,.T.);
#5696=EDGE_CURVE('',#4835,#4834,#4286,.T.);
#5697=EDGE_CURVE('',#4836,#4835,#3032,.T.);
#5698=EDGE_CURVE('',#4837,#4836,#4287,.T.);
#5699=EDGE_CURVE('',#4833,#4837,#3033,.T.);
#5700=EDGE_CURVE('',#4838,#4838,#4288,.T.);
#5701=EDGE_CURVE('',#4839,#4839,#4289,.T.);
#5702=EDGE_CURVE('',#4840,#4840,#4290,.T.);
#5703=EDGE_CURVE('',#4829,#4833,#4291,.T.);
#5704=EDGE_CURVE('',#4829,#4825,#3034,.T.);
#5705=EDGE_CURVE('',#4825,#4832,#4292,.T.);
#5706=EDGE_CURVE('',#4841,#4841,#4293,.T.);
#5707=EDGE_CURVE('',#4841,#4839,#3035,.T.);
#5708=EDGE_CURVE('',#4842,#4842,#4294,.T.);
#5709=EDGE_CURVE('',#4842,#4840,#3036,.T.);
#5710=EDGE_CURVE('',#4836,#4843,#3037,.T.);
#5711=EDGE_CURVE('',#4835,#4844,#3038,.T.);
#5712=EDGE_CURVE('',#4843,#4844,#3039,.T.);
#5713=EDGE_CURVE('',#4830,#4845,#3040,.T.);
#5714=EDGE_CURVE('',#4845,#4843,#4295,.T.);
#5715=EDGE_CURVE('',#4844,#4846,#4296,.T.);
#5716=EDGE_CURVE('',#4846,#4831,#3041,.T.);
#5717=EDGE_CURVE('',#4847,#4847,#4297,.T.);
#5718=EDGE_CURVE('',#4834,#4846,#3042,.T.);
#5719=EDGE_CURVE('',#4832,#4831,#3043,.T.);
#5720=EDGE_CURVE('',#4830,#4833,#3044,.T.);
#5721=EDGE_CURVE('',#4837,#4845,#3045,.T.);
#5722=EDGE_CURVE('',#4806,#4828,#3046,.T.);
#5723=EDGE_CURVE('',#4828,#4824,#4298,.T.);
#5724=EDGE_CURVE('',#4820,#4848,#3047,.T.);
#5725=EDGE_CURVE('',#4848,#4848,#4299,.T.);
#5726=EDGE_CURVE('',#4849,#4816,#3048,.T.);
#5727=EDGE_CURVE('',#4849,#4826,#4300,.T.);
#5728=EDGE_CURVE('',#4827,#4823,#4301,.T.);
#5729=EDGE_CURVE('',#4824,#4807,#3049,.T.);
#5730=EDGE_CURVE('',#4807,#4849,#3050,.T.);
#5731=EDGE_CURVE('',#4850,#4850,#4302,.T.);
#5732=EDGE_CURVE('',#4851,#4851,#4303,.T.);
#5733=EDGE_CURVE('',#4821,#4850,#3051,.T.);
#5734=EDGE_CURVE('',#4847,#4838,#3052,.T.);
#5735=EDGE_CURVE('',#4822,#4851,#3053,.T.);
#5736=EDGE_CURVE('',#4852,#4852,#4304,.T.);
#5737=EDGE_CURVE('',#4852,#4853,#3054,.T.);
#5738=EDGE_CURVE('',#4853,#4853,#4305,.T.);
#5739=EDGE_CURVE('',#4854,#4854,#4306,.T.);
#5740=EDGE_CURVE('',#4854,#4855,#3055,.T.);
#5741=EDGE_CURVE('',#4855,#4855,#4307,.T.);
#5742=EDGE_CURVE('',#4856,#4856,#4308,.T.);
#5743=EDGE_CURVE('',#4856,#4857,#3056,.T.);
#5744=EDGE_CURVE('',#4857,#4857,#4309,.T.);
#5745=EDGE_CURVE('',#4858,#4858,#4310,.T.);
#5746=EDGE_CURVE('',#4858,#4859,#3057,.T.);
#5747=EDGE_CURVE('',#4859,#4859,#4311,.T.);
#5748=EDGE_CURVE('',#4860,#4860,#4312,.T.);
#5749=EDGE_CURVE('',#4860,#4861,#3058,.T.);
#5750=EDGE_CURVE('',#4861,#4861,#4313,.T.);
#5751=EDGE_CURVE('',#4862,#4862,#4314,.T.);
#5752=EDGE_CURVE('',#4862,#4863,#3059,.T.);
#5753=EDGE_CURVE('',#4863,#4863,#4315,.T.);
#5754=EDGE_CURVE('',#4864,#4864,#4316,.T.);
#5755=EDGE_CURVE('',#4864,#4865,#3060,.T.);
#5756=EDGE_CURVE('',#4865,#4865,#4317,.T.);
#5757=EDGE_CURVE('',#4866,#4866,#4318,.T.);
#5758=EDGE_CURVE('',#4866,#4867,#3061,.T.);
#5759=EDGE_CURVE('',#4867,#4867,#4319,.T.);
#5760=EDGE_CURVE('',#4868,#4868,#4320,.T.);
#5761=EDGE_CURVE('',#4868,#4869,#3062,.T.);
#5762=EDGE_CURVE('',#4869,#4869,#4321,.T.);
#5763=EDGE_CURVE('',#4870,#4870,#4322,.T.);
#5764=EDGE_CURVE('',#4870,#4871,#3063,.T.);
#5765=EDGE_CURVE('',#4871,#4871,#4323,.T.);
#5766=EDGE_CURVE('',#4872,#4873,#3064,.T.);
#5767=EDGE_CURVE('',#4874,#4872,#3065,.T.);
#5768=EDGE_CURVE('',#4875,#4874,#3066,.T.);
#5769=EDGE_CURVE('',#4875,#4873,#3067,.T.);
#5770=EDGE_CURVE('',#4873,#4876,#3068,.T.);
#5771=EDGE_CURVE('',#4877,#4875,#3069,.T.);
#5772=EDGE_CURVE('',#4877,#4876,#3070,.T.);
#5773=EDGE_CURVE('',#4876,#4878,#3071,.T.);
#5774=EDGE_CURVE('',#4879,#4877,#3072,.T.);
#5775=EDGE_CURVE('',#4879,#4878,#3073,.T.);
#5776=EDGE_CURVE('',#4878,#4872,#3074,.T.);
#5777=EDGE_CURVE('',#4874,#4879,#3075,.T.);
#5778=EDGE_CURVE('',#4880,#4880,#4324,.T.);
#5779=EDGE_CURVE('',#4880,#4881,#3076,.T.);
#5780=EDGE_CURVE('',#4881,#4881,#4325,.T.);
#5781=EDGE_CURVE('',#4882,#4882,#4326,.T.);
#5782=EDGE_CURVE('',#4882,#4883,#3077,.T.);
#5783=EDGE_CURVE('',#4883,#4883,#4327,.T.);
#5784=EDGE_CURVE('',#4884,#4884,#4328,.T.);
#5785=EDGE_CURVE('',#4884,#4885,#3078,.T.);
#5786=EDGE_CURVE('',#4885,#4885,#4329,.T.);
#5787=EDGE_CURVE('',#4886,#4887,#4330,.T.);
#5788=EDGE_CURVE('',#4888,#4887,#3079,.T.);
#5789=EDGE_CURVE('',#4888,#4889,#4331,.T.);
#5790=EDGE_CURVE('',#4886,#4889,#3080,.T.);
#5791=EDGE_CURVE('',#4890,#4891,#3081,.T.);
#5792=EDGE_CURVE('',#4890,#4888,#3082,.T.);
#5793=EDGE_CURVE('',#4891,#4887,#3083,.T.);
#5794=EDGE_CURVE('',#4892,#4893,#3084,.T.);
#5795=EDGE_CURVE('',#4892,#4894,#3085,.T.);
#5796=EDGE_CURVE('',#4894,#4895,#3086,.T.);
#5797=EDGE_CURVE('',#4893,#4895,#3087,.T.);
#5798=EDGE_CURVE('',#4896,#4897,#3088,.T.);
#5799=EDGE_CURVE('',#4898,#4896,#4332,.T.);
#5800=EDGE_CURVE('',#4899,#4898,#3089,.T.);
#5801=EDGE_CURVE('',#4900,#4899,#3090,.T.);
#5802=EDGE_CURVE('',#4901,#4900,#3091,.T.);
#5803=EDGE_CURVE('',#4902,#4901,#4333,.T.);
#5804=EDGE_CURVE('',#4903,#4902,#3092,.T.);
#5805=EDGE_CURVE('',#4904,#4903,#4334,.T.);
#5806=EDGE_CURVE('',#4894,#4904,#3093,.T.);
#5807=EDGE_CURVE('',#4905,#4892,#3094,.T.);
#5808=EDGE_CURVE('',#4888,#4905,#3095,.T.);
#5809=EDGE_CURVE('',#4906,#4890,#3096,.T.);
#5810=EDGE_CURVE('',#4907,#4906,#3097,.T.);
#5811=EDGE_CURVE('',#4897,#4907,#4335,.T.);
#5812=EDGE_CURVE('',#4904,#4908,#3098,.T.);
#5813=EDGE_CURVE('',#4903,#4909,#3099,.T.);
#5814=EDGE_CURVE('',#4908,#4909,#4336,.T.);
#5815=EDGE_CURVE('',#4902,#4910,#3100,.T.);
#5816=EDGE_CURVE('',#4909,#4910,#3101,.T.);
#5817=EDGE_CURVE('',#4900,#4911,#4337,.T.);
#5818=EDGE_CURVE('',#4899,#4912,#4338,.T.);
#5819=EDGE_CURVE('',#4912,#4911,#3102,.T.);
#5820=EDGE_CURVE('',#4913,#4914,#4339,.T.);
#5821=EDGE_CURVE('',#4900,#4914,#3103,.T.);
#5822=EDGE_CURVE('',#4913,#4911,#3104,.T.);
#5823=EDGE_CURVE('',#4915,#4913,#3105,.T.);
#5824=EDGE_CURVE('',#4915,#4916,#4340,.T.);
#5825=EDGE_CURVE('',#4914,#4916,#3106,.T.);
#5826=EDGE_CURVE('',#4917,#4917,#4341,.T.);
#5827=EDGE_CURVE('',#4917,#4918,#3107,.T.);
#5828=EDGE_CURVE('',#4918,#4918,#4342,.T.);
#5829=EDGE_CURVE('',#4913,#4919,#3108,.T.);
#5830=EDGE_CURVE('',#4919,#4920,#4343,.T.);
#5831=EDGE_CURVE('',#4920,#4921,#3109,.T.);
#5832=EDGE_CURVE('',#4921,#4922,#4344,.T.);
#5833=EDGE_CURVE('',#4922,#4915,#3110,.T.);
#5834=EDGE_CURVE('',#4923,#4923,#4345,.T.);
#5835=EDGE_CURVE('',#4924,#4924,#4346,.T.);
#5836=EDGE_CURVE('',#4912,#4915,#3111,.T.);
#5837=EDGE_CURVE('',#4916,#4899,#3112,.T.);
#5838=EDGE_CURVE('',#4924,#4925,#3113,.T.);
#5839=EDGE_CURVE('',#4925,#4925,#4347,.T.);
#5840=EDGE_CURVE('',#4898,#4926,#3114,.T.);
#5841=EDGE_CURVE('',#4916,#4926,#3115,.T.);
#5842=EDGE_CURVE('',#4896,#4927,#3116,.T.);
#5843=EDGE_CURVE('',#4897,#4928,#3117,.T.);
#5844=EDGE_CURVE('',#4927,#4928,#3118,.T.);
#5845=EDGE_CURVE('',#4923,#4929,#3119,.T.);
#5846=EDGE_CURVE('',#4929,#4929,#4348,.T.);
#5847=EDGE_CURVE('',#4930,#4922,#3120,.T.);
#5848=EDGE_CURVE('',#4930,#4912,#3121,.T.);
#5849=EDGE_CURVE('',#4907,#4931,#3122,.T.);
#5850=EDGE_CURVE('',#4928,#4931,#4349,.T.);
#5851=EDGE_CURVE('',#4932,#4919,#3123,.T.);
#5852=EDGE_CURVE('',#4932,#4933,#4350,.T.);
#5853=EDGE_CURVE('',#4933,#4920,#3124,.T.);
#5854=EDGE_CURVE('',#4889,#4934,#3125,.T.);
#5855=EDGE_CURVE('',#4934,#4935,#3126,.T.);
#5856=EDGE_CURVE('',#4886,#4935,#3127,.T.);
#5857=EDGE_CURVE('',#4936,#4937,#3128,.T.);
#5858=EDGE_CURVE('',#4936,#4938,#4351,.T.);
#5859=EDGE_CURVE('',#4938,#4939,#3129,.T.);
#5860=EDGE_CURVE('',#4937,#4939,#4352,.T.);
#5861=EDGE_CURVE('',#4940,#4886,#3130,.T.);
#5862=EDGE_CURVE('',#4935,#4941,#4353,.T.);
#5863=EDGE_CURVE('',#4941,#4937,#3131,.T.);
#5864=EDGE_CURVE('',#4939,#4940,#3132,.T.);
#5865=EDGE_CURVE('',#4942,#4942,#4354,.T.);
#5866=EDGE_CURVE('',#4943,#4943,#4355,.T.);
#5867=EDGE_CURVE('',#4944,#4944,#4356,.T.);
#5868=EDGE_CURVE('',#4943,#4945,#3133,.T.);
#5869=EDGE_CURVE('',#4945,#4945,#4357,.T.);
#5870=EDGE_CURVE('',#4942,#4946,#3134,.T.);
#5871=EDGE_CURVE('',#4946,#4946,#4358,.T.);
#5872=EDGE_CURVE('',#4911,#4932,#3135,.T.);
#5873=EDGE_CURVE('',#4947,#4941,#3136,.T.);
#5874=EDGE_CURVE('',#4947,#4936,#3137,.T.);
#5875=EDGE_CURVE('',#4906,#4948,#3138,.T.);
#5876=EDGE_CURVE('',#4931,#4948,#3139,.T.);
#5877=EDGE_CURVE('',#4933,#4949,#3140,.T.);
#5878=EDGE_CURVE('',#4949,#4921,#3141,.T.);
#5879=EDGE_CURVE('',#4940,#4950,#4359,.T.);
#5880=EDGE_CURVE('',#4887,#4950,#3142,.T.);
#5881=EDGE_CURVE('',#4951,#4940,#3143,.T.);
#5882=EDGE_CURVE('',#4905,#4951,#4360,.T.);
#5883=EDGE_CURVE('',#4950,#4905,#3144,.T.);
#5884=EDGE_CURVE('',#4949,#4930,#4361,.T.);
#5885=EDGE_CURVE('',#4948,#4891,#3145,.T.);
#5886=EDGE_CURVE('',#4944,#4952,#3146,.T.);
#5887=EDGE_CURVE('',#4952,#4952,#4362,.T.);
#5888=EDGE_CURVE('',#4951,#4889,#3147,.T.);
#5889=EDGE_CURVE('',#4938,#4951,#3148,.T.);
#5890=EDGE_CURVE('',#4934,#4947,#4363,.T.);
#5891=EDGE_CURVE('',#4895,#4908,#3149,.T.);
#5892=EDGE_CURVE('',#4926,#4927,#4364,.T.);
#5893=EDGE_CURVE('',#4950,#4893,#3150,.T.);
#5894=EDGE_CURVE('',#4901,#4953,#3151,.T.);
#5895=EDGE_CURVE('',#4953,#4914,#3152,.T.);
#5896=EDGE_CURVE('',#4910,#4953,#4365,.T.);
#5897=EDGE_CURVE('',#4954,#4955,#3153,.T.);
#5898=EDGE_CURVE('',#4956,#4954,#3154,.T.);
#5899=EDGE_CURVE('',#4957,#4956,#3155,.T.);
#5900=EDGE_CURVE('',#4957,#4955,#3156,.T.);
#5901=EDGE_CURVE('',#4955,#4954,#4366,.T.);
#5902=EDGE_CURVE('',#4956,#4957,#4367,.T.);
#5903=EDGE_CURVE('',#4958,#4958,#4368,.T.);
#5904=EDGE_CURVE('',#4958,#4959,#3157,.T.);
#5905=EDGE_CURVE('',#4959,#4959,#4369,.T.);
#5906=EDGE_CURVE('',#4960,#4961,#4370,.T.);
#5907=EDGE_CURVE('',#4962,#4960,#3158,.T.);
#5908=EDGE_CURVE('',#4963,#4962,#4371,.T.);
#5909=EDGE_CURVE('',#4963,#4961,#3159,.T.);
#5910=EDGE_CURVE('',#4961,#4960,#3160,.T.);
#5911=EDGE_CURVE('',#4962,#4963,#3161,.T.);
#5912=EDGE_CURVE('',#4964,#4964,#4372,.T.);
#5913=EDGE_CURVE('',#4964,#4965,#3162,.T.);
#5914=EDGE_CURVE('',#4965,#4965,#4373,.T.);
#5915=EDGE_CURVE('',#4966,#4967,#4374,.T.);
#5916=EDGE_CURVE('',#4968,#4966,#3163,.T.);
#5917=EDGE_CURVE('',#4969,#4968,#4375,.T.);
#5918=EDGE_CURVE('',#4969,#4967,#3164,.T.);
#5919=EDGE_CURVE('',#4967,#4966,#3165,.T.);
#5920=EDGE_CURVE('',#4968,#4969,#3166,.T.);
#5921=EDGE_CURVE('',#4970,#4970,#4376,.T.);
#5922=EDGE_CURVE('',#4970,#4971,#3167,.T.);
#5923=EDGE_CURVE('',#4971,#4971,#4377,.T.);
#5924=EDGE_CURVE('',#4972,#4973,#4378,.T.);
#5925=EDGE_CURVE('',#4974,#4972,#3168,.T.);
#5926=EDGE_CURVE('',#4975,#4974,#4379,.T.);
#5927=EDGE_CURVE('',#4975,#4973,#3169,.T.);
#5928=EDGE_CURVE('',#4973,#4972,#3170,.T.);
#5929=EDGE_CURVE('',#4974,#4975,#3171,.T.);
#5930=EDGE_CURVE('',#4976,#4976,#4380,.T.);
#5931=EDGE_CURVE('',#4976,#4977,#3172,.T.);
#5932=EDGE_CURVE('',#4977,#4977,#4381,.T.);
#5933=EDGE_CURVE('',#4978,#4979,#4382,.T.);
#5934=EDGE_CURVE('',#4980,#4978,#3173,.T.);
#5935=EDGE_CURVE('',#4981,#4980,#4383,.T.);
#5936=EDGE_CURVE('',#4981,#4979,#3174,.T.);
#5937=EDGE_CURVE('',#4979,#4978,#3175,.T.);
#5938=EDGE_CURVE('',#4980,#4981,#3176,.T.);
#5939=EDGE_CURVE('',#4982,#4983,#4384,.T.);
#5940=EDGE_CURVE('',#4984,#4982,#3177,.T.);
#5941=EDGE_CURVE('',#4985,#4984,#4385,.T.);
#5942=EDGE_CURVE('',#4985,#4983,#3178,.T.);
#5943=EDGE_CURVE('',#4983,#4986,#3179,.T.);
#5944=EDGE_CURVE('',#4987,#4985,#3180,.T.);
#5945=EDGE_CURVE('',#4987,#4986,#3181,.T.);
#5946=EDGE_CURVE('',#4986,#4988,#4386,.T.);
#5947=EDGE_CURVE('',#4989,#4987,#4387,.T.);
#5948=EDGE_CURVE('',#4989,#4988,#3182,.T.);
#5949=EDGE_CURVE('',#4988,#4982,#3183,.T.);
#5950=EDGE_CURVE('',#4984,#4989,#3184,.T.);
#5951=EDGE_CURVE('',#4990,#4991,#4388,.T.);
#5952=EDGE_CURVE('',#4992,#4990,#3185,.T.);
#5953=EDGE_CURVE('',#4993,#4992,#4389,.T.);
#5954=EDGE_CURVE('',#4993,#4991,#3186,.T.);
#5955=EDGE_CURVE('',#4991,#4990,#3187,.T.);
#5956=EDGE_CURVE('',#4992,#4993,#3188,.T.);
#5957=EDGE_CURVE('',#4994,#4995,#3189,.T.);
#5958=EDGE_CURVE('',#4996,#4994,#3190,.T.);
#5959=EDGE_CURVE('',#4997,#4996,#3191,.T.);
#5960=EDGE_CURVE('',#4997,#4995,#3192,.T.);
#5961=EDGE_CURVE('',#4995,#4994,#4390,.T.);
#5962=EDGE_CURVE('',#4996,#4997,#4391,.T.);
#5963=EDGE_CURVE('',#4998,#4999,#3193,.T.);
#5964=EDGE_CURVE('',#5000,#4998,#3194,.T.);
#5965=EDGE_CURVE('',#5001,#5000,#3195,.T.);
#5966=EDGE_CURVE('',#5001,#4999,#3196,.T.);
#5967=EDGE_CURVE('',#5002,#4998,#4392,.T.);
#5968=EDGE_CURVE('',#5003,#5002,#3197,.T.);
#5969=EDGE_CURVE('',#5000,#5003,#4393,.T.);
#5970=EDGE_CURVE('',#5004,#5002,#3198,.T.);
#5971=EDGE_CURVE('',#5005,#5004,#3199,.T.);
#5972=EDGE_CURVE('',#5003,#5005,#3200,.T.);
#5973=EDGE_CURVE('',#4999,#5004,#4394,.T.);
#5974=EDGE_CURVE('',#5005,#5001,#4395,.T.);
#5975=EDGE_CURVE('',#5006,#5007,#4396,.T.);
#5976=EDGE_CURVE('',#5008,#5006,#3201,.T.);
#5977=EDGE_CURVE('',#5009,#5008,#4397,.T.);
#5978=EDGE_CURVE('',#5009,#5007,#3202,.T.);
#5979=EDGE_CURVE('',#5007,#5010,#3203,.T.);
#5980=EDGE_CURVE('',#5011,#5009,#3204,.T.);
#5981=EDGE_CURVE('',#5011,#5010,#3205,.T.);
#5982=EDGE_CURVE('',#5010,#5012,#4398,.T.);
#5983=EDGE_CURVE('',#5013,#5011,#4399,.T.);
#5984=EDGE_CURVE('',#5013,#5012,#3206,.T.);
#5985=EDGE_CURVE('',#5012,#5006,#3207,.T.);
#5986=EDGE_CURVE('',#5008,#5013,#3208,.T.);
#5987=EDGE_CURVE('',#5014,#5014,#4400,.T.);
#5988=EDGE_CURVE('',#5014,#5015,#3209,.T.);
#5989=EDGE_CURVE('',#5015,#5015,#4401,.T.);
#5990=EDGE_CURVE('',#5016,#5017,#3210,.T.);
#5991=EDGE_CURVE('',#5018,#5016,#3211,.T.);
#5992=EDGE_CURVE('',#5019,#5018,#3212,.T.);
#5993=EDGE_CURVE('',#5019,#5017,#3213,.T.);
#5994=EDGE_CURVE('',#5017,#5016,#4402,.T.);
#5995=EDGE_CURVE('',#5018,#5019,#4403,.T.);
#5996=EDGE_CURVE('',#5020,#5020,#4404,.T.);
#5997=EDGE_CURVE('',#5020,#5021,#3214,.T.);
#5998=EDGE_CURVE('',#5021,#5021,#4405,.T.);
#5999=EDGE_CURVE('',#5022,#5023,#3215,.T.);
#6000=EDGE_CURVE('',#5024,#5022,#3216,.T.);
#6001=EDGE_CURVE('',#5025,#5024,#3217,.T.);
#6002=EDGE_CURVE('',#5025,#5023,#3218,.T.);
#6003=EDGE_CURVE('',#5023,#5022,#4406,.T.);
#6004=EDGE_CURVE('',#5024,#5025,#4407,.T.);
#6005=EDGE_CURVE('',#5026,#5027,#4408,.T.);
#6006=EDGE_CURVE('',#5028,#5026,#3219,.T.);
#6007=EDGE_CURVE('',#5029,#5028,#4409,.T.);
#6008=EDGE_CURVE('',#5029,#5027,#3220,.T.);
#6009=EDGE_CURVE('',#5027,#5026,#3221,.T.);
#6010=EDGE_CURVE('',#5028,#5029,#3222,.T.);
#6011=EDGE_CURVE('',#5030,#5031,#3223,.T.);
#6012=EDGE_CURVE('',#5032,#5030,#3224,.T.);
#6013=EDGE_CURVE('',#5033,#5032,#3225,.T.);
#6014=EDGE_CURVE('',#5033,#5031,#3226,.T.);
#6015=EDGE_CURVE('',#5031,#5030,#4410,.T.);
#6016=EDGE_CURVE('',#5032,#5033,#4411,.T.);
#6017=EDGE_CURVE('',#5034,#5034,#4412,.T.);
#6018=EDGE_CURVE('',#5034,#5035,#3227,.T.);
#6019=EDGE_CURVE('',#5035,#5035,#4413,.T.);
#6020=EDGE_CURVE('',#5036,#5037,#3228,.T.);
#6021=EDGE_CURVE('',#5038,#5036,#3229,.T.);
#6022=EDGE_CURVE('',#5039,#5038,#3230,.T.);
#6023=EDGE_CURVE('',#5039,#5037,#3231,.T.);
#6024=EDGE_CURVE('',#5037,#5036,#4414,.T.);
#6025=EDGE_CURVE('',#5038,#5039,#4415,.T.);
#6026=EDGE_CURVE('',#5040,#5041,#4416,.T.);
#6027=EDGE_CURVE('',#5042,#5040,#3232,.T.);
#6028=EDGE_CURVE('',#5043,#5042,#4417,.T.);
#6029=EDGE_CURVE('',#5043,#5041,#3233,.T.);
#6030=EDGE_CURVE('',#5041,#5040,#3234,.T.);
#6031=EDGE_CURVE('',#5042,#5043,#3235,.T.);
#6032=EDGE_CURVE('',#5044,#5045,#3236,.T.);
#6033=EDGE_CURVE('',#5046,#5044,#3237,.T.);
#6034=EDGE_CURVE('',#5047,#5046,#3238,.T.);
#6035=EDGE_CURVE('',#5047,#5045,#3239,.T.);
#6036=EDGE_CURVE('',#5045,#5044,#4418,.T.);
#6037=EDGE_CURVE('',#5046,#5047,#4419,.T.);
#6038=EDGE_CURVE('',#5048,#5048,#4420,.T.);
#6039=EDGE_CURVE('',#5048,#5049,#3240,.T.);
#6040=EDGE_CURVE('',#5049,#5049,#4421,.T.);
#6041=EDGE_CURVE('',#5050,#5051,#3241,.T.);
#6042=EDGE_CURVE('',#5052,#5050,#3242,.T.);
#6043=EDGE_CURVE('',#5053,#5052,#3243,.T.);
#6044=EDGE_CURVE('',#5053,#5051,#3244,.T.);
#6045=EDGE_CURVE('',#5051,#5050,#4422,.T.);
#6046=EDGE_CURVE('',#5052,#5053,#4423,.T.);
#6047=EDGE_CURVE('',#5054,#5055,#4424,.T.);
#6048=EDGE_CURVE('',#5056,#5054,#3245,.T.);
#6049=EDGE_CURVE('',#5057,#5056,#4425,.T.);
#6050=EDGE_CURVE('',#5057,#5055,#3246,.T.);
#6051=EDGE_CURVE('',#5055,#5054,#3247,.T.);
#6052=EDGE_CURVE('',#5056,#5057,#3248,.T.);
#6053=EDGE_CURVE('',#5058,#5059,#3249,.T.);
#6054=EDGE_CURVE('',#5060,#5058,#3250,.T.);
#6055=EDGE_CURVE('',#5061,#5060,#3251,.T.);
#6056=EDGE_CURVE('',#5061,#5059,#3252,.T.);
#6057=EDGE_CURVE('',#5059,#5058,#4426,.T.);
#6058=EDGE_CURVE('',#5060,#5061,#4427,.T.);
#6059=EDGE_CURVE('',#5062,#5063,#3253,.T.);
#6060=EDGE_CURVE('',#5064,#5062,#3254,.T.);
#6061=EDGE_CURVE('',#5065,#5064,#3255,.T.);
#6062=EDGE_CURVE('',#5065,#5063,#3256,.T.);
#6063=EDGE_CURVE('',#5066,#5062,#4428,.T.);
#6064=EDGE_CURVE('',#5067,#5066,#3257,.T.);
#6065=EDGE_CURVE('',#5064,#5067,#4429,.T.);
#6066=EDGE_CURVE('',#5068,#5066,#3258,.T.);
#6067=EDGE_CURVE('',#5069,#5068,#3259,.T.);
#6068=EDGE_CURVE('',#5067,#5069,#3260,.T.);
#6069=EDGE_CURVE('',#5063,#5068,#4430,.T.);
#6070=EDGE_CURVE('',#5069,#5065,#4431,.T.);
#6071=EDGE_CURVE('',#5070,#5071,#3261,.T.);
#6072=EDGE_CURVE('',#5072,#5070,#3262,.T.);
#6073=EDGE_CURVE('',#5073,#5072,#3263,.T.);
#6074=EDGE_CURVE('',#5073,#5071,#3264,.T.);
#6075=EDGE_CURVE('',#5071,#5070,#4432,.T.);
#6076=EDGE_CURVE('',#5072,#5073,#4433,.T.);
#6077=EDGE_CURVE('',#5074,#5075,#3265,.T.);
#6078=EDGE_CURVE('',#5076,#5074,#3266,.T.);
#6079=EDGE_CURVE('',#5077,#5076,#3267,.T.);
#6080=EDGE_CURVE('',#5077,#5075,#3268,.T.);
#6081=EDGE_CURVE('',#5078,#5074,#3269,.T.);
#6082=EDGE_CURVE('',#5079,#5078,#3270,.T.);
#6083=EDGE_CURVE('',#5076,#5079,#3271,.T.);
#6084=EDGE_CURVE('',#5080,#5078,#3272,.T.);
#6085=EDGE_CURVE('',#5081,#5080,#3273,.T.);
#6086=EDGE_CURVE('',#5079,#5081,#3274,.T.);
#6087=EDGE_CURVE('',#5075,#5080,#3275,.T.);
#6088=EDGE_CURVE('',#5081,#5077,#3276,.T.);
#6089=EDGE_CURVE('',#5082,#5083,#4434,.T.);
#6090=EDGE_CURVE('',#5084,#5082,#3277,.T.);
#6091=EDGE_CURVE('',#5085,#5084,#4435,.T.);
#6092=EDGE_CURVE('',#5085,#5083,#3278,.T.);
#6093=EDGE_CURVE('',#5083,#5086,#3279,.T.);
#6094=EDGE_CURVE('',#5087,#5085,#3280,.T.);
#6095=EDGE_CURVE('',#5087,#5086,#3281,.T.);
#6096=EDGE_CURVE('',#5086,#5088,#4436,.T.);
#6097=EDGE_CURVE('',#5089,#5087,#4437,.T.);
#6098=EDGE_CURVE('',#5089,#5088,#3282,.T.);
#6099=EDGE_CURVE('',#5088,#5082,#3283,.T.);
#6100=EDGE_CURVE('',#5084,#5089,#3284,.T.);
#6101=EDGE_CURVE('',#5090,#5091,#3285,.T.);
#6102=EDGE_CURVE('',#5092,#5090,#3286,.T.);
#6103=EDGE_CURVE('',#5093,#5092,#3287,.T.);
#6104=EDGE_CURVE('',#5093,#5091,#3288,.T.);
#6105=EDGE_CURVE('',#5094,#5090,#4438,.T.);
#6106=EDGE_CURVE('',#5095,#5094,#3289,.T.);
#6107=EDGE_CURVE('',#5092,#5095,#4439,.T.);
#6108=EDGE_CURVE('',#5096,#5094,#3290,.T.);
#6109=EDGE_CURVE('',#5097,#5096,#3291,.T.);
#6110=EDGE_CURVE('',#5095,#5097,#3292,.T.);
#6111=EDGE_CURVE('',#5091,#5096,#4440,.T.);
#6112=EDGE_CURVE('',#5097,#5093,#4441,.T.);
#6113=EDGE_CURVE('',#5098,#5099,#3293,.T.);
#6114=EDGE_CURVE('',#5100,#5098,#3294,.T.);
#6115=EDGE_CURVE('',#5101,#5100,#3295,.T.);
#6116=EDGE_CURVE('',#5101,#5099,#3296,.T.);
#6117=EDGE_CURVE('',#5099,#5098,#4442,.T.);
#6118=EDGE_CURVE('',#5100,#5101,#4443,.T.);
#6119=EDGE_CURVE('',#5102,#5103,#4444,.T.);
#6120=EDGE_CURVE('',#5104,#5102,#3297,.T.);
#6121=EDGE_CURVE('',#5105,#5104,#4445,.T.);
#6122=EDGE_CURVE('',#5105,#5103,#3298,.T.);
#6123=EDGE_CURVE('',#5103,#5102,#3299,.T.);
#6124=EDGE_CURVE('',#5104,#5105,#3300,.T.);
#6125=EDGE_CURVE('',#5106,#5107,#3301,.T.);
#6126=EDGE_CURVE('',#5108,#5106,#3302,.T.);
#6127=EDGE_CURVE('',#5109,#5108,#3303,.T.);
#6128=EDGE_CURVE('',#5109,#5107,#3304,.T.);
#6129=EDGE_CURVE('',#5107,#5106,#4446,.T.);
#6130=EDGE_CURVE('',#5108,#5109,#4447,.T.);
#6131=EDGE_CURVE('',#5110,#5111,#4448,.T.);
#6132=EDGE_CURVE('',#5112,#5110,#3305,.T.);
#6133=EDGE_CURVE('',#5113,#5112,#4449,.T.);
#6134=EDGE_CURVE('',#5113,#5111,#3306,.T.);
#6135=EDGE_CURVE('',#5111,#5110,#3307,.T.);
#6136=EDGE_CURVE('',#5112,#5113,#3308,.T.);
#6137=EDGE_CURVE('',#5114,#5115,#3309,.T.);
#6138=EDGE_CURVE('',#5116,#5114,#3310,.T.);
#6139=EDGE_CURVE('',#5117,#5116,#3311,.T.);
#6140=EDGE_CURVE('',#5117,#5115,#3312,.T.);
#6141=EDGE_CURVE('',#5115,#5114,#4450,.T.);
#6142=EDGE_CURVE('',#5116,#5117,#4451,.T.);
#6143=EDGE_CURVE('',#5118,#5119,#4452,.T.);
#6144=EDGE_CURVE('',#5120,#5118,#3313,.T.);
#6145=EDGE_CURVE('',#5121,#5120,#4453,.T.);
#6146=EDGE_CURVE('',#5121,#5119,#3314,.T.);
#6147=EDGE_CURVE('',#5119,#5118,#3315,.T.);
#6148=EDGE_CURVE('',#5120,#5121,#3316,.T.);
#6149=EDGE_CURVE('',#5122,#5122,#4454,.T.);
#6150=EDGE_CURVE('',#5122,#5123,#3317,.T.);
#6151=EDGE_CURVE('',#5123,#5123,#4455,.T.);
#6152=EDGE_CURVE('',#5124,#5124,#4456,.T.);
#6153=EDGE_CURVE('',#5124,#5125,#3318,.T.);
#6154=EDGE_CURVE('',#5125,#5125,#4457,.T.);
#6155=EDGE_CURVE('',#5126,#5127,#3319,.T.);
#6156=EDGE_CURVE('',#5126,#5128,#3320,.T.);
#6157=EDGE_CURVE('',#5128,#5129,#3321,.T.);
#6158=EDGE_CURVE('',#5127,#5129,#3322,.T.);
#6159=EDGE_CURVE('',#5128,#5130,#4458,.T.);
#6160=EDGE_CURVE('',#5130,#5131,#3323,.T.);
#6161=EDGE_CURVE('',#5129,#5131,#4459,.T.);
#6162=EDGE_CURVE('',#5130,#5132,#3324,.T.);
#6163=EDGE_CURVE('',#5132,#5133,#3325,.T.);
#6164=EDGE_CURVE('',#5131,#5133,#3326,.T.);
#6165=EDGE_CURVE('',#5132,#5134,#4460,.T.);
#6166=EDGE_CURVE('',#5134,#5135,#3327,.T.);
#6167=EDGE_CURVE('',#5133,#5135,#4461,.T.);
#6168=EDGE_CURVE('',#5134,#5136,#3328,.T.);
#6169=EDGE_CURVE('',#5136,#5137,#3329,.T.);
#6170=EDGE_CURVE('',#5135,#5137,#3330,.T.);
#6171=EDGE_CURVE('',#5136,#5138,#4462,.T.);
#6172=EDGE_CURVE('',#5138,#5139,#3331,.T.);
#6173=EDGE_CURVE('',#5137,#5139,#4463,.T.);
#6174=EDGE_CURVE('',#5138,#5140,#3332,.T.);
#6175=EDGE_CURVE('',#5140,#5141,#3333,.T.);
#6176=EDGE_CURVE('',#5139,#5141,#3334,.T.);
#6177=EDGE_CURVE('',#5140,#5126,#4464,.T.);
#6178=EDGE_CURVE('',#5141,#5127,#4465,.T.);
#6179=EDGE_CURVE('',#5142,#5142,#4466,.T.);
#6180=EDGE_CURVE('',#5142,#5143,#3335,.T.);
#6181=EDGE_CURVE('',#5143,#5143,#4467,.T.);
#6182=EDGE_CURVE('',#5144,#5144,#4468,.T.);
#6183=EDGE_CURVE('',#5144,#5145,#3336,.T.);
#6184=EDGE_CURVE('',#5145,#5145,#4469,.T.);
#6185=EDGE_CURVE('',#5146,#5146,#4470,.T.);
#6186=EDGE_CURVE('',#5146,#5147,#3337,.T.);
#6187=EDGE_CURVE('',#5147,#5147,#4471,.T.);
#6188=EDGE_CURVE('',#5148,#5148,#4472,.T.);
#6189=EDGE_CURVE('',#5148,#5149,#3338,.T.);
#6190=EDGE_CURVE('',#5149,#5149,#4473,.T.);
#6191=EDGE_CURVE('',#5150,#5151,#3339,.T.);
#6192=EDGE_CURVE('',#5151,#5152,#4474,.T.);
#6193=EDGE_CURVE('',#5153,#5152,#3340,.T.);
#6194=EDGE_CURVE('',#5150,#5153,#4475,.T.);
#6195=EDGE_CURVE('',#5152,#5154,#3341,.T.);
#6196=EDGE_CURVE('',#5155,#5154,#3342,.T.);
#6197=EDGE_CURVE('',#5153,#5155,#3343,.T.);
#6198=EDGE_CURVE('',#5154,#5156,#4476,.T.);
#6199=EDGE_CURVE('',#5157,#5156,#3344,.T.);
#6200=EDGE_CURVE('',#5155,#5157,#4477,.T.);
#6201=EDGE_CURVE('',#5156,#5151,#3345,.T.);
#6202=EDGE_CURVE('',#5157,#5150,#3346,.T.);
#6203=EDGE_CURVE('',#5158,#5159,#3347,.T.);
#6204=EDGE_CURVE('',#5159,#5160,#4478,.T.);
#6205=EDGE_CURVE('',#5161,#5160,#3348,.T.);
#6206=EDGE_CURVE('',#5158,#5161,#4479,.T.);
#6207=EDGE_CURVE('',#5160,#5162,#3349,.T.);
#6208=EDGE_CURVE('',#5163,#5162,#3350,.T.);
#6209=EDGE_CURVE('',#5161,#5163,#3351,.T.);
#6210=EDGE_CURVE('',#5162,#5164,#4480,.T.);
#6211=EDGE_CURVE('',#5165,#5164,#3352,.T.);
#6212=EDGE_CURVE('',#5163,#5165,#4481,.T.);
#6213=EDGE_CURVE('',#5164,#5159,#3353,.T.);
#6214=EDGE_CURVE('',#5165,#5158,#3354,.T.);
#6215=EDGE_CURVE('',#5166,#5167,#3355,.T.);
#6216=EDGE_CURVE('',#5167,#5168,#4482,.T.);
#6217=EDGE_CURVE('',#5169,#5168,#3356,.T.);
#6218=EDGE_CURVE('',#5166,#5169,#4483,.T.);
#6219=EDGE_CURVE('',#5168,#5170,#3357,.T.);
#6220=EDGE_CURVE('',#5171,#5170,#3358,.T.);
#6221=EDGE_CURVE('',#5169,#5171,#3359,.T.);
#6222=EDGE_CURVE('',#5170,#5172,#4484,.T.);
#6223=EDGE_CURVE('',#5173,#5172,#3360,.T.);
#6224=EDGE_CURVE('',#5171,#5173,#4485,.T.);
#6225=EDGE_CURVE('',#5172,#5167,#3361,.T.);
#6226=EDGE_CURVE('',#5173,#5166,#3362,.T.);
#6227=EDGE_CURVE('',#5174,#5175,#3363,.T.);
#6228=EDGE_CURVE('',#5175,#5176,#4486,.T.);
#6229=EDGE_CURVE('',#5177,#5176,#3364,.T.);
#6230=EDGE_CURVE('',#5174,#5177,#4487,.T.);
#6231=EDGE_CURVE('',#5176,#5178,#3365,.T.);
#6232=EDGE_CURVE('',#5179,#5178,#3366,.T.);
#6233=EDGE_CURVE('',#5177,#5179,#3367,.T.);
#6234=EDGE_CURVE('',#5178,#5180,#4488,.T.);
#6235=EDGE_CURVE('',#5181,#5180,#3368,.T.);
#6236=EDGE_CURVE('',#5179,#5181,#4489,.T.);
#6237=EDGE_CURVE('',#5180,#5175,#3369,.T.);
#6238=EDGE_CURVE('',#5181,#5174,#3370,.T.);
#6239=EDGE_CURVE('',#5182,#5182,#4490,.T.);
#6240=EDGE_CURVE('',#5182,#5183,#3371,.T.);
#6241=EDGE_CURVE('',#5183,#5183,#4491,.T.);
#6242=EDGE_CURVE('',#5184,#5184,#4492,.T.);
#6243=EDGE_CURVE('',#5185,#5186,#4493,.T.);
#6244=EDGE_CURVE('',#5185,#5184,#3372,.T.);
#6245=EDGE_CURVE('',#5186,#5185,#4494,.T.);
#6246=EDGE_CURVE('',#5187,#5188,#4495,.T.);
#6247=EDGE_CURVE('',#5188,#5187,#4496,.T.);
#6248=EDGE_CURVE('',#5187,#5186,#4497,.T.);
#6249=EDGE_CURVE('',#5189,#5190,#4498,.T.);
#6250=EDGE_CURVE('',#5189,#5188,#3373,.T.);
#6251=EDGE_CURVE('',#5190,#5189,#4499,.T.);
#6252=EDGE_CURVE('',#5191,#5192,#4500,.T.);
#6253=EDGE_CURVE('',#5192,#5191,#4501,.T.);
#6254=EDGE_CURVE('',#5191,#5190,#4502,.T.);
#6255=EDGE_CURVE('',#5193,#5193,#4503,.T.);
#6256=EDGE_CURVE('',#5193,#5192,#3374,.T.);
#6257=EDGE_CURVE('',#5194,#5194,#4504,.T.);
#6258=EDGE_CURVE('',#5195,#5196,#4505,.T.);
#6259=EDGE_CURVE('',#5195,#5194,#3375,.T.);
#6260=EDGE_CURVE('',#5196,#5195,#4506,.T.);
#6261=EDGE_CURVE('',#5197,#5198,#4507,.T.);
#6262=EDGE_CURVE('',#5198,#5197,#4508,.T.);
#6263=EDGE_CURVE('',#5197,#5196,#4509,.T.);
#6264=EDGE_CURVE('',#5199,#5200,#4510,.T.);
#6265=EDGE_CURVE('',#5199,#5198,#3376,.T.);
#6266=EDGE_CURVE('',#5200,#5199,#4511,.T.);
#6267=EDGE_CURVE('',#5201,#5202,#4512,.T.);
#6268=EDGE_CURVE('',#5202,#5201,#4513,.T.);
#6269=EDGE_CURVE('',#5201,#5200,#4514,.T.);
#6270=EDGE_CURVE('',#5203,#5203,#4515,.T.);
#6271=EDGE_CURVE('',#5203,#5202,#3377,.T.);
#6272=ORIENTED_EDGE('',*,*,#5204,.F.);
#6273=ORIENTED_EDGE('',*,*,#5205,.T.);
#6274=ORIENTED_EDGE('',*,*,#5206,.F.);
#6275=ORIENTED_EDGE('',*,*,#5205,.F.);
#6276=ORIENTED_EDGE('',*,*,#5207,.F.);
#6277=ORIENTED_EDGE('',*,*,#5208,.T.);
#6278=ORIENTED_EDGE('',*,*,#5209,.F.);
#6279=ORIENTED_EDGE('',*,*,#5208,.F.);
#6280=ORIENTED_EDGE('',*,*,#5210,.F.);
#6281=ORIENTED_EDGE('',*,*,#5211,.T.);
#6282=ORIENTED_EDGE('',*,*,#5212,.F.);
#6283=ORIENTED_EDGE('',*,*,#5211,.F.);
#6284=ORIENTED_EDGE('',*,*,#5213,.F.);
#6285=ORIENTED_EDGE('',*,*,#5214,.T.);
#6286=ORIENTED_EDGE('',*,*,#5215,.F.);
#6287=ORIENTED_EDGE('',*,*,#5214,.F.);
#6288=ORIENTED_EDGE('',*,*,#5216,.F.);
#6289=ORIENTED_EDGE('',*,*,#5217,.T.);
#6290=ORIENTED_EDGE('',*,*,#5218,.F.);
#6291=ORIENTED_EDGE('',*,*,#5217,.F.);
#6292=ORIENTED_EDGE('',*,*,#5219,.F.);
#6293=ORIENTED_EDGE('',*,*,#5220,.T.);
#6294=ORIENTED_EDGE('',*,*,#5221,.F.);
#6295=ORIENTED_EDGE('',*,*,#5220,.F.);
#6296=ORIENTED_EDGE('',*,*,#5222,.F.);
#6297=ORIENTED_EDGE('',*,*,#5223,.T.);
#6298=ORIENTED_EDGE('',*,*,#5224,.F.);
#6299=ORIENTED_EDGE('',*,*,#5223,.F.);
#6300=ORIENTED_EDGE('',*,*,#5225,.F.);
#6301=ORIENTED_EDGE('',*,*,#5226,.T.);
#6302=ORIENTED_EDGE('',*,*,#5227,.F.);
#6303=ORIENTED_EDGE('',*,*,#5226,.F.);
#6304=ORIENTED_EDGE('',*,*,#5228,.F.);
#6305=ORIENTED_EDGE('',*,*,#5229,.T.);
#6306=ORIENTED_EDGE('',*,*,#5230,.F.);
#6307=ORIENTED_EDGE('',*,*,#5229,.F.);
#6308=ORIENTED_EDGE('',*,*,#5231,.F.);
#6309=ORIENTED_EDGE('',*,*,#5232,.T.);
#6310=ORIENTED_EDGE('',*,*,#5233,.F.);
#6311=ORIENTED_EDGE('',*,*,#5232,.F.);
#6312=ORIENTED_EDGE('',*,*,#5234,.F.);
#6313=ORIENTED_EDGE('',*,*,#5235,.T.);
#6314=ORIENTED_EDGE('',*,*,#5236,.F.);
#6315=ORIENTED_EDGE('',*,*,#5235,.F.);
#6316=ORIENTED_EDGE('',*,*,#5237,.F.);
#6317=ORIENTED_EDGE('',*,*,#5238,.T.);
#6318=ORIENTED_EDGE('',*,*,#5239,.F.);
#6319=ORIENTED_EDGE('',*,*,#5238,.F.);
#6320=ORIENTED_EDGE('',*,*,#5240,.F.);
#6321=ORIENTED_EDGE('',*,*,#5241,.T.);
#6322=ORIENTED_EDGE('',*,*,#5242,.F.);
#6323=ORIENTED_EDGE('',*,*,#5241,.F.);
#6324=ORIENTED_EDGE('',*,*,#5243,.F.);
#6325=ORIENTED_EDGE('',*,*,#5244,.T.);
#6326=ORIENTED_EDGE('',*,*,#5245,.F.);
#6327=ORIENTED_EDGE('',*,*,#5244,.F.);
#6328=ORIENTED_EDGE('',*,*,#5246,.F.);
#6329=ORIENTED_EDGE('',*,*,#5247,.T.);
#6330=ORIENTED_EDGE('',*,*,#5248,.F.);
#6331=ORIENTED_EDGE('',*,*,#5247,.F.);
#6332=ORIENTED_EDGE('',*,*,#5249,.F.);
#6333=ORIENTED_EDGE('',*,*,#5250,.T.);
#6334=ORIENTED_EDGE('',*,*,#5251,.F.);
#6335=ORIENTED_EDGE('',*,*,#5250,.F.);
#6336=ORIENTED_EDGE('',*,*,#5252,.F.);
#6337=ORIENTED_EDGE('',*,*,#5253,.T.);
#6338=ORIENTED_EDGE('',*,*,#5254,.F.);
#6339=ORIENTED_EDGE('',*,*,#5253,.F.);
#6340=ORIENTED_EDGE('',*,*,#5255,.F.);
#6341=ORIENTED_EDGE('',*,*,#5256,.T.);
#6342=ORIENTED_EDGE('',*,*,#5257,.F.);
#6343=ORIENTED_EDGE('',*,*,#5256,.F.);
#6344=ORIENTED_EDGE('',*,*,#5258,.F.);
#6345=ORIENTED_EDGE('',*,*,#5259,.T.);
#6346=ORIENTED_EDGE('',*,*,#5260,.F.);
#6347=ORIENTED_EDGE('',*,*,#5259,.F.);
#6348=ORIENTED_EDGE('',*,*,#5261,.F.);
#6349=ORIENTED_EDGE('',*,*,#5262,.T.);
#6350=ORIENTED_EDGE('',*,*,#5263,.F.);
#6351=ORIENTED_EDGE('',*,*,#5262,.F.);
#6352=ORIENTED_EDGE('',*,*,#5264,.F.);
#6353=ORIENTED_EDGE('',*,*,#5265,.T.);
#6354=ORIENTED_EDGE('',*,*,#5266,.F.);
#6355=ORIENTED_EDGE('',*,*,#5265,.F.);
#6356=ORIENTED_EDGE('',*,*,#5267,.F.);
#6357=ORIENTED_EDGE('',*,*,#5268,.T.);
#6358=ORIENTED_EDGE('',*,*,#5269,.F.);
#6359=ORIENTED_EDGE('',*,*,#5268,.F.);
#6360=ORIENTED_EDGE('',*,*,#5270,.F.);
#6361=ORIENTED_EDGE('',*,*,#5271,.T.);
#6362=ORIENTED_EDGE('',*,*,#5272,.F.);
#6363=ORIENTED_EDGE('',*,*,#5271,.F.);
#6364=ORIENTED_EDGE('',*,*,#5273,.F.);
#6365=ORIENTED_EDGE('',*,*,#5274,.T.);
#6366=ORIENTED_EDGE('',*,*,#5275,.F.);
#6367=ORIENTED_EDGE('',*,*,#5274,.F.);
#6368=ORIENTED_EDGE('',*,*,#5276,.F.);
#6369=ORIENTED_EDGE('',*,*,#5277,.T.);
#6370=ORIENTED_EDGE('',*,*,#5278,.F.);
#6371=ORIENTED_EDGE('',*,*,#5277,.F.);
#6372=ORIENTED_EDGE('',*,*,#5279,.F.);
#6373=ORIENTED_EDGE('',*,*,#5280,.T.);
#6374=ORIENTED_EDGE('',*,*,#5281,.F.);
#6375=ORIENTED_EDGE('',*,*,#5280,.F.);
#6376=ORIENTED_EDGE('',*,*,#5282,.F.);
#6377=ORIENTED_EDGE('',*,*,#5283,.T.);
#6378=ORIENTED_EDGE('',*,*,#5284,.F.);
#6379=ORIENTED_EDGE('',*,*,#5283,.F.);
#6380=ORIENTED_EDGE('',*,*,#5285,.F.);
#6381=ORIENTED_EDGE('',*,*,#5286,.T.);
#6382=ORIENTED_EDGE('',*,*,#5287,.F.);
#6383=ORIENTED_EDGE('',*,*,#5286,.F.);
#6384=ORIENTED_EDGE('',*,*,#5288,.F.);
#6385=ORIENTED_EDGE('',*,*,#5289,.T.);
#6386=ORIENTED_EDGE('',*,*,#5290,.F.);
#6387=ORIENTED_EDGE('',*,*,#5289,.F.);
#6388=ORIENTED_EDGE('',*,*,#5291,.F.);
#6389=ORIENTED_EDGE('',*,*,#5292,.T.);
#6390=ORIENTED_EDGE('',*,*,#5293,.F.);
#6391=ORIENTED_EDGE('',*,*,#5292,.F.);
#6392=ORIENTED_EDGE('',*,*,#5294,.F.);
#6393=ORIENTED_EDGE('',*,*,#5295,.T.);
#6394=ORIENTED_EDGE('',*,*,#5296,.F.);
#6395=ORIENTED_EDGE('',*,*,#5295,.F.);
#6396=ORIENTED_EDGE('',*,*,#5297,.F.);
#6397=ORIENTED_EDGE('',*,*,#5298,.T.);
#6398=ORIENTED_EDGE('',*,*,#5299,.F.);
#6399=ORIENTED_EDGE('',*,*,#5298,.F.);
#6400=ORIENTED_EDGE('',*,*,#5300,.F.);
#6401=ORIENTED_EDGE('',*,*,#5301,.T.);
#6402=ORIENTED_EDGE('',*,*,#5302,.F.);
#6403=ORIENTED_EDGE('',*,*,#5301,.F.);
#6404=ORIENTED_EDGE('',*,*,#5303,.F.);
#6405=ORIENTED_EDGE('',*,*,#5304,.T.);
#6406=ORIENTED_EDGE('',*,*,#5305,.F.);
#6407=ORIENTED_EDGE('',*,*,#5304,.F.);
#6408=ORIENTED_EDGE('',*,*,#5306,.F.);
#6409=ORIENTED_EDGE('',*,*,#5307,.T.);
#6410=ORIENTED_EDGE('',*,*,#5308,.F.);
#6411=ORIENTED_EDGE('',*,*,#5307,.F.);
#6412=ORIENTED_EDGE('',*,*,#5309,.F.);
#6413=ORIENTED_EDGE('',*,*,#5310,.T.);
#6414=ORIENTED_EDGE('',*,*,#5311,.F.);
#6415=ORIENTED_EDGE('',*,*,#5310,.F.);
#6416=ORIENTED_EDGE('',*,*,#5312,.F.);
#6417=ORIENTED_EDGE('',*,*,#5313,.T.);
#6418=ORIENTED_EDGE('',*,*,#5314,.F.);
#6419=ORIENTED_EDGE('',*,*,#5313,.F.);
#6420=ORIENTED_EDGE('',*,*,#5315,.F.);
#6421=ORIENTED_EDGE('',*,*,#5316,.T.);
#6422=ORIENTED_EDGE('',*,*,#5317,.F.);
#6423=ORIENTED_EDGE('',*,*,#5316,.F.);
#6424=ORIENTED_EDGE('',*,*,#5318,.F.);
#6425=ORIENTED_EDGE('',*,*,#5319,.T.);
#6426=ORIENTED_EDGE('',*,*,#5320,.F.);
#6427=ORIENTED_EDGE('',*,*,#5319,.F.);
#6428=ORIENTED_EDGE('',*,*,#5321,.F.);
#6429=ORIENTED_EDGE('',*,*,#5322,.T.);
#6430=ORIENTED_EDGE('',*,*,#5323,.F.);
#6431=ORIENTED_EDGE('',*,*,#5322,.F.);
#6432=ORIENTED_EDGE('',*,*,#5324,.F.);
#6433=ORIENTED_EDGE('',*,*,#5325,.T.);
#6434=ORIENTED_EDGE('',*,*,#5326,.F.);
#6435=ORIENTED_EDGE('',*,*,#5325,.F.);
#6436=ORIENTED_EDGE('',*,*,#5327,.F.);
#6437=ORIENTED_EDGE('',*,*,#5328,.T.);
#6438=ORIENTED_EDGE('',*,*,#5329,.F.);
#6439=ORIENTED_EDGE('',*,*,#5328,.F.);
#6440=ORIENTED_EDGE('',*,*,#5330,.F.);
#6441=ORIENTED_EDGE('',*,*,#5331,.T.);
#6442=ORIENTED_EDGE('',*,*,#5332,.F.);
#6443=ORIENTED_EDGE('',*,*,#5331,.F.);
#6444=ORIENTED_EDGE('',*,*,#5333,.F.);
#6445=ORIENTED_EDGE('',*,*,#5334,.T.);
#6446=ORIENTED_EDGE('',*,*,#5335,.F.);
#6447=ORIENTED_EDGE('',*,*,#5334,.F.);
#6448=ORIENTED_EDGE('',*,*,#5336,.F.);
#6449=ORIENTED_EDGE('',*,*,#5337,.T.);
#6450=ORIENTED_EDGE('',*,*,#5338,.F.);
#6451=ORIENTED_EDGE('',*,*,#5337,.F.);
#6452=ORIENTED_EDGE('',*,*,#5339,.F.);
#6453=ORIENTED_EDGE('',*,*,#5340,.T.);
#6454=ORIENTED_EDGE('',*,*,#5341,.F.);
#6455=ORIENTED_EDGE('',*,*,#5340,.F.);
#6456=ORIENTED_EDGE('',*,*,#5342,.F.);
#6457=ORIENTED_EDGE('',*,*,#5343,.T.);
#6458=ORIENTED_EDGE('',*,*,#5344,.F.);
#6459=ORIENTED_EDGE('',*,*,#5343,.F.);
#6460=ORIENTED_EDGE('',*,*,#5345,.F.);
#6461=ORIENTED_EDGE('',*,*,#5346,.T.);
#6462=ORIENTED_EDGE('',*,*,#5347,.F.);
#6463=ORIENTED_EDGE('',*,*,#5346,.F.);
#6464=ORIENTED_EDGE('',*,*,#5348,.F.);
#6465=ORIENTED_EDGE('',*,*,#5349,.T.);
#6466=ORIENTED_EDGE('',*,*,#5350,.F.);
#6467=ORIENTED_EDGE('',*,*,#5349,.F.);
#6468=ORIENTED_EDGE('',*,*,#5351,.F.);
#6469=ORIENTED_EDGE('',*,*,#5352,.T.);
#6470=ORIENTED_EDGE('',*,*,#5353,.F.);
#6471=ORIENTED_EDGE('',*,*,#5352,.F.);
#6472=ORIENTED_EDGE('',*,*,#5354,.F.);
#6473=ORIENTED_EDGE('',*,*,#5355,.T.);
#6474=ORIENTED_EDGE('',*,*,#5356,.F.);
#6475=ORIENTED_EDGE('',*,*,#5355,.F.);
#6476=ORIENTED_EDGE('',*,*,#5357,.F.);
#6477=ORIENTED_EDGE('',*,*,#5358,.T.);
#6478=ORIENTED_EDGE('',*,*,#5359,.F.);
#6479=ORIENTED_EDGE('',*,*,#5358,.F.);
#6480=ORIENTED_EDGE('',*,*,#5360,.F.);
#6481=ORIENTED_EDGE('',*,*,#5361,.T.);
#6482=ORIENTED_EDGE('',*,*,#5362,.F.);
#6483=ORIENTED_EDGE('',*,*,#5361,.F.);
#6484=ORIENTED_EDGE('',*,*,#5363,.F.);
#6485=ORIENTED_EDGE('',*,*,#5364,.T.);
#6486=ORIENTED_EDGE('',*,*,#5365,.F.);
#6487=ORIENTED_EDGE('',*,*,#5364,.F.);
#6488=ORIENTED_EDGE('',*,*,#5366,.F.);
#6489=ORIENTED_EDGE('',*,*,#5367,.T.);
#6490=ORIENTED_EDGE('',*,*,#5368,.F.);
#6491=ORIENTED_EDGE('',*,*,#5367,.F.);
#6492=ORIENTED_EDGE('',*,*,#5369,.F.);
#6493=ORIENTED_EDGE('',*,*,#5370,.T.);
#6494=ORIENTED_EDGE('',*,*,#5371,.F.);
#6495=ORIENTED_EDGE('',*,*,#5370,.F.);
#6496=ORIENTED_EDGE('',*,*,#5372,.F.);
#6497=ORIENTED_EDGE('',*,*,#5373,.T.);
#6498=ORIENTED_EDGE('',*,*,#5374,.F.);
#6499=ORIENTED_EDGE('',*,*,#5373,.F.);
#6500=ORIENTED_EDGE('',*,*,#5375,.F.);
#6501=ORIENTED_EDGE('',*,*,#5376,.T.);
#6502=ORIENTED_EDGE('',*,*,#5377,.F.);
#6503=ORIENTED_EDGE('',*,*,#5376,.F.);
#6504=ORIENTED_EDGE('',*,*,#5378,.F.);
#6505=ORIENTED_EDGE('',*,*,#5379,.T.);
#6506=ORIENTED_EDGE('',*,*,#5380,.F.);
#6507=ORIENTED_EDGE('',*,*,#5379,.F.);
#6508=ORIENTED_EDGE('',*,*,#5381,.F.);
#6509=ORIENTED_EDGE('',*,*,#5382,.T.);
#6510=ORIENTED_EDGE('',*,*,#5383,.F.);
#6511=ORIENTED_EDGE('',*,*,#5382,.F.);
#6512=ORIENTED_EDGE('',*,*,#5384,.F.);
#6513=ORIENTED_EDGE('',*,*,#5385,.T.);
#6514=ORIENTED_EDGE('',*,*,#5386,.F.);
#6515=ORIENTED_EDGE('',*,*,#5385,.F.);
#6516=ORIENTED_EDGE('',*,*,#5387,.F.);
#6517=ORIENTED_EDGE('',*,*,#5388,.T.);
#6518=ORIENTED_EDGE('',*,*,#5389,.F.);
#6519=ORIENTED_EDGE('',*,*,#5388,.F.);
#6520=ORIENTED_EDGE('',*,*,#5390,.F.);
#6521=ORIENTED_EDGE('',*,*,#5391,.T.);
#6522=ORIENTED_EDGE('',*,*,#5392,.F.);
#6523=ORIENTED_EDGE('',*,*,#5391,.F.);
#6524=ORIENTED_EDGE('',*,*,#5393,.F.);
#6525=ORIENTED_EDGE('',*,*,#5394,.T.);
#6526=ORIENTED_EDGE('',*,*,#5395,.F.);
#6527=ORIENTED_EDGE('',*,*,#5394,.F.);
#6528=ORIENTED_EDGE('',*,*,#5396,.F.);
#6529=ORIENTED_EDGE('',*,*,#5397,.T.);
#6530=ORIENTED_EDGE('',*,*,#5398,.F.);
#6531=ORIENTED_EDGE('',*,*,#5397,.F.);
#6532=ORIENTED_EDGE('',*,*,#5399,.F.);
#6533=ORIENTED_EDGE('',*,*,#5400,.T.);
#6534=ORIENTED_EDGE('',*,*,#5401,.F.);
#6535=ORIENTED_EDGE('',*,*,#5400,.F.);
#6536=ORIENTED_EDGE('',*,*,#5402,.F.);
#6537=ORIENTED_EDGE('',*,*,#5403,.T.);
#6538=ORIENTED_EDGE('',*,*,#5404,.F.);
#6539=ORIENTED_EDGE('',*,*,#5403,.F.);
#6540=ORIENTED_EDGE('',*,*,#5405,.F.);
#6541=ORIENTED_EDGE('',*,*,#5406,.T.);
#6542=ORIENTED_EDGE('',*,*,#5407,.F.);
#6543=ORIENTED_EDGE('',*,*,#5406,.F.);
#6544=ORIENTED_EDGE('',*,*,#5408,.F.);
#6545=ORIENTED_EDGE('',*,*,#5409,.T.);
#6546=ORIENTED_EDGE('',*,*,#5410,.F.);
#6547=ORIENTED_EDGE('',*,*,#5409,.F.);
#6548=ORIENTED_EDGE('',*,*,#5411,.F.);
#6549=ORIENTED_EDGE('',*,*,#5412,.T.);
#6550=ORIENTED_EDGE('',*,*,#5413,.F.);
#6551=ORIENTED_EDGE('',*,*,#5412,.F.);
#6552=ORIENTED_EDGE('',*,*,#5414,.F.);
#6553=ORIENTED_EDGE('',*,*,#5415,.T.);
#6554=ORIENTED_EDGE('',*,*,#5416,.F.);
#6555=ORIENTED_EDGE('',*,*,#5415,.F.);
#6556=ORIENTED_EDGE('',*,*,#5417,.F.);
#6557=ORIENTED_EDGE('',*,*,#5418,.T.);
#6558=ORIENTED_EDGE('',*,*,#5419,.F.);
#6559=ORIENTED_EDGE('',*,*,#5418,.F.);
#6560=ORIENTED_EDGE('',*,*,#5420,.F.);
#6561=ORIENTED_EDGE('',*,*,#5421,.T.);
#6562=ORIENTED_EDGE('',*,*,#5422,.F.);
#6563=ORIENTED_EDGE('',*,*,#5421,.F.);
#6564=ORIENTED_EDGE('',*,*,#5423,.F.);
#6565=ORIENTED_EDGE('',*,*,#5424,.T.);
#6566=ORIENTED_EDGE('',*,*,#5425,.F.);
#6567=ORIENTED_EDGE('',*,*,#5424,.F.);
#6568=ORIENTED_EDGE('',*,*,#5426,.F.);
#6569=ORIENTED_EDGE('',*,*,#5427,.T.);
#6570=ORIENTED_EDGE('',*,*,#5428,.F.);
#6571=ORIENTED_EDGE('',*,*,#5427,.F.);
#6572=ORIENTED_EDGE('',*,*,#5429,.F.);
#6573=ORIENTED_EDGE('',*,*,#5430,.T.);
#6574=ORIENTED_EDGE('',*,*,#5431,.F.);
#6575=ORIENTED_EDGE('',*,*,#5430,.F.);
#6576=ORIENTED_EDGE('',*,*,#5432,.F.);
#6577=ORIENTED_EDGE('',*,*,#5433,.T.);
#6578=ORIENTED_EDGE('',*,*,#5434,.F.);
#6579=ORIENTED_EDGE('',*,*,#5433,.F.);
#6580=ORIENTED_EDGE('',*,*,#5435,.F.);
#6581=ORIENTED_EDGE('',*,*,#5436,.T.);
#6582=ORIENTED_EDGE('',*,*,#5437,.F.);
#6583=ORIENTED_EDGE('',*,*,#5436,.F.);
#6584=ORIENTED_EDGE('',*,*,#5438,.F.);
#6585=ORIENTED_EDGE('',*,*,#5439,.T.);
#6586=ORIENTED_EDGE('',*,*,#5440,.F.);
#6587=ORIENTED_EDGE('',*,*,#5439,.F.);
#6588=ORIENTED_EDGE('',*,*,#5441,.F.);
#6589=ORIENTED_EDGE('',*,*,#5442,.T.);
#6590=ORIENTED_EDGE('',*,*,#5443,.T.);
#6591=ORIENTED_EDGE('',*,*,#5444,.F.);
#6592=ORIENTED_EDGE('',*,*,#5445,.T.);
#6593=ORIENTED_EDGE('',*,*,#5446,.F.);
#6594=ORIENTED_EDGE('',*,*,#5447,.T.);
#6595=ORIENTED_EDGE('',*,*,#5441,.T.);
#6596=ORIENTED_EDGE('',*,*,#5445,.F.);
#6597=ORIENTED_EDGE('',*,*,#5448,.F.);
#6598=ORIENTED_EDGE('',*,*,#5449,.T.);
#6599=ORIENTED_EDGE('',*,*,#5450,.F.);
#6600=ORIENTED_EDGE('',*,*,#5451,.T.);
#6601=ORIENTED_EDGE('',*,*,#5452,.F.);
#6602=ORIENTED_EDGE('',*,*,#5453,.T.);
#6603=ORIENTED_EDGE('',*,*,#5454,.F.);
#6604=ORIENTED_EDGE('',*,*,#5453,.F.);
#6605=ORIENTED_EDGE('',*,*,#5455,.T.);
#6606=ORIENTED_EDGE('',*,*,#5456,.T.);
#6607=ORIENTED_EDGE('',*,*,#5457,.T.);
#6608=ORIENTED_EDGE('',*,*,#5458,.F.);
#6609=ORIENTED_EDGE('',*,*,#5459,.T.);
#6610=ORIENTED_EDGE('',*,*,#5460,.T.);
#6611=ORIENTED_EDGE('',*,*,#5461,.T.);
#6612=ORIENTED_EDGE('',*,*,#5462,.F.);
#6613=ORIENTED_EDGE('',*,*,#5463,.F.);
#6614=ORIENTED_EDGE('',*,*,#5460,.F.);
#6615=ORIENTED_EDGE('',*,*,#5464,.F.);
#6616=ORIENTED_EDGE('',*,*,#5465,.F.);
#6617=ORIENTED_EDGE('',*,*,#5455,.F.);
#6618=ORIENTED_EDGE('',*,*,#5466,.F.);
#6619=ORIENTED_EDGE('',*,*,#5467,.F.);
#6620=ORIENTED_EDGE('',*,*,#5468,.F.);
#6621=ORIENTED_EDGE('',*,*,#5469,.F.);
#6622=ORIENTED_EDGE('',*,*,#5470,.F.);
#6623=ORIENTED_EDGE('',*,*,#5471,.F.);
#6624=ORIENTED_EDGE('',*,*,#5472,.F.);
#6625=ORIENTED_EDGE('',*,*,#5459,.F.);
#6626=ORIENTED_EDGE('',*,*,#5473,.F.);
#6627=ORIENTED_EDGE('',*,*,#5474,.F.);
#6628=ORIENTED_EDGE('',*,*,#5475,.F.);
#6629=ORIENTED_EDGE('',*,*,#5476,.F.);
#6630=ORIENTED_EDGE('',*,*,#5204,.T.);
#6631=ORIENTED_EDGE('',*,*,#5207,.T.);
#6632=ORIENTED_EDGE('',*,*,#5210,.T.);
#6633=ORIENTED_EDGE('',*,*,#5213,.T.);
#6634=ORIENTED_EDGE('',*,*,#5216,.T.);
#6635=ORIENTED_EDGE('',*,*,#5219,.T.);
#6636=ORIENTED_EDGE('',*,*,#5222,.T.);
#6637=ORIENTED_EDGE('',*,*,#5225,.T.);
#6638=ORIENTED_EDGE('',*,*,#5228,.T.);
#6639=ORIENTED_EDGE('',*,*,#5231,.T.);
#6640=ORIENTED_EDGE('',*,*,#5234,.T.);
#6641=ORIENTED_EDGE('',*,*,#5237,.T.);
#6642=ORIENTED_EDGE('',*,*,#5240,.T.);
#6643=ORIENTED_EDGE('',*,*,#5243,.T.);
#6644=ORIENTED_EDGE('',*,*,#5246,.T.);
#6645=ORIENTED_EDGE('',*,*,#5249,.T.);
#6646=ORIENTED_EDGE('',*,*,#5252,.T.);
#6647=ORIENTED_EDGE('',*,*,#5255,.T.);
#6648=ORIENTED_EDGE('',*,*,#5258,.T.);
#6649=ORIENTED_EDGE('',*,*,#5261,.T.);
#6650=ORIENTED_EDGE('',*,*,#5264,.T.);
#6651=ORIENTED_EDGE('',*,*,#5267,.T.);
#6652=ORIENTED_EDGE('',*,*,#5270,.T.);
#6653=ORIENTED_EDGE('',*,*,#5273,.T.);
#6654=ORIENTED_EDGE('',*,*,#5276,.T.);
#6655=ORIENTED_EDGE('',*,*,#5279,.T.);
#6656=ORIENTED_EDGE('',*,*,#5282,.T.);
#6657=ORIENTED_EDGE('',*,*,#5285,.T.);
#6658=ORIENTED_EDGE('',*,*,#5288,.T.);
#6659=ORIENTED_EDGE('',*,*,#5291,.T.);
#6660=ORIENTED_EDGE('',*,*,#5294,.T.);
#6661=ORIENTED_EDGE('',*,*,#5297,.T.);
#6662=ORIENTED_EDGE('',*,*,#5300,.T.);
#6663=ORIENTED_EDGE('',*,*,#5303,.T.);
#6664=ORIENTED_EDGE('',*,*,#5306,.T.);
#6665=ORIENTED_EDGE('',*,*,#5309,.T.);
#6666=ORIENTED_EDGE('',*,*,#5312,.T.);
#6667=ORIENTED_EDGE('',*,*,#5315,.T.);
#6668=ORIENTED_EDGE('',*,*,#5318,.T.);
#6669=ORIENTED_EDGE('',*,*,#5321,.T.);
#6670=ORIENTED_EDGE('',*,*,#5324,.T.);
#6671=ORIENTED_EDGE('',*,*,#5327,.T.);
#6672=ORIENTED_EDGE('',*,*,#5330,.T.);
#6673=ORIENTED_EDGE('',*,*,#5333,.T.);
#6674=ORIENTED_EDGE('',*,*,#5336,.T.);
#6675=ORIENTED_EDGE('',*,*,#5339,.T.);
#6676=ORIENTED_EDGE('',*,*,#5342,.T.);
#6677=ORIENTED_EDGE('',*,*,#5345,.T.);
#6678=ORIENTED_EDGE('',*,*,#5348,.T.);
#6679=ORIENTED_EDGE('',*,*,#5351,.T.);
#6680=ORIENTED_EDGE('',*,*,#5354,.T.);
#6681=ORIENTED_EDGE('',*,*,#5357,.T.);
#6682=ORIENTED_EDGE('',*,*,#5360,.T.);
#6683=ORIENTED_EDGE('',*,*,#5363,.T.);
#6684=ORIENTED_EDGE('',*,*,#5366,.T.);
#6685=ORIENTED_EDGE('',*,*,#5369,.T.);
#6686=ORIENTED_EDGE('',*,*,#5372,.T.);
#6687=ORIENTED_EDGE('',*,*,#5375,.T.);
#6688=ORIENTED_EDGE('',*,*,#5378,.T.);
#6689=ORIENTED_EDGE('',*,*,#5381,.T.);
#6690=ORIENTED_EDGE('',*,*,#5384,.T.);
#6691=ORIENTED_EDGE('',*,*,#5387,.T.);
#6692=ORIENTED_EDGE('',*,*,#5390,.T.);
#6693=ORIENTED_EDGE('',*,*,#5393,.T.);
#6694=ORIENTED_EDGE('',*,*,#5396,.T.);
#6695=ORIENTED_EDGE('',*,*,#5399,.T.);
#6696=ORIENTED_EDGE('',*,*,#5402,.T.);
#6697=ORIENTED_EDGE('',*,*,#5405,.T.);
#6698=ORIENTED_EDGE('',*,*,#5408,.T.);
#6699=ORIENTED_EDGE('',*,*,#5411,.T.);
#6700=ORIENTED_EDGE('',*,*,#5414,.T.);
#6701=ORIENTED_EDGE('',*,*,#5417,.T.);
#6702=ORIENTED_EDGE('',*,*,#5420,.T.);
#6703=ORIENTED_EDGE('',*,*,#5423,.T.);
#6704=ORIENTED_EDGE('',*,*,#5426,.T.);
#6705=ORIENTED_EDGE('',*,*,#5429,.T.);
#6706=ORIENTED_EDGE('',*,*,#5432,.T.);
#6707=ORIENTED_EDGE('',*,*,#5435,.T.);
#6708=ORIENTED_EDGE('',*,*,#5438,.T.);
#6709=ORIENTED_EDGE('',*,*,#5477,.T.);
#6710=ORIENTED_EDGE('',*,*,#5478,.T.);
#6711=ORIENTED_EDGE('',*,*,#5479,.T.);
#6712=ORIENTED_EDGE('',*,*,#5480,.T.);
#6713=ORIENTED_EDGE('',*,*,#5481,.T.);
#6714=ORIENTED_EDGE('',*,*,#5477,.F.);
#6715=ORIENTED_EDGE('',*,*,#5481,.F.);
#6716=ORIENTED_EDGE('',*,*,#5482,.T.);
#6717=ORIENTED_EDGE('',*,*,#5483,.T.);
#6718=ORIENTED_EDGE('',*,*,#5484,.T.);
#6719=ORIENTED_EDGE('',*,*,#5485,.T.);
#6720=ORIENTED_EDGE('',*,*,#5486,.T.);
#6721=ORIENTED_EDGE('',*,*,#5487,.T.);
#6722=ORIENTED_EDGE('',*,*,#5488,.T.);
#6723=ORIENTED_EDGE('',*,*,#5489,.T.);
#6724=ORIENTED_EDGE('',*,*,#5490,.T.);
#6725=ORIENTED_EDGE('',*,*,#5491,.T.);
#6726=ORIENTED_EDGE('',*,*,#5492,.T.);
#6727=ORIENTED_EDGE('',*,*,#5493,.T.);
#6728=ORIENTED_EDGE('',*,*,#5494,.T.);
#6729=ORIENTED_EDGE('',*,*,#5495,.T.);
#6730=ORIENTED_EDGE('',*,*,#5206,.T.);
#6731=ORIENTED_EDGE('',*,*,#5209,.T.);
#6732=ORIENTED_EDGE('',*,*,#5212,.T.);
#6733=ORIENTED_EDGE('',*,*,#5215,.T.);
#6734=ORIENTED_EDGE('',*,*,#5218,.T.);
#6735=ORIENTED_EDGE('',*,*,#5221,.T.);
#6736=ORIENTED_EDGE('',*,*,#5224,.T.);
#6737=ORIENTED_EDGE('',*,*,#5227,.T.);
#6738=ORIENTED_EDGE('',*,*,#5230,.T.);
#6739=ORIENTED_EDGE('',*,*,#5233,.T.);
#6740=ORIENTED_EDGE('',*,*,#5236,.T.);
#6741=ORIENTED_EDGE('',*,*,#5239,.T.);
#6742=ORIENTED_EDGE('',*,*,#5242,.T.);
#6743=ORIENTED_EDGE('',*,*,#5245,.T.);
#6744=ORIENTED_EDGE('',*,*,#5248,.T.);
#6745=ORIENTED_EDGE('',*,*,#5251,.T.);
#6746=ORIENTED_EDGE('',*,*,#5254,.T.);
#6747=ORIENTED_EDGE('',*,*,#5257,.T.);
#6748=ORIENTED_EDGE('',*,*,#5260,.T.);
#6749=ORIENTED_EDGE('',*,*,#5263,.T.);
#6750=ORIENTED_EDGE('',*,*,#5266,.T.);
#6751=ORIENTED_EDGE('',*,*,#5269,.T.);
#6752=ORIENTED_EDGE('',*,*,#5272,.T.);
#6753=ORIENTED_EDGE('',*,*,#5275,.T.);
#6754=ORIENTED_EDGE('',*,*,#5278,.T.);
#6755=ORIENTED_EDGE('',*,*,#5281,.T.);
#6756=ORIENTED_EDGE('',*,*,#5284,.T.);
#6757=ORIENTED_EDGE('',*,*,#5287,.T.);
#6758=ORIENTED_EDGE('',*,*,#5290,.T.);
#6759=ORIENTED_EDGE('',*,*,#5293,.T.);
#6760=ORIENTED_EDGE('',*,*,#5296,.T.);
#6761=ORIENTED_EDGE('',*,*,#5299,.T.);
#6762=ORIENTED_EDGE('',*,*,#5302,.T.);
#6763=ORIENTED_EDGE('',*,*,#5305,.T.);
#6764=ORIENTED_EDGE('',*,*,#5308,.T.);
#6765=ORIENTED_EDGE('',*,*,#5311,.T.);
#6766=ORIENTED_EDGE('',*,*,#5314,.T.);
#6767=ORIENTED_EDGE('',*,*,#5317,.T.);
#6768=ORIENTED_EDGE('',*,*,#5320,.T.);
#6769=ORIENTED_EDGE('',*,*,#5323,.T.);
#6770=ORIENTED_EDGE('',*,*,#5326,.T.);
#6771=ORIENTED_EDGE('',*,*,#5329,.T.);
#6772=ORIENTED_EDGE('',*,*,#5332,.T.);
#6773=ORIENTED_EDGE('',*,*,#5335,.T.);
#6774=ORIENTED_EDGE('',*,*,#5338,.T.);
#6775=ORIENTED_EDGE('',*,*,#5341,.T.);
#6776=ORIENTED_EDGE('',*,*,#5344,.T.);
#6777=ORIENTED_EDGE('',*,*,#5347,.T.);
#6778=ORIENTED_EDGE('',*,*,#5350,.T.);
#6779=ORIENTED_EDGE('',*,*,#5353,.T.);
#6780=ORIENTED_EDGE('',*,*,#5356,.T.);
#6781=ORIENTED_EDGE('',*,*,#5359,.T.);
#6782=ORIENTED_EDGE('',*,*,#5362,.T.);
#6783=ORIENTED_EDGE('',*,*,#5365,.T.);
#6784=ORIENTED_EDGE('',*,*,#5368,.T.);
#6785=ORIENTED_EDGE('',*,*,#5371,.T.);
#6786=ORIENTED_EDGE('',*,*,#5374,.T.);
#6787=ORIENTED_EDGE('',*,*,#5377,.T.);
#6788=ORIENTED_EDGE('',*,*,#5380,.T.);
#6789=ORIENTED_EDGE('',*,*,#5383,.T.);
#6790=ORIENTED_EDGE('',*,*,#5386,.T.);
#6791=ORIENTED_EDGE('',*,*,#5389,.T.);
#6792=ORIENTED_EDGE('',*,*,#5392,.T.);
#6793=ORIENTED_EDGE('',*,*,#5395,.T.);
#6794=ORIENTED_EDGE('',*,*,#5398,.T.);
#6795=ORIENTED_EDGE('',*,*,#5401,.T.);
#6796=ORIENTED_EDGE('',*,*,#5404,.T.);
#6797=ORIENTED_EDGE('',*,*,#5407,.T.);
#6798=ORIENTED_EDGE('',*,*,#5410,.T.);
#6799=ORIENTED_EDGE('',*,*,#5413,.T.);
#6800=ORIENTED_EDGE('',*,*,#5416,.T.);
#6801=ORIENTED_EDGE('',*,*,#5419,.T.);
#6802=ORIENTED_EDGE('',*,*,#5422,.T.);
#6803=ORIENTED_EDGE('',*,*,#5425,.T.);
#6804=ORIENTED_EDGE('',*,*,#5428,.T.);
#6805=ORIENTED_EDGE('',*,*,#5431,.T.);
#6806=ORIENTED_EDGE('',*,*,#5434,.T.);
#6807=ORIENTED_EDGE('',*,*,#5437,.T.);
#6808=ORIENTED_EDGE('',*,*,#5440,.T.);
#6809=ORIENTED_EDGE('',*,*,#5480,.F.);
#6810=ORIENTED_EDGE('',*,*,#5496,.F.);
#6811=ORIENTED_EDGE('',*,*,#5497,.F.);
#6812=ORIENTED_EDGE('',*,*,#5496,.T.);
#6813=ORIENTED_EDGE('',*,*,#5498,.T.);
#6814=ORIENTED_EDGE('',*,*,#5478,.F.);
#6815=ORIENTED_EDGE('',*,*,#5498,.F.);
#6816=ORIENTED_EDGE('',*,*,#5499,.F.);
#6817=ORIENTED_EDGE('',*,*,#5500,.F.);
#6818=ORIENTED_EDGE('',*,*,#5501,.T.);
#6819=ORIENTED_EDGE('',*,*,#5493,.F.);
#6820=ORIENTED_EDGE('',*,*,#5502,.T.);
#6821=ORIENTED_EDGE('',*,*,#5503,.T.);
#6822=ORIENTED_EDGE('',*,*,#5504,.F.);
#6823=ORIENTED_EDGE('',*,*,#5505,.F.);
#6824=ORIENTED_EDGE('',*,*,#5502,.F.);
#6825=ORIENTED_EDGE('',*,*,#5506,.F.);
#6826=ORIENTED_EDGE('',*,*,#5507,.T.);
#6827=ORIENTED_EDGE('',*,*,#5508,.F.);
#6828=ORIENTED_EDGE('',*,*,#5500,.T.);
#6829=ORIENTED_EDGE('',*,*,#5508,.T.);
#6830=ORIENTED_EDGE('',*,*,#5509,.T.);
#6831=ORIENTED_EDGE('',*,*,#5510,.T.);
#6832=ORIENTED_EDGE('',*,*,#5511,.T.);
#6833=ORIENTED_EDGE('',*,*,#5512,.F.);
#6834=ORIENTED_EDGE('',*,*,#5513,.F.);
#6835=ORIENTED_EDGE('',*,*,#5514,.F.);
#6836=ORIENTED_EDGE('',*,*,#5514,.T.);
#6837=ORIENTED_EDGE('',*,*,#5515,.T.);
#6838=ORIENTED_EDGE('',*,*,#5516,.F.);
#6839=ORIENTED_EDGE('',*,*,#5515,.F.);
#6840=ORIENTED_EDGE('',*,*,#5517,.F.);
#6841=ORIENTED_EDGE('',*,*,#5518,.T.);
#6842=ORIENTED_EDGE('',*,*,#5519,.T.);
#6843=ORIENTED_EDGE('',*,*,#5510,.F.);
#6844=ORIENTED_EDGE('',*,*,#5464,.T.);
#6845=ORIENTED_EDGE('',*,*,#5472,.T.);
#6846=ORIENTED_EDGE('',*,*,#5520,.T.);
#6847=ORIENTED_EDGE('',*,*,#5488,.F.);
#6848=ORIENTED_EDGE('',*,*,#5521,.F.);
#6849=ORIENTED_EDGE('',*,*,#5468,.T.);
#6850=ORIENTED_EDGE('',*,*,#5522,.T.);
#6851=ORIENTED_EDGE('',*,*,#5492,.F.);
#6852=ORIENTED_EDGE('',*,*,#5523,.F.);
#6853=ORIENTED_EDGE('',*,*,#5473,.T.);
#6854=ORIENTED_EDGE('',*,*,#5524,.T.);
#6855=ORIENTED_EDGE('',*,*,#5486,.F.);
#6856=ORIENTED_EDGE('',*,*,#5525,.F.);
#6857=ORIENTED_EDGE('',*,*,#5475,.T.);
#6858=ORIENTED_EDGE('',*,*,#5526,.T.);
#6859=ORIENTED_EDGE('',*,*,#5484,.F.);
#6860=ORIENTED_EDGE('',*,*,#5519,.F.);
#6861=ORIENTED_EDGE('',*,*,#5527,.T.);
#6862=ORIENTED_EDGE('',*,*,#5528,.T.);
#6863=ORIENTED_EDGE('',*,*,#5511,.F.);
#6864=ORIENTED_EDGE('',*,*,#5507,.F.);
#6865=ORIENTED_EDGE('',*,*,#5529,.F.);
#6866=ORIENTED_EDGE('',*,*,#5530,.F.);
#6867=ORIENTED_EDGE('',*,*,#5531,.T.);
#6868=ORIENTED_EDGE('',*,*,#5461,.F.);
#6869=ORIENTED_EDGE('',*,*,#5532,.F.);
#6870=ORIENTED_EDGE('',*,*,#5533,.F.);
#6871=ORIENTED_EDGE('',*,*,#5534,.F.);
#6872=ORIENTED_EDGE('',*,*,#5535,.T.);
#6873=ORIENTED_EDGE('',*,*,#5536,.F.);
#6874=ORIENTED_EDGE('',*,*,#5537,.F.);
#6875=ORIENTED_EDGE('',*,*,#5538,.F.);
#6876=ORIENTED_EDGE('',*,*,#5539,.F.);
#6877=ORIENTED_EDGE('',*,*,#5540,.F.);
#6878=ORIENTED_EDGE('',*,*,#5541,.T.);
#6879=ORIENTED_EDGE('',*,*,#5542,.F.);
#6880=ORIENTED_EDGE('',*,*,#5543,.F.);
#6881=ORIENTED_EDGE('',*,*,#5544,.F.);
#6882=ORIENTED_EDGE('',*,*,#5545,.T.);
#6883=ORIENTED_EDGE('',*,*,#5546,.F.);
#6884=ORIENTED_EDGE('',*,*,#5543,.T.);
#6885=ORIENTED_EDGE('',*,*,#5547,.T.);
#6886=ORIENTED_EDGE('',*,*,#5548,.F.);
#6887=ORIENTED_EDGE('',*,*,#5549,.T.);
#6888=ORIENTED_EDGE('',*,*,#5550,.T.);
#6889=ORIENTED_EDGE('',*,*,#5551,.F.);
#6890=ORIENTED_EDGE('',*,*,#5541,.F.);
#6891=ORIENTED_EDGE('',*,*,#5552,.F.);
#6892=ORIENTED_EDGE('',*,*,#5536,.T.);
#6893=ORIENTED_EDGE('',*,*,#5553,.T.);
#6894=ORIENTED_EDGE('',*,*,#5554,.F.);
#6895=ORIENTED_EDGE('',*,*,#5555,.F.);
#6896=ORIENTED_EDGE('',*,*,#5534,.T.);
#6897=ORIENTED_EDGE('',*,*,#5556,.T.);
#6898=ORIENTED_EDGE('',*,*,#5557,.F.);
#6899=ORIENTED_EDGE('',*,*,#5558,.T.);
#6900=ORIENTED_EDGE('',*,*,#5559,.T.);
#6901=ORIENTED_EDGE('',*,*,#5545,.F.);
#6902=ORIENTED_EDGE('',*,*,#5559,.F.);
#6903=ORIENTED_EDGE('',*,*,#5560,.F.);
#6904=ORIENTED_EDGE('',*,*,#5476,.T.);
#6905=ORIENTED_EDGE('',*,*,#5525,.T.);
#6906=ORIENTED_EDGE('',*,*,#5483,.F.);
#6907=ORIENTED_EDGE('',*,*,#5501,.F.);
#6908=ORIENTED_EDGE('',*,*,#5528,.F.);
#6909=ORIENTED_EDGE('',*,*,#5561,.F.);
#6910=ORIENTED_EDGE('',*,*,#5562,.T.);
#6911=ORIENTED_EDGE('',*,*,#5563,.F.);
#6912=ORIENTED_EDGE('',*,*,#5469,.T.);
#6913=ORIENTED_EDGE('',*,*,#5521,.T.);
#6914=ORIENTED_EDGE('',*,*,#5491,.F.);
#6915=ORIENTED_EDGE('',*,*,#5449,.F.);
#6916=ORIENTED_EDGE('',*,*,#5564,.F.);
#6917=ORIENTED_EDGE('',*,*,#5565,.F.);
#6918=ORIENTED_EDGE('',*,*,#5566,.T.);
#6919=ORIENTED_EDGE('',*,*,#5567,.F.);
#6920=ORIENTED_EDGE('',*,*,#5566,.F.);
#6921=ORIENTED_EDGE('',*,*,#5456,.F.);
#6922=ORIENTED_EDGE('',*,*,#5568,.T.);
#6923=ORIENTED_EDGE('',*,*,#5556,.F.);
#6924=ORIENTED_EDGE('',*,*,#5533,.T.);
#6925=ORIENTED_EDGE('',*,*,#5569,.T.);
#6926=ORIENTED_EDGE('',*,*,#5570,.F.);
#6927=ORIENTED_EDGE('',*,*,#5505,.T.);
#6928=ORIENTED_EDGE('',*,*,#5571,.T.);
#6929=ORIENTED_EDGE('',*,*,#5572,.T.);
#6930=ORIENTED_EDGE('',*,*,#5573,.F.);
#6931=ORIENTED_EDGE('',*,*,#5572,.F.);
#6932=ORIENTED_EDGE('',*,*,#5574,.T.);
#6933=ORIENTED_EDGE('',*,*,#5575,.T.);
#6934=ORIENTED_EDGE('',*,*,#5576,.F.);
#6935=ORIENTED_EDGE('',*,*,#5457,.F.);
#6936=ORIENTED_EDGE('',*,*,#5577,.F.);
#6937=ORIENTED_EDGE('',*,*,#5578,.F.);
#6938=ORIENTED_EDGE('',*,*,#5579,.F.);
#6939=ORIENTED_EDGE('',*,*,#5580,.F.);
#6940=ORIENTED_EDGE('',*,*,#5581,.T.);
#6941=ORIENTED_EDGE('',*,*,#5582,.T.);
#6942=ORIENTED_EDGE('',*,*,#5583,.T.);
#6943=ORIENTED_EDGE('',*,*,#5584,.F.);
#6944=ORIENTED_EDGE('',*,*,#5579,.T.);
#6945=ORIENTED_EDGE('',*,*,#5585,.T.);
#6946=ORIENTED_EDGE('',*,*,#5586,.F.);
#6947=ORIENTED_EDGE('',*,*,#5587,.T.);
#6948=ORIENTED_EDGE('',*,*,#5588,.T.);
#6949=ORIENTED_EDGE('',*,*,#5583,.F.);
#6950=ORIENTED_EDGE('',*,*,#5588,.F.);
#6951=ORIENTED_EDGE('',*,*,#5499,.T.);
#6952=ORIENTED_EDGE('',*,*,#5522,.F.);
#6953=ORIENTED_EDGE('',*,*,#5589,.F.);
#6954=ORIENTED_EDGE('',*,*,#5503,.F.);
#6955=ORIENTED_EDGE('',*,*,#5513,.T.);
#6956=ORIENTED_EDGE('',*,*,#5590,.T.);
#6957=ORIENTED_EDGE('',*,*,#5591,.F.);
#6958=ORIENTED_EDGE('',*,*,#5590,.F.);
#6959=ORIENTED_EDGE('',*,*,#5562,.F.);
#6960=ORIENTED_EDGE('',*,*,#5466,.T.);
#6961=ORIENTED_EDGE('',*,*,#5452,.T.);
#6962=ORIENTED_EDGE('',*,*,#5494,.F.);
#6963=ORIENTED_EDGE('',*,*,#5585,.F.);
#6964=ORIENTED_EDGE('',*,*,#5578,.T.);
#6965=ORIENTED_EDGE('',*,*,#5446,.T.);
#6966=ORIENTED_EDGE('',*,*,#5592,.F.);
#6967=ORIENTED_EDGE('',*,*,#5593,.T.);
#6968=ORIENTED_EDGE('',*,*,#5524,.F.);
#6969=ORIENTED_EDGE('',*,*,#5458,.T.);
#6970=ORIENTED_EDGE('',*,*,#5594,.F.);
#6971=ORIENTED_EDGE('',*,*,#5595,.T.);
#6972=ORIENTED_EDGE('',*,*,#5596,.T.);
#6973=ORIENTED_EDGE('',*,*,#5581,.F.);
#6974=ORIENTED_EDGE('',*,*,#5596,.F.);
#6975=ORIENTED_EDGE('',*,*,#5594,.T.);
#6976=ORIENTED_EDGE('',*,*,#5544,.T.);
#6977=ORIENTED_EDGE('',*,*,#5546,.T.);
#6978=ORIENTED_EDGE('',*,*,#5597,.F.);
#6979=ORIENTED_EDGE('',*,*,#5497,.T.);
#6980=ORIENTED_EDGE('',*,*,#5598,.T.);
#6981=ORIENTED_EDGE('',*,*,#5479,.F.);
#6982=ORIENTED_EDGE('',*,*,#5598,.F.);
#6983=ORIENTED_EDGE('',*,*,#5454,.T.);
#6984=ORIENTED_EDGE('',*,*,#5580,.T.);
#6985=ORIENTED_EDGE('',*,*,#5584,.T.);
#6986=ORIENTED_EDGE('',*,*,#5599,.F.);
#6987=ORIENTED_EDGE('',*,*,#5555,.T.);
#6988=ORIENTED_EDGE('',*,*,#5600,.T.);
#6989=ORIENTED_EDGE('',*,*,#5553,.F.);
#6990=ORIENTED_EDGE('',*,*,#5535,.F.);
#6991=ORIENTED_EDGE('',*,*,#5601,.F.);
#6992=ORIENTED_EDGE('',*,*,#5537,.T.);
#6993=ORIENTED_EDGE('',*,*,#5552,.T.);
#6994=ORIENTED_EDGE('',*,*,#5602,.F.);
#6995=ORIENTED_EDGE('',*,*,#5506,.T.);
#6996=ORIENTED_EDGE('',*,*,#5573,.T.);
#6997=ORIENTED_EDGE('',*,*,#5576,.T.);
#6998=ORIENTED_EDGE('',*,*,#5603,.T.);
#6999=ORIENTED_EDGE('',*,*,#5604,.T.);
#7000=ORIENTED_EDGE('',*,*,#5605,.T.);
#7001=ORIENTED_EDGE('',*,*,#5606,.F.);
#7002=ORIENTED_EDGE('',*,*,#5607,.F.);
#7003=ORIENTED_EDGE('',*,*,#5608,.F.);
#7004=ORIENTED_EDGE('',*,*,#5609,.T.);
#7005=ORIENTED_EDGE('',*,*,#5610,.T.);
#7006=ORIENTED_EDGE('',*,*,#5604,.F.);
#7007=ORIENTED_EDGE('',*,*,#5607,.T.);
#7008=ORIENTED_EDGE('',*,*,#5611,.T.);
#7009=ORIENTED_EDGE('',*,*,#5612,.F.);
#7010=ORIENTED_EDGE('',*,*,#5611,.F.);
#7011=ORIENTED_EDGE('',*,*,#5613,.F.);
#7012=ORIENTED_EDGE('',*,*,#5527,.F.);
#7013=ORIENTED_EDGE('',*,*,#5518,.F.);
#7014=ORIENTED_EDGE('',*,*,#5614,.F.);
#7015=ORIENTED_EDGE('',*,*,#5615,.F.);
#7016=ORIENTED_EDGE('',*,*,#5616,.T.);
#7017=ORIENTED_EDGE('',*,*,#5591,.T.);
#7018=ORIENTED_EDGE('',*,*,#5516,.T.);
#7019=ORIENTED_EDGE('',*,*,#5549,.F.);
#7020=ORIENTED_EDGE('',*,*,#5540,.T.);
#7021=ORIENTED_EDGE('',*,*,#5617,.T.);
#7022=ORIENTED_EDGE('',*,*,#5618,.F.);
#7023=ORIENTED_EDGE('',*,*,#5619,.F.);
#7024=ORIENTED_EDGE('',*,*,#5620,.T.);
#7025=ORIENTED_EDGE('',*,*,#5564,.T.);
#7026=ORIENTED_EDGE('',*,*,#5621,.F.);
#7027=ORIENTED_EDGE('',*,*,#5606,.T.);
#7028=ORIENTED_EDGE('',*,*,#5622,.T.);
#7029=ORIENTED_EDGE('',*,*,#5623,.F.);
#7030=ORIENTED_EDGE('',*,*,#5622,.F.);
#7031=ORIENTED_EDGE('',*,*,#5624,.F.);
#7032=ORIENTED_EDGE('',*,*,#5625,.F.);
#7033=ORIENTED_EDGE('',*,*,#5609,.F.);
#7034=ORIENTED_EDGE('',*,*,#5626,.F.);
#7035=ORIENTED_EDGE('',*,*,#5574,.F.);
#7036=ORIENTED_EDGE('',*,*,#5571,.F.);
#7037=ORIENTED_EDGE('',*,*,#5623,.T.);
#7038=ORIENTED_EDGE('',*,*,#5612,.T.);
#7039=ORIENTED_EDGE('',*,*,#5627,.T.);
#7040=ORIENTED_EDGE('',*,*,#5599,.T.);
#7041=ORIENTED_EDGE('',*,*,#5586,.T.);
#7042=ORIENTED_EDGE('',*,*,#5592,.T.);
#7043=ORIENTED_EDGE('',*,*,#5450,.T.);
#7044=ORIENTED_EDGE('',*,*,#5595,.F.);
#7045=ORIENTED_EDGE('',*,*,#5628,.F.);
#7046=ORIENTED_EDGE('',*,*,#5587,.F.);
#7047=ORIENTED_EDGE('',*,*,#5629,.F.);
#7048=ORIENTED_EDGE('',*,*,#5470,.T.);
#7049=ORIENTED_EDGE('',*,*,#5563,.T.);
#7050=ORIENTED_EDGE('',*,*,#5490,.F.);
#7051=ORIENTED_EDGE('',*,*,#5443,.F.);
#7052=ORIENTED_EDGE('',*,*,#5630,.T.);
#7053=ORIENTED_EDGE('',*,*,#5631,.T.);
#7054=ORIENTED_EDGE('',*,*,#5632,.F.);
#7055=ORIENTED_EDGE('',*,*,#5631,.F.);
#7056=ORIENTED_EDGE('',*,*,#5633,.T.);
#7057=ORIENTED_EDGE('',*,*,#5634,.T.);
#7058=ORIENTED_EDGE('',*,*,#5635,.F.);
#7059=ORIENTED_EDGE('',*,*,#5575,.F.);
#7060=ORIENTED_EDGE('',*,*,#5626,.T.);
#7061=ORIENTED_EDGE('',*,*,#5608,.T.);
#7062=ORIENTED_EDGE('',*,*,#5603,.F.);
#7063=ORIENTED_EDGE('',*,*,#5628,.T.);
#7064=ORIENTED_EDGE('',*,*,#5636,.T.);
#7065=ORIENTED_EDGE('',*,*,#5582,.F.);
#7066=ORIENTED_EDGE('',*,*,#5636,.F.);
#7067=ORIENTED_EDGE('',*,*,#5617,.F.);
#7068=ORIENTED_EDGE('',*,*,#5539,.T.);
#7069=ORIENTED_EDGE('',*,*,#5637,.T.);
#7070=ORIENTED_EDGE('',*,*,#5638,.F.);
#7071=ORIENTED_EDGE('',*,*,#5637,.F.);
#7072=ORIENTED_EDGE('',*,*,#5538,.T.);
#7073=ORIENTED_EDGE('',*,*,#5601,.T.);
#7074=ORIENTED_EDGE('',*,*,#5639,.F.);
#7075=ORIENTED_EDGE('',*,*,#5640,.T.);
#7076=ORIENTED_EDGE('',*,*,#5597,.T.);
#7077=ORIENTED_EDGE('',*,*,#5548,.T.);
#7078=ORIENTED_EDGE('',*,*,#5641,.T.);
#7079=ORIENTED_EDGE('',*,*,#5550,.F.);
#7080=ORIENTED_EDGE('',*,*,#5618,.T.);
#7081=ORIENTED_EDGE('',*,*,#5638,.T.);
#7082=ORIENTED_EDGE('',*,*,#5639,.T.);
#7083=ORIENTED_EDGE('',*,*,#5602,.T.);
#7084=ORIENTED_EDGE('',*,*,#5554,.T.);
#7085=ORIENTED_EDGE('',*,*,#5600,.F.);
#7086=ORIENTED_EDGE('',*,*,#5557,.T.);
#7087=ORIENTED_EDGE('',*,*,#5570,.T.);
#7088=ORIENTED_EDGE('',*,*,#5642,.T.);
#7089=ORIENTED_EDGE('',*,*,#5558,.F.);
#7090=ORIENTED_EDGE('',*,*,#5531,.F.);
#7091=ORIENTED_EDGE('',*,*,#5614,.T.);
#7092=ORIENTED_EDGE('',*,*,#5517,.T.);
#7093=ORIENTED_EDGE('',*,*,#5509,.F.);
#7094=ORIENTED_EDGE('',*,*,#5526,.F.);
#7095=ORIENTED_EDGE('',*,*,#5474,.T.);
#7096=ORIENTED_EDGE('',*,*,#5523,.T.);
#7097=ORIENTED_EDGE('',*,*,#5485,.F.);
#7098=ORIENTED_EDGE('',*,*,#5447,.F.);
#7099=ORIENTED_EDGE('',*,*,#5577,.T.);
#7100=ORIENTED_EDGE('',*,*,#5565,.T.);
#7101=ORIENTED_EDGE('',*,*,#5643,.T.);
#7102=ORIENTED_EDGE('',*,*,#5610,.F.);
#7103=ORIENTED_EDGE('',*,*,#5625,.T.);
#7104=ORIENTED_EDGE('',*,*,#5529,.T.);
#7105=ORIENTED_EDGE('',*,*,#5605,.F.);
#7106=ORIENTED_EDGE('',*,*,#5512,.T.);
#7107=ORIENTED_EDGE('',*,*,#5644,.T.);
#7108=ORIENTED_EDGE('',*,*,#5616,.F.);
#7109=ORIENTED_EDGE('',*,*,#5644,.F.);
#7110=ORIENTED_EDGE('',*,*,#5451,.F.);
#7111=ORIENTED_EDGE('',*,*,#5627,.F.);
#7112=ORIENTED_EDGE('',*,*,#5567,.T.);
#7113=ORIENTED_EDGE('',*,*,#5495,.F.);
#7114=ORIENTED_EDGE('',*,*,#5593,.F.);
#7115=ORIENTED_EDGE('',*,*,#5640,.F.);
#7116=ORIENTED_EDGE('',*,*,#5462,.T.);
#7117=ORIENTED_EDGE('',*,*,#5487,.F.);
#7118=ORIENTED_EDGE('',*,*,#5589,.T.);
#7119=ORIENTED_EDGE('',*,*,#5467,.T.);
#7120=ORIENTED_EDGE('',*,*,#5561,.T.);
#7121=ORIENTED_EDGE('',*,*,#5613,.T.);
#7122=ORIENTED_EDGE('',*,*,#5643,.F.);
#7123=ORIENTED_EDGE('',*,*,#5620,.F.);
#7124=ORIENTED_EDGE('',*,*,#5645,.F.);
#7125=ORIENTED_EDGE('',*,*,#5633,.F.);
#7126=ORIENTED_EDGE('',*,*,#5630,.F.);
#7127=ORIENTED_EDGE('',*,*,#5442,.F.);
#7128=ORIENTED_EDGE('',*,*,#5646,.T.);
#7129=ORIENTED_EDGE('',*,*,#5647,.T.);
#7130=ORIENTED_EDGE('',*,*,#5648,.T.);
#7131=ORIENTED_EDGE('',*,*,#5649,.T.);
#7132=ORIENTED_EDGE('',*,*,#5646,.F.);
#7133=ORIENTED_EDGE('',*,*,#5649,.F.);
#7134=ORIENTED_EDGE('',*,*,#5650,.T.);
#7135=ORIENTED_EDGE('',*,*,#5651,.T.);
#7136=ORIENTED_EDGE('',*,*,#5647,.F.);
#7137=ORIENTED_EDGE('',*,*,#5651,.F.);
#7138=ORIENTED_EDGE('',*,*,#5634,.F.);
#7139=ORIENTED_EDGE('',*,*,#5645,.T.);
#7140=ORIENTED_EDGE('',*,*,#5619,.T.);
#7141=ORIENTED_EDGE('',*,*,#5652,.F.);
#7142=ORIENTED_EDGE('',*,*,#5569,.F.);
#7143=ORIENTED_EDGE('',*,*,#5532,.T.);
#7144=ORIENTED_EDGE('',*,*,#5463,.T.);
#7145=ORIENTED_EDGE('',*,*,#5642,.F.);
#7146=ORIENTED_EDGE('',*,*,#5547,.F.);
#7147=ORIENTED_EDGE('',*,*,#5542,.T.);
#7148=ORIENTED_EDGE('',*,*,#5551,.T.);
#7149=ORIENTED_EDGE('',*,*,#5641,.F.);
#7150=ORIENTED_EDGE('',*,*,#5448,.T.);
#7151=ORIENTED_EDGE('',*,*,#5444,.T.);
#7152=ORIENTED_EDGE('',*,*,#5632,.T.);
#7153=ORIENTED_EDGE('',*,*,#5635,.T.);
#7154=ORIENTED_EDGE('',*,*,#5652,.T.);
#7155=ORIENTED_EDGE('',*,*,#5621,.T.);
#7156=ORIENTED_EDGE('',*,*,#5648,.F.);
#7157=ORIENTED_EDGE('',*,*,#5650,.F.);
#7158=ORIENTED_EDGE('',*,*,#5568,.F.);
#7159=ORIENTED_EDGE('',*,*,#5465,.T.);
#7160=ORIENTED_EDGE('',*,*,#5560,.T.);
#7161=ORIENTED_EDGE('',*,*,#5482,.F.);
#7162=ORIENTED_EDGE('',*,*,#5520,.F.);
#7163=ORIENTED_EDGE('',*,*,#5471,.T.);
#7164=ORIENTED_EDGE('',*,*,#5629,.T.);
#7165=ORIENTED_EDGE('',*,*,#5489,.F.);
#7166=ORIENTED_EDGE('',*,*,#5504,.T.);
#7167=ORIENTED_EDGE('',*,*,#5615,.T.);
#7168=ORIENTED_EDGE('',*,*,#5530,.T.);
#7169=ORIENTED_EDGE('',*,*,#5624,.T.);
#7170=ORIENTED_EDGE('',*,*,#5653,.F.);
#7171=ORIENTED_EDGE('',*,*,#5654,.F.);
#7172=ORIENTED_EDGE('',*,*,#5655,.T.);
#7173=ORIENTED_EDGE('',*,*,#5656,.F.);
#7174=ORIENTED_EDGE('',*,*,#5653,.T.);
#7175=ORIENTED_EDGE('',*,*,#5657,.F.);
#7176=ORIENTED_EDGE('',*,*,#5658,.T.);
#7177=ORIENTED_EDGE('',*,*,#5659,.F.);
#7178=ORIENTED_EDGE('',*,*,#5660,.T.);
#7179=ORIENTED_EDGE('',*,*,#5656,.T.);
#7180=ORIENTED_EDGE('',*,*,#5661,.T.);
#7181=ORIENTED_EDGE('',*,*,#5662,.T.);
#7182=ORIENTED_EDGE('',*,*,#5663,.F.);
#7183=ORIENTED_EDGE('',*,*,#5664,.F.);
#7184=ORIENTED_EDGE('',*,*,#5665,.F.);
#7185=ORIENTED_EDGE('',*,*,#5664,.T.);
#7186=ORIENTED_EDGE('',*,*,#5666,.T.);
#7187=ORIENTED_EDGE('',*,*,#5667,.F.);
#7188=ORIENTED_EDGE('',*,*,#5666,.F.);
#7189=ORIENTED_EDGE('',*,*,#5663,.T.);
#7190=ORIENTED_EDGE('',*,*,#5668,.T.);
#7191=ORIENTED_EDGE('',*,*,#5669,.F.);
#7192=ORIENTED_EDGE('',*,*,#5668,.F.);
#7193=ORIENTED_EDGE('',*,*,#5665,.T.);
#7194=ORIENTED_EDGE('',*,*,#5670,.T.);
#7195=ORIENTED_EDGE('',*,*,#5671,.F.);
#7196=ORIENTED_EDGE('',*,*,#5670,.F.);
#7197=ORIENTED_EDGE('',*,*,#5654,.T.);
#7198=ORIENTED_EDGE('',*,*,#5672,.T.);
#7199=ORIENTED_EDGE('',*,*,#5673,.T.);
#7200=ORIENTED_EDGE('',*,*,#5674,.T.);
#7201=ORIENTED_EDGE('',*,*,#5675,.T.);
#7202=ORIENTED_EDGE('',*,*,#5676,.T.);
#7203=ORIENTED_EDGE('',*,*,#5677,.F.);
#7204=ORIENTED_EDGE('',*,*,#5678,.F.);
#7205=ORIENTED_EDGE('',*,*,#5679,.F.);
#7206=ORIENTED_EDGE('',*,*,#5680,.F.);
#7207=ORIENTED_EDGE('',*,*,#5681,.T.);
#7208=ORIENTED_EDGE('',*,*,#5682,.T.);
#7209=ORIENTED_EDGE('',*,*,#5676,.F.);
#7210=ORIENTED_EDGE('',*,*,#5683,.T.);
#7211=ORIENTED_EDGE('',*,*,#5684,.T.);
#7212=ORIENTED_EDGE('',*,*,#5657,.T.);
#7213=ORIENTED_EDGE('',*,*,#5660,.F.);
#7214=ORIENTED_EDGE('',*,*,#5685,.F.);
#7215=ORIENTED_EDGE('',*,*,#5686,.T.);
#7216=ORIENTED_EDGE('',*,*,#5687,.T.);
#7217=ORIENTED_EDGE('',*,*,#5674,.F.);
#7218=ORIENTED_EDGE('',*,*,#5688,.T.);
#7219=ORIENTED_EDGE('',*,*,#5689,.T.);
#7220=ORIENTED_EDGE('',*,*,#5690,.T.);
#7221=ORIENTED_EDGE('',*,*,#5661,.F.);
#7222=ORIENTED_EDGE('',*,*,#5691,.F.);
#7223=ORIENTED_EDGE('',*,*,#5692,.F.);
#7224=ORIENTED_EDGE('',*,*,#5693,.T.);
#7225=ORIENTED_EDGE('',*,*,#5662,.F.);
#7226=ORIENTED_EDGE('',*,*,#5694,.F.);
#7227=ORIENTED_EDGE('',*,*,#5695,.F.);
#7228=ORIENTED_EDGE('',*,*,#5696,.F.);
#7229=ORIENTED_EDGE('',*,*,#5697,.F.);
#7230=ORIENTED_EDGE('',*,*,#5698,.F.);
#7231=ORIENTED_EDGE('',*,*,#5699,.F.);
#7232=ORIENTED_EDGE('',*,*,#5700,.T.);
#7233=ORIENTED_EDGE('',*,*,#5701,.T.);
#7234=ORIENTED_EDGE('',*,*,#5702,.T.);
#7235=ORIENTED_EDGE('',*,*,#5703,.F.);
#7236=ORIENTED_EDGE('',*,*,#5704,.T.);
#7237=ORIENTED_EDGE('',*,*,#5705,.T.);
#7238=ORIENTED_EDGE('',*,*,#5694,.T.);
#7239=ORIENTED_EDGE('',*,*,#5706,.T.);
#7240=ORIENTED_EDGE('',*,*,#5707,.T.);
#7241=ORIENTED_EDGE('',*,*,#5701,.F.);
#7242=ORIENTED_EDGE('',*,*,#5707,.F.);
#7243=ORIENTED_EDGE('',*,*,#5708,.T.);
#7244=ORIENTED_EDGE('',*,*,#5709,.T.);
#7245=ORIENTED_EDGE('',*,*,#5702,.F.);
#7246=ORIENTED_EDGE('',*,*,#5709,.F.);
#7247=ORIENTED_EDGE('',*,*,#5710,.F.);
#7248=ORIENTED_EDGE('',*,*,#5697,.T.);
#7249=ORIENTED_EDGE('',*,*,#5711,.T.);
#7250=ORIENTED_EDGE('',*,*,#5712,.F.);
#7251=ORIENTED_EDGE('',*,*,#5692,.T.);
#7252=ORIENTED_EDGE('',*,*,#5713,.T.);
#7253=ORIENTED_EDGE('',*,*,#5714,.T.);
#7254=ORIENTED_EDGE('',*,*,#5712,.T.);
#7255=ORIENTED_EDGE('',*,*,#5715,.T.);
#7256=ORIENTED_EDGE('',*,*,#5716,.T.);
#7257=ORIENTED_EDGE('',*,*,#5717,.F.);
#7258=ORIENTED_EDGE('',*,*,#5706,.F.);
#7259=ORIENTED_EDGE('',*,*,#5708,.F.);
#7260=ORIENTED_EDGE('',*,*,#5718,.F.);
#7261=ORIENTED_EDGE('',*,*,#5695,.T.);
#7262=ORIENTED_EDGE('',*,*,#5719,.T.);
#7263=ORIENTED_EDGE('',*,*,#5716,.F.);
#7264=ORIENTED_EDGE('',*,*,#5711,.F.);
#7265=ORIENTED_EDGE('',*,*,#5696,.T.);
#7266=ORIENTED_EDGE('',*,*,#5718,.T.);
#7267=ORIENTED_EDGE('',*,*,#5715,.F.);
#7268=ORIENTED_EDGE('',*,*,#5720,.T.);
#7269=ORIENTED_EDGE('',*,*,#5699,.T.);
#7270=ORIENTED_EDGE('',*,*,#5721,.T.);
#7271=ORIENTED_EDGE('',*,*,#5713,.F.);
#7272=ORIENTED_EDGE('',*,*,#5721,.F.);
#7273=ORIENTED_EDGE('',*,*,#5698,.T.);
#7274=ORIENTED_EDGE('',*,*,#5710,.T.);
#7275=ORIENTED_EDGE('',*,*,#5714,.F.);
#7276=ORIENTED_EDGE('',*,*,#5684,.F.);
#7277=ORIENTED_EDGE('',*,*,#5704,.F.);
#7278=ORIENTED_EDGE('',*,*,#5689,.F.);
#7279=ORIENTED_EDGE('',*,*,#5722,.F.);
#7280=ORIENTED_EDGE('',*,*,#5669,.T.);
#7281=ORIENTED_EDGE('',*,*,#5667,.T.);
#7282=ORIENTED_EDGE('',*,*,#5671,.T.);
#7283=ORIENTED_EDGE('',*,*,#5655,.F.);
#7284=ORIENTED_EDGE('',*,*,#5682,.F.);
#7285=ORIENTED_EDGE('',*,*,#5723,.F.);
#7286=ORIENTED_EDGE('',*,*,#5688,.F.);
#7287=ORIENTED_EDGE('',*,*,#5677,.T.);
#7288=ORIENTED_EDGE('',*,*,#5724,.T.);
#7289=ORIENTED_EDGE('',*,*,#5725,.F.);
#7290=ORIENTED_EDGE('',*,*,#5724,.F.);
#7291=ORIENTED_EDGE('',*,*,#5726,.F.);
#7292=ORIENTED_EDGE('',*,*,#5727,.T.);
#7293=ORIENTED_EDGE('',*,*,#5685,.T.);
#7294=ORIENTED_EDGE('',*,*,#5673,.F.);
#7295=ORIENTED_EDGE('',*,*,#5687,.F.);
#7296=ORIENTED_EDGE('',*,*,#5728,.T.);
#7297=ORIENTED_EDGE('',*,*,#5680,.T.);
#7298=ORIENTED_EDGE('',*,*,#5675,.F.);
#7299=ORIENTED_EDGE('',*,*,#5729,.F.);
#7300=ORIENTED_EDGE('',*,*,#5681,.F.);
#7301=ORIENTED_EDGE('',*,*,#5728,.F.);
#7302=ORIENTED_EDGE('',*,*,#5686,.F.);
#7303=ORIENTED_EDGE('',*,*,#5727,.F.);
#7304=ORIENTED_EDGE('',*,*,#5730,.F.);
#7305=ORIENTED_EDGE('',*,*,#5725,.T.);
#7306=ORIENTED_EDGE('',*,*,#5731,.T.);
#7307=ORIENTED_EDGE('',*,*,#5732,.T.);
#7308=ORIENTED_EDGE('',*,*,#5678,.T.);
#7309=ORIENTED_EDGE('',*,*,#5733,.T.);
#7310=ORIENTED_EDGE('',*,*,#5731,.F.);
#7311=ORIENTED_EDGE('',*,*,#5733,.F.);
#7312=ORIENTED_EDGE('',*,*,#5659,.T.);
#7313=ORIENTED_EDGE('',*,*,#5730,.T.);
#7314=ORIENTED_EDGE('',*,*,#5726,.T.);
#7315=ORIENTED_EDGE('',*,*,#5672,.F.);
#7316=ORIENTED_EDGE('',*,*,#5717,.T.);
#7317=ORIENTED_EDGE('',*,*,#5734,.T.);
#7318=ORIENTED_EDGE('',*,*,#5700,.F.);
#7319=ORIENTED_EDGE('',*,*,#5734,.F.);
#7320=ORIENTED_EDGE('',*,*,#5679,.T.);
#7321=ORIENTED_EDGE('',*,*,#5735,.T.);
#7322=ORIENTED_EDGE('',*,*,#5732,.F.);
#7323=ORIENTED_EDGE('',*,*,#5735,.F.);
#7324=ORIENTED_EDGE('',*,*,#5691,.T.);
#7325=ORIENTED_EDGE('',*,*,#5690,.F.);
#7326=ORIENTED_EDGE('',*,*,#5703,.T.);
#7327=ORIENTED_EDGE('',*,*,#5720,.F.);
#7328=ORIENTED_EDGE('',*,*,#5693,.F.);
#7329=ORIENTED_EDGE('',*,*,#5719,.F.);
#7330=ORIENTED_EDGE('',*,*,#5705,.F.);
#7331=ORIENTED_EDGE('',*,*,#5683,.F.);
#7332=ORIENTED_EDGE('',*,*,#5658,.F.);
#7333=ORIENTED_EDGE('',*,*,#5722,.T.);
#7334=ORIENTED_EDGE('',*,*,#5723,.T.);
#7335=ORIENTED_EDGE('',*,*,#5729,.T.);
#7336=ORIENTED_EDGE('',*,*,#5736,.F.);
#7337=ORIENTED_EDGE('',*,*,#5737,.T.);
#7338=ORIENTED_EDGE('',*,*,#5738,.F.);
#7339=ORIENTED_EDGE('',*,*,#5737,.F.);
#7340=ORIENTED_EDGE('',*,*,#5739,.F.);
#7341=ORIENTED_EDGE('',*,*,#5740,.T.);
#7342=ORIENTED_EDGE('',*,*,#5741,.F.);
#7343=ORIENTED_EDGE('',*,*,#5740,.F.);
#7344=ORIENTED_EDGE('',*,*,#5742,.F.);
#7345=ORIENTED_EDGE('',*,*,#5743,.T.);
#7346=ORIENTED_EDGE('',*,*,#5744,.F.);
#7347=ORIENTED_EDGE('',*,*,#5743,.F.);
#7348=ORIENTED_EDGE('',*,*,#5745,.F.);
#7349=ORIENTED_EDGE('',*,*,#5746,.T.);
#7350=ORIENTED_EDGE('',*,*,#5747,.F.);
#7351=ORIENTED_EDGE('',*,*,#5746,.F.);
#7352=ORIENTED_EDGE('',*,*,#5748,.F.);
#7353=ORIENTED_EDGE('',*,*,#5749,.T.);
#7354=ORIENTED_EDGE('',*,*,#5750,.F.);
#7355=ORIENTED_EDGE('',*,*,#5749,.F.);
#7356=ORIENTED_EDGE('',*,*,#5751,.F.);
#7357=ORIENTED_EDGE('',*,*,#5752,.T.);
#7358=ORIENTED_EDGE('',*,*,#5753,.F.);
#7359=ORIENTED_EDGE('',*,*,#5752,.F.);
#7360=ORIENTED_EDGE('',*,*,#5754,.F.);
#7361=ORIENTED_EDGE('',*,*,#5755,.T.);
#7362=ORIENTED_EDGE('',*,*,#5756,.F.);
#7363=ORIENTED_EDGE('',*,*,#5755,.F.);
#7364=ORIENTED_EDGE('',*,*,#5757,.F.);
#7365=ORIENTED_EDGE('',*,*,#5758,.T.);
#7366=ORIENTED_EDGE('',*,*,#5759,.F.);
#7367=ORIENTED_EDGE('',*,*,#5758,.F.);
#7368=ORIENTED_EDGE('',*,*,#5760,.F.);
#7369=ORIENTED_EDGE('',*,*,#5761,.T.);
#7370=ORIENTED_EDGE('',*,*,#5762,.F.);
#7371=ORIENTED_EDGE('',*,*,#5761,.F.);
#7372=ORIENTED_EDGE('',*,*,#5763,.F.);
#7373=ORIENTED_EDGE('',*,*,#5764,.T.);
#7374=ORIENTED_EDGE('',*,*,#5765,.F.);
#7375=ORIENTED_EDGE('',*,*,#5764,.F.);
#7376=ORIENTED_EDGE('',*,*,#5766,.F.);
#7377=ORIENTED_EDGE('',*,*,#5767,.F.);
#7378=ORIENTED_EDGE('',*,*,#5768,.F.);
#7379=ORIENTED_EDGE('',*,*,#5769,.T.);
#7380=ORIENTED_EDGE('',*,*,#5770,.F.);
#7381=ORIENTED_EDGE('',*,*,#5769,.F.);
#7382=ORIENTED_EDGE('',*,*,#5771,.F.);
#7383=ORIENTED_EDGE('',*,*,#5772,.T.);
#7384=ORIENTED_EDGE('',*,*,#5773,.F.);
#7385=ORIENTED_EDGE('',*,*,#5772,.F.);
#7386=ORIENTED_EDGE('',*,*,#5774,.F.);
#7387=ORIENTED_EDGE('',*,*,#5775,.T.);
#7388=ORIENTED_EDGE('',*,*,#5776,.F.);
#7389=ORIENTED_EDGE('',*,*,#5775,.F.);
#7390=ORIENTED_EDGE('',*,*,#5777,.F.);
#7391=ORIENTED_EDGE('',*,*,#5767,.T.);
#7392=ORIENTED_EDGE('',*,*,#5778,.F.);
#7393=ORIENTED_EDGE('',*,*,#5779,.T.);
#7394=ORIENTED_EDGE('',*,*,#5780,.F.);
#7395=ORIENTED_EDGE('',*,*,#5779,.F.);
#7396=ORIENTED_EDGE('',*,*,#5781,.F.);
#7397=ORIENTED_EDGE('',*,*,#5782,.T.);
#7398=ORIENTED_EDGE('',*,*,#5783,.F.);
#7399=ORIENTED_EDGE('',*,*,#5782,.F.);
#7400=ORIENTED_EDGE('',*,*,#5784,.F.);
#7401=ORIENTED_EDGE('',*,*,#5785,.T.);
#7402=ORIENTED_EDGE('',*,*,#5786,.F.);
#7403=ORIENTED_EDGE('',*,*,#5785,.F.);
#7404=ORIENTED_EDGE('',*,*,#5787,.T.);
#7405=ORIENTED_EDGE('',*,*,#5788,.F.);
#7406=ORIENTED_EDGE('',*,*,#5789,.T.);
#7407=ORIENTED_EDGE('',*,*,#5790,.F.);
#7408=ORIENTED_EDGE('',*,*,#5791,.F.);
#7409=ORIENTED_EDGE('',*,*,#5792,.T.);
#7410=ORIENTED_EDGE('',*,*,#5788,.T.);
#7411=ORIENTED_EDGE('',*,*,#5793,.F.);
#7412=ORIENTED_EDGE('',*,*,#5794,.F.);
#7413=ORIENTED_EDGE('',*,*,#5795,.T.);
#7414=ORIENTED_EDGE('',*,*,#5796,.T.);
#7415=ORIENTED_EDGE('',*,*,#5797,.F.);
#7416=ORIENTED_EDGE('',*,*,#5798,.F.);
#7417=ORIENTED_EDGE('',*,*,#5799,.F.);
#7418=ORIENTED_EDGE('',*,*,#5800,.F.);
#7419=ORIENTED_EDGE('',*,*,#5801,.F.);
#7420=ORIENTED_EDGE('',*,*,#5802,.F.);
#7421=ORIENTED_EDGE('',*,*,#5803,.F.);
#7422=ORIENTED_EDGE('',*,*,#5804,.F.);
#7423=ORIENTED_EDGE('',*,*,#5805,.F.);
#7424=ORIENTED_EDGE('',*,*,#5806,.F.);
#7425=ORIENTED_EDGE('',*,*,#5795,.F.);
#7426=ORIENTED_EDGE('',*,*,#5807,.F.);
#7427=ORIENTED_EDGE('',*,*,#5808,.F.);
#7428=ORIENTED_EDGE('',*,*,#5792,.F.);
#7429=ORIENTED_EDGE('',*,*,#5809,.F.);
#7430=ORIENTED_EDGE('',*,*,#5810,.F.);
#7431=ORIENTED_EDGE('',*,*,#5811,.F.);
#7432=ORIENTED_EDGE('',*,*,#5736,.T.);
#7433=ORIENTED_EDGE('',*,*,#5739,.T.);
#7434=ORIENTED_EDGE('',*,*,#5742,.T.);
#7435=ORIENTED_EDGE('',*,*,#5745,.T.);
#7436=ORIENTED_EDGE('',*,*,#5748,.T.);
#7437=ORIENTED_EDGE('',*,*,#5751,.T.);
#7438=ORIENTED_EDGE('',*,*,#5754,.T.);
#7439=ORIENTED_EDGE('',*,*,#5757,.T.);
#7440=ORIENTED_EDGE('',*,*,#5760,.T.);
#7441=ORIENTED_EDGE('',*,*,#5763,.T.);
#7442=ORIENTED_EDGE('',*,*,#5774,.T.);
#7443=ORIENTED_EDGE('',*,*,#5771,.T.);
#7444=ORIENTED_EDGE('',*,*,#5768,.T.);
#7445=ORIENTED_EDGE('',*,*,#5777,.T.);
#7446=ORIENTED_EDGE('',*,*,#5778,.T.);
#7447=ORIENTED_EDGE('',*,*,#5781,.T.);
#7448=ORIENTED_EDGE('',*,*,#5784,.T.);
#7449=ORIENTED_EDGE('',*,*,#5812,.F.);
#7450=ORIENTED_EDGE('',*,*,#5805,.T.);
#7451=ORIENTED_EDGE('',*,*,#5813,.T.);
#7452=ORIENTED_EDGE('',*,*,#5814,.F.);
#7453=ORIENTED_EDGE('',*,*,#5813,.F.);
#7454=ORIENTED_EDGE('',*,*,#5804,.T.);
#7455=ORIENTED_EDGE('',*,*,#5815,.T.);
#7456=ORIENTED_EDGE('',*,*,#5816,.F.);
#7457=ORIENTED_EDGE('',*,*,#5817,.F.);
#7458=ORIENTED_EDGE('',*,*,#5801,.T.);
#7459=ORIENTED_EDGE('',*,*,#5818,.T.);
#7460=ORIENTED_EDGE('',*,*,#5819,.T.);
#7461=ORIENTED_EDGE('',*,*,#5820,.T.);
#7462=ORIENTED_EDGE('',*,*,#5821,.F.);
#7463=ORIENTED_EDGE('',*,*,#5817,.T.);
#7464=ORIENTED_EDGE('',*,*,#5822,.F.);
#7465=ORIENTED_EDGE('',*,*,#5820,.F.);
#7466=ORIENTED_EDGE('',*,*,#5823,.F.);
#7467=ORIENTED_EDGE('',*,*,#5824,.T.);
#7468=ORIENTED_EDGE('',*,*,#5825,.F.);
#7469=ORIENTED_EDGE('',*,*,#5826,.T.);
#7470=ORIENTED_EDGE('',*,*,#5827,.T.);
#7471=ORIENTED_EDGE('',*,*,#5828,.F.);
#7472=ORIENTED_EDGE('',*,*,#5827,.F.);
#7473=ORIENTED_EDGE('',*,*,#5823,.T.);
#7474=ORIENTED_EDGE('',*,*,#5829,.T.);
#7475=ORIENTED_EDGE('',*,*,#5830,.T.);
#7476=ORIENTED_EDGE('',*,*,#5831,.T.);
#7477=ORIENTED_EDGE('',*,*,#5832,.T.);
#7478=ORIENTED_EDGE('',*,*,#5833,.T.);
#7479=ORIENTED_EDGE('',*,*,#5834,.F.);
#7480=ORIENTED_EDGE('',*,*,#5826,.F.);
#7481=ORIENTED_EDGE('',*,*,#5835,.F.);
#7482=ORIENTED_EDGE('',*,*,#5824,.F.);
#7483=ORIENTED_EDGE('',*,*,#5836,.F.);
#7484=ORIENTED_EDGE('',*,*,#5818,.F.);
#7485=ORIENTED_EDGE('',*,*,#5837,.F.);
#7486=ORIENTED_EDGE('',*,*,#5835,.T.);
#7487=ORIENTED_EDGE('',*,*,#5838,.T.);
#7488=ORIENTED_EDGE('',*,*,#5839,.F.);
#7489=ORIENTED_EDGE('',*,*,#5838,.F.);
#7490=ORIENTED_EDGE('',*,*,#5837,.T.);
#7491=ORIENTED_EDGE('',*,*,#5800,.T.);
#7492=ORIENTED_EDGE('',*,*,#5840,.T.);
#7493=ORIENTED_EDGE('',*,*,#5841,.F.);
#7494=ORIENTED_EDGE('',*,*,#5842,.F.);
#7495=ORIENTED_EDGE('',*,*,#5798,.T.);
#7496=ORIENTED_EDGE('',*,*,#5843,.T.);
#7497=ORIENTED_EDGE('',*,*,#5844,.F.);
#7498=ORIENTED_EDGE('',*,*,#5834,.T.);
#7499=ORIENTED_EDGE('',*,*,#5845,.T.);
#7500=ORIENTED_EDGE('',*,*,#5846,.F.);
#7501=ORIENTED_EDGE('',*,*,#5845,.F.);
#7502=ORIENTED_EDGE('',*,*,#5847,.F.);
#7503=ORIENTED_EDGE('',*,*,#5848,.T.);
#7504=ORIENTED_EDGE('',*,*,#5836,.T.);
#7505=ORIENTED_EDGE('',*,*,#5833,.F.);
#7506=ORIENTED_EDGE('',*,*,#5843,.F.);
#7507=ORIENTED_EDGE('',*,*,#5811,.T.);
#7508=ORIENTED_EDGE('',*,*,#5849,.T.);
#7509=ORIENTED_EDGE('',*,*,#5850,.F.);
#7510=ORIENTED_EDGE('',*,*,#5851,.F.);
#7511=ORIENTED_EDGE('',*,*,#5852,.T.);
#7512=ORIENTED_EDGE('',*,*,#5853,.T.);
#7513=ORIENTED_EDGE('',*,*,#5830,.F.);
#7514=ORIENTED_EDGE('',*,*,#5790,.T.);
#7515=ORIENTED_EDGE('',*,*,#5854,.T.);
#7516=ORIENTED_EDGE('',*,*,#5855,.T.);
#7517=ORIENTED_EDGE('',*,*,#5856,.F.);
#7518=ORIENTED_EDGE('',*,*,#5857,.F.);
#7519=ORIENTED_EDGE('',*,*,#5858,.T.);
#7520=ORIENTED_EDGE('',*,*,#5859,.T.);
#7521=ORIENTED_EDGE('',*,*,#5860,.F.);
#7522=ORIENTED_EDGE('',*,*,#5861,.T.);
#7523=ORIENTED_EDGE('',*,*,#5856,.T.);
#7524=ORIENTED_EDGE('',*,*,#5862,.T.);
#7525=ORIENTED_EDGE('',*,*,#5863,.T.);
#7526=ORIENTED_EDGE('',*,*,#5860,.T.);
#7527=ORIENTED_EDGE('',*,*,#5864,.T.);
#7528=ORIENTED_EDGE('',*,*,#5865,.F.);
#7529=ORIENTED_EDGE('',*,*,#5866,.F.);
#7530=ORIENTED_EDGE('',*,*,#5867,.F.);
#7531=ORIENTED_EDGE('',*,*,#5866,.T.);
#7532=ORIENTED_EDGE('',*,*,#5868,.T.);
#7533=ORIENTED_EDGE('',*,*,#5869,.F.);
#7534=ORIENTED_EDGE('',*,*,#5868,.F.);
#7535=ORIENTED_EDGE('',*,*,#5865,.T.);
#7536=ORIENTED_EDGE('',*,*,#5870,.T.);
#7537=ORIENTED_EDGE('',*,*,#5871,.F.);
#7538=ORIENTED_EDGE('',*,*,#5870,.F.);
#7539=ORIENTED_EDGE('',*,*,#5822,.T.);
#7540=ORIENTED_EDGE('',*,*,#5872,.T.);
#7541=ORIENTED_EDGE('',*,*,#5851,.T.);
#7542=ORIENTED_EDGE('',*,*,#5829,.F.);
#7543=ORIENTED_EDGE('',*,*,#5873,.F.);
#7544=ORIENTED_EDGE('',*,*,#5874,.T.);
#7545=ORIENTED_EDGE('',*,*,#5857,.T.);
#7546=ORIENTED_EDGE('',*,*,#5863,.F.);
#7547=ORIENTED_EDGE('',*,*,#5849,.F.);
#7548=ORIENTED_EDGE('',*,*,#5810,.T.);
#7549=ORIENTED_EDGE('',*,*,#5875,.T.);
#7550=ORIENTED_EDGE('',*,*,#5876,.F.);
#7551=ORIENTED_EDGE('',*,*,#5853,.F.);
#7552=ORIENTED_EDGE('',*,*,#5877,.T.);
#7553=ORIENTED_EDGE('',*,*,#5878,.T.);
#7554=ORIENTED_EDGE('',*,*,#5831,.F.);
#7555=ORIENTED_EDGE('',*,*,#5787,.F.);
#7556=ORIENTED_EDGE('',*,*,#5861,.F.);
#7557=ORIENTED_EDGE('',*,*,#5879,.T.);
#7558=ORIENTED_EDGE('',*,*,#5880,.F.);
#7559=ORIENTED_EDGE('',*,*,#5879,.F.);
#7560=ORIENTED_EDGE('',*,*,#5881,.F.);
#7561=ORIENTED_EDGE('',*,*,#5882,.F.);
#7562=ORIENTED_EDGE('',*,*,#5883,.F.);
#7563=ORIENTED_EDGE('',*,*,#5878,.F.);
#7564=ORIENTED_EDGE('',*,*,#5884,.T.);
#7565=ORIENTED_EDGE('',*,*,#5847,.T.);
#7566=ORIENTED_EDGE('',*,*,#5832,.F.);
#7567=ORIENTED_EDGE('',*,*,#5875,.F.);
#7568=ORIENTED_EDGE('',*,*,#5809,.T.);
#7569=ORIENTED_EDGE('',*,*,#5791,.T.);
#7570=ORIENTED_EDGE('',*,*,#5885,.F.);
#7571=ORIENTED_EDGE('',*,*,#5867,.T.);
#7572=ORIENTED_EDGE('',*,*,#5886,.T.);
#7573=ORIENTED_EDGE('',*,*,#5887,.F.);
#7574=ORIENTED_EDGE('',*,*,#5886,.F.);
#7575=ORIENTED_EDGE('',*,*,#5888,.F.);
#7576=ORIENTED_EDGE('',*,*,#5889,.F.);
#7577=ORIENTED_EDGE('',*,*,#5858,.F.);
#7578=ORIENTED_EDGE('',*,*,#5874,.F.);
#7579=ORIENTED_EDGE('',*,*,#5890,.F.);
#7580=ORIENTED_EDGE('',*,*,#5854,.F.);
#7581=ORIENTED_EDGE('',*,*,#5871,.T.);
#7582=ORIENTED_EDGE('',*,*,#5869,.T.);
#7583=ORIENTED_EDGE('',*,*,#5887,.T.);
#7584=ORIENTED_EDGE('',*,*,#5796,.F.);
#7585=ORIENTED_EDGE('',*,*,#5806,.T.);
#7586=ORIENTED_EDGE('',*,*,#5812,.T.);
#7587=ORIENTED_EDGE('',*,*,#5891,.F.);
#7588=ORIENTED_EDGE('',*,*,#5840,.F.);
#7589=ORIENTED_EDGE('',*,*,#5799,.T.);
#7590=ORIENTED_EDGE('',*,*,#5842,.T.);
#7591=ORIENTED_EDGE('',*,*,#5892,.F.);
#7592=ORIENTED_EDGE('',*,*,#5819,.F.);
#7593=ORIENTED_EDGE('',*,*,#5848,.F.);
#7594=ORIENTED_EDGE('',*,*,#5884,.F.);
#7595=ORIENTED_EDGE('',*,*,#5877,.F.);
#7596=ORIENTED_EDGE('',*,*,#5852,.F.);
#7597=ORIENTED_EDGE('',*,*,#5872,.F.);
#7598=ORIENTED_EDGE('',*,*,#5846,.T.);
#7599=ORIENTED_EDGE('',*,*,#5828,.T.);
#7600=ORIENTED_EDGE('',*,*,#5839,.T.);
#7601=ORIENTED_EDGE('',*,*,#5883,.T.);
#7602=ORIENTED_EDGE('',*,*,#5807,.T.);
#7603=ORIENTED_EDGE('',*,*,#5794,.T.);
#7604=ORIENTED_EDGE('',*,*,#5893,.F.);
#7605=ORIENTED_EDGE('',*,*,#5859,.F.);
#7606=ORIENTED_EDGE('',*,*,#5889,.T.);
#7607=ORIENTED_EDGE('',*,*,#5881,.T.);
#7608=ORIENTED_EDGE('',*,*,#5864,.F.);
#7609=ORIENTED_EDGE('',*,*,#5789,.F.);
#7610=ORIENTED_EDGE('',*,*,#5808,.T.);
#7611=ORIENTED_EDGE('',*,*,#5882,.T.);
#7612=ORIENTED_EDGE('',*,*,#5888,.T.);
#7613=ORIENTED_EDGE('',*,*,#5894,.F.);
#7614=ORIENTED_EDGE('',*,*,#5802,.T.);
#7615=ORIENTED_EDGE('',*,*,#5821,.T.);
#7616=ORIENTED_EDGE('',*,*,#5895,.F.);
#7617=ORIENTED_EDGE('',*,*,#5844,.T.);
#7618=ORIENTED_EDGE('',*,*,#5850,.T.);
#7619=ORIENTED_EDGE('',*,*,#5876,.T.);
#7620=ORIENTED_EDGE('',*,*,#5885,.T.);
#7621=ORIENTED_EDGE('',*,*,#5793,.T.);
#7622=ORIENTED_EDGE('',*,*,#5880,.T.);
#7623=ORIENTED_EDGE('',*,*,#5893,.T.);
#7624=ORIENTED_EDGE('',*,*,#5797,.T.);
#7625=ORIENTED_EDGE('',*,*,#5891,.T.);
#7626=ORIENTED_EDGE('',*,*,#5814,.T.);
#7627=ORIENTED_EDGE('',*,*,#5816,.T.);
#7628=ORIENTED_EDGE('',*,*,#5896,.T.);
#7629=ORIENTED_EDGE('',*,*,#5895,.T.);
#7630=ORIENTED_EDGE('',*,*,#5825,.T.);
#7631=ORIENTED_EDGE('',*,*,#5841,.T.);
#7632=ORIENTED_EDGE('',*,*,#5892,.T.);
#7633=ORIENTED_EDGE('',*,*,#5738,.T.);
#7634=ORIENTED_EDGE('',*,*,#5741,.T.);
#7635=ORIENTED_EDGE('',*,*,#5744,.T.);
#7636=ORIENTED_EDGE('',*,*,#5747,.T.);
#7637=ORIENTED_EDGE('',*,*,#5750,.T.);
#7638=ORIENTED_EDGE('',*,*,#5753,.T.);
#7639=ORIENTED_EDGE('',*,*,#5756,.T.);
#7640=ORIENTED_EDGE('',*,*,#5759,.T.);
#7641=ORIENTED_EDGE('',*,*,#5762,.T.);
#7642=ORIENTED_EDGE('',*,*,#5765,.T.);
#7643=ORIENTED_EDGE('',*,*,#5773,.T.);
#7644=ORIENTED_EDGE('',*,*,#5776,.T.);
#7645=ORIENTED_EDGE('',*,*,#5766,.T.);
#7646=ORIENTED_EDGE('',*,*,#5770,.T.);
#7647=ORIENTED_EDGE('',*,*,#5780,.T.);
#7648=ORIENTED_EDGE('',*,*,#5783,.T.);
#7649=ORIENTED_EDGE('',*,*,#5786,.T.);
#7650=ORIENTED_EDGE('',*,*,#5815,.F.);
#7651=ORIENTED_EDGE('',*,*,#5803,.T.);
#7652=ORIENTED_EDGE('',*,*,#5894,.T.);
#7653=ORIENTED_EDGE('',*,*,#5896,.F.);
#7654=ORIENTED_EDGE('',*,*,#5855,.F.);
#7655=ORIENTED_EDGE('',*,*,#5890,.T.);
#7656=ORIENTED_EDGE('',*,*,#5873,.T.);
#7657=ORIENTED_EDGE('',*,*,#5862,.F.);
#7658=ORIENTED_EDGE('',*,*,#5897,.F.);
#7659=ORIENTED_EDGE('',*,*,#5898,.F.);
#7660=ORIENTED_EDGE('',*,*,#5899,.F.);
#7661=ORIENTED_EDGE('',*,*,#5900,.T.);
#7662=ORIENTED_EDGE('',*,*,#5901,.F.);
#7663=ORIENTED_EDGE('',*,*,#5900,.F.);
#7664=ORIENTED_EDGE('',*,*,#5902,.F.);
#7665=ORIENTED_EDGE('',*,*,#5898,.T.);
#7666=ORIENTED_EDGE('',*,*,#5903,.F.);
#7667=ORIENTED_EDGE('',*,*,#5904,.T.);
#7668=ORIENTED_EDGE('',*,*,#5905,.F.);
#7669=ORIENTED_EDGE('',*,*,#5904,.F.);
#7670=ORIENTED_EDGE('',*,*,#5906,.F.);
#7671=ORIENTED_EDGE('',*,*,#5907,.F.);
#7672=ORIENTED_EDGE('',*,*,#5908,.F.);
#7673=ORIENTED_EDGE('',*,*,#5909,.T.);
#7674=ORIENTED_EDGE('',*,*,#5910,.F.);
#7675=ORIENTED_EDGE('',*,*,#5909,.F.);
#7676=ORIENTED_EDGE('',*,*,#5911,.F.);
#7677=ORIENTED_EDGE('',*,*,#5907,.T.);
#7678=ORIENTED_EDGE('',*,*,#5912,.F.);
#7679=ORIENTED_EDGE('',*,*,#5913,.T.);
#7680=ORIENTED_EDGE('',*,*,#5914,.F.);
#7681=ORIENTED_EDGE('',*,*,#5913,.F.);
#7682=ORIENTED_EDGE('',*,*,#5915,.F.);
#7683=ORIENTED_EDGE('',*,*,#5916,.F.);
#7684=ORIENTED_EDGE('',*,*,#5917,.F.);
#7685=ORIENTED_EDGE('',*,*,#5918,.T.);
#7686=ORIENTED_EDGE('',*,*,#5919,.F.);
#7687=ORIENTED_EDGE('',*,*,#5918,.F.);
#7688=ORIENTED_EDGE('',*,*,#5920,.F.);
#7689=ORIENTED_EDGE('',*,*,#5916,.T.);
#7690=ORIENTED_EDGE('',*,*,#5921,.F.);
#7691=ORIENTED_EDGE('',*,*,#5922,.T.);
#7692=ORIENTED_EDGE('',*,*,#5923,.F.);
#7693=ORIENTED_EDGE('',*,*,#5922,.F.);
#7694=ORIENTED_EDGE('',*,*,#5924,.F.);
#7695=ORIENTED_EDGE('',*,*,#5925,.F.);
#7696=ORIENTED_EDGE('',*,*,#5926,.F.);
#7697=ORIENTED_EDGE('',*,*,#5927,.T.);
#7698=ORIENTED_EDGE('',*,*,#5928,.F.);
#7699=ORIENTED_EDGE('',*,*,#5927,.F.);
#7700=ORIENTED_EDGE('',*,*,#5929,.F.);
#7701=ORIENTED_EDGE('',*,*,#5925,.T.);
#7702=ORIENTED_EDGE('',*,*,#5930,.F.);
#7703=ORIENTED_EDGE('',*,*,#5931,.T.);
#7704=ORIENTED_EDGE('',*,*,#5932,.F.);
#7705=ORIENTED_EDGE('',*,*,#5931,.F.);
#7706=ORIENTED_EDGE('',*,*,#5933,.F.);
#7707=ORIENTED_EDGE('',*,*,#5934,.F.);
#7708=ORIENTED_EDGE('',*,*,#5935,.F.);
#7709=ORIENTED_EDGE('',*,*,#5936,.T.);
#7710=ORIENTED_EDGE('',*,*,#5937,.F.);
#7711=ORIENTED_EDGE('',*,*,#5936,.F.);
#7712=ORIENTED_EDGE('',*,*,#5938,.F.);
#7713=ORIENTED_EDGE('',*,*,#5934,.T.);
#7714=ORIENTED_EDGE('',*,*,#5939,.F.);
#7715=ORIENTED_EDGE('',*,*,#5940,.F.);
#7716=ORIENTED_EDGE('',*,*,#5941,.F.);
#7717=ORIENTED_EDGE('',*,*,#5942,.T.);
#7718=ORIENTED_EDGE('',*,*,#5943,.F.);
#7719=ORIENTED_EDGE('',*,*,#5942,.F.);
#7720=ORIENTED_EDGE('',*,*,#5944,.F.);
#7721=ORIENTED_EDGE('',*,*,#5945,.T.);
#7722=ORIENTED_EDGE('',*,*,#5946,.F.);
#7723=ORIENTED_EDGE('',*,*,#5945,.F.);
#7724=ORIENTED_EDGE('',*,*,#5947,.F.);
#7725=ORIENTED_EDGE('',*,*,#5948,.T.);
#7726=ORIENTED_EDGE('',*,*,#5949,.F.);
#7727=ORIENTED_EDGE('',*,*,#5948,.F.);
#7728=ORIENTED_EDGE('',*,*,#5950,.F.);
#7729=ORIENTED_EDGE('',*,*,#5940,.T.);
#7730=ORIENTED_EDGE('',*,*,#5951,.F.);
#7731=ORIENTED_EDGE('',*,*,#5952,.F.);
#7732=ORIENTED_EDGE('',*,*,#5953,.F.);
#7733=ORIENTED_EDGE('',*,*,#5954,.T.);
#7734=ORIENTED_EDGE('',*,*,#5955,.F.);
#7735=ORIENTED_EDGE('',*,*,#5954,.F.);
#7736=ORIENTED_EDGE('',*,*,#5956,.F.);
#7737=ORIENTED_EDGE('',*,*,#5952,.T.);
#7738=ORIENTED_EDGE('',*,*,#5957,.F.);
#7739=ORIENTED_EDGE('',*,*,#5958,.F.);
#7740=ORIENTED_EDGE('',*,*,#5959,.F.);
#7741=ORIENTED_EDGE('',*,*,#5960,.T.);
#7742=ORIENTED_EDGE('',*,*,#5961,.F.);
#7743=ORIENTED_EDGE('',*,*,#5960,.F.);
#7744=ORIENTED_EDGE('',*,*,#5962,.F.);
#7745=ORIENTED_EDGE('',*,*,#5958,.T.);
#7746=ORIENTED_EDGE('',*,*,#5963,.F.);
#7747=ORIENTED_EDGE('',*,*,#5964,.F.);
#7748=ORIENTED_EDGE('',*,*,#5965,.F.);
#7749=ORIENTED_EDGE('',*,*,#5966,.T.);
#7750=ORIENTED_EDGE('',*,*,#5967,.F.);
#7751=ORIENTED_EDGE('',*,*,#5968,.F.);
#7752=ORIENTED_EDGE('',*,*,#5969,.F.);
#7753=ORIENTED_EDGE('',*,*,#5964,.T.);
#7754=ORIENTED_EDGE('',*,*,#5970,.F.);
#7755=ORIENTED_EDGE('',*,*,#5971,.F.);
#7756=ORIENTED_EDGE('',*,*,#5972,.F.);
#7757=ORIENTED_EDGE('',*,*,#5968,.T.);
#7758=ORIENTED_EDGE('',*,*,#5973,.F.);
#7759=ORIENTED_EDGE('',*,*,#5966,.F.);
#7760=ORIENTED_EDGE('',*,*,#5974,.F.);
#7761=ORIENTED_EDGE('',*,*,#5971,.T.);
#7762=ORIENTED_EDGE('',*,*,#5975,.F.);
#7763=ORIENTED_EDGE('',*,*,#5976,.F.);
#7764=ORIENTED_EDGE('',*,*,#5977,.F.);
#7765=ORIENTED_EDGE('',*,*,#5978,.T.);
#7766=ORIENTED_EDGE('',*,*,#5979,.F.);
#7767=ORIENTED_EDGE('',*,*,#5978,.F.);
#7768=ORIENTED_EDGE('',*,*,#5980,.F.);
#7769=ORIENTED_EDGE('',*,*,#5981,.T.);
#7770=ORIENTED_EDGE('',*,*,#5982,.F.);
#7771=ORIENTED_EDGE('',*,*,#5981,.F.);
#7772=ORIENTED_EDGE('',*,*,#5983,.F.);
#7773=ORIENTED_EDGE('',*,*,#5984,.T.);
#7774=ORIENTED_EDGE('',*,*,#5985,.F.);
#7775=ORIENTED_EDGE('',*,*,#5984,.F.);
#7776=ORIENTED_EDGE('',*,*,#5986,.F.);
#7777=ORIENTED_EDGE('',*,*,#5976,.T.);
#7778=ORIENTED_EDGE('',*,*,#5987,.F.);
#7779=ORIENTED_EDGE('',*,*,#5988,.T.);
#7780=ORIENTED_EDGE('',*,*,#5989,.F.);
#7781=ORIENTED_EDGE('',*,*,#5988,.F.);
#7782=ORIENTED_EDGE('',*,*,#5990,.F.);
#7783=ORIENTED_EDGE('',*,*,#5991,.F.);
#7784=ORIENTED_EDGE('',*,*,#5992,.F.);
#7785=ORIENTED_EDGE('',*,*,#5993,.T.);
#7786=ORIENTED_EDGE('',*,*,#5994,.F.);
#7787=ORIENTED_EDGE('',*,*,#5993,.F.);
#7788=ORIENTED_EDGE('',*,*,#5995,.F.);
#7789=ORIENTED_EDGE('',*,*,#5991,.T.);
#7790=ORIENTED_EDGE('',*,*,#5996,.F.);
#7791=ORIENTED_EDGE('',*,*,#5997,.T.);
#7792=ORIENTED_EDGE('',*,*,#5998,.F.);
#7793=ORIENTED_EDGE('',*,*,#5997,.F.);
#7794=ORIENTED_EDGE('',*,*,#5999,.F.);
#7795=ORIENTED_EDGE('',*,*,#6000,.F.);
#7796=ORIENTED_EDGE('',*,*,#6001,.F.);
#7797=ORIENTED_EDGE('',*,*,#6002,.T.);
#7798=ORIENTED_EDGE('',*,*,#6003,.F.);
#7799=ORIENTED_EDGE('',*,*,#6002,.F.);
#7800=ORIENTED_EDGE('',*,*,#6004,.F.);
#7801=ORIENTED_EDGE('',*,*,#6000,.T.);
#7802=ORIENTED_EDGE('',*,*,#6005,.F.);
#7803=ORIENTED_EDGE('',*,*,#6006,.F.);
#7804=ORIENTED_EDGE('',*,*,#6007,.F.);
#7805=ORIENTED_EDGE('',*,*,#6008,.T.);
#7806=ORIENTED_EDGE('',*,*,#6009,.F.);
#7807=ORIENTED_EDGE('',*,*,#6008,.F.);
#7808=ORIENTED_EDGE('',*,*,#6010,.F.);
#7809=ORIENTED_EDGE('',*,*,#6006,.T.);
#7810=ORIENTED_EDGE('',*,*,#6011,.F.);
#7811=ORIENTED_EDGE('',*,*,#6012,.F.);
#7812=ORIENTED_EDGE('',*,*,#6013,.F.);
#7813=ORIENTED_EDGE('',*,*,#6014,.T.);
#7814=ORIENTED_EDGE('',*,*,#6015,.F.);
#7815=ORIENTED_EDGE('',*,*,#6014,.F.);
#7816=ORIENTED_EDGE('',*,*,#6016,.F.);
#7817=ORIENTED_EDGE('',*,*,#6012,.T.);
#7818=ORIENTED_EDGE('',*,*,#6017,.F.);
#7819=ORIENTED_EDGE('',*,*,#6018,.T.);
#7820=ORIENTED_EDGE('',*,*,#6019,.F.);
#7821=ORIENTED_EDGE('',*,*,#6018,.F.);
#7822=ORIENTED_EDGE('',*,*,#6020,.F.);
#7823=ORIENTED_EDGE('',*,*,#6021,.F.);
#7824=ORIENTED_EDGE('',*,*,#6022,.F.);
#7825=ORIENTED_EDGE('',*,*,#6023,.T.);
#7826=ORIENTED_EDGE('',*,*,#6024,.F.);
#7827=ORIENTED_EDGE('',*,*,#6023,.F.);
#7828=ORIENTED_EDGE('',*,*,#6025,.F.);
#7829=ORIENTED_EDGE('',*,*,#6021,.T.);
#7830=ORIENTED_EDGE('',*,*,#6026,.F.);
#7831=ORIENTED_EDGE('',*,*,#6027,.F.);
#7832=ORIENTED_EDGE('',*,*,#6028,.F.);
#7833=ORIENTED_EDGE('',*,*,#6029,.T.);
#7834=ORIENTED_EDGE('',*,*,#6030,.F.);
#7835=ORIENTED_EDGE('',*,*,#6029,.F.);
#7836=ORIENTED_EDGE('',*,*,#6031,.F.);
#7837=ORIENTED_EDGE('',*,*,#6027,.T.);
#7838=ORIENTED_EDGE('',*,*,#6032,.F.);
#7839=ORIENTED_EDGE('',*,*,#6033,.F.);
#7840=ORIENTED_EDGE('',*,*,#6034,.F.);
#7841=ORIENTED_EDGE('',*,*,#6035,.T.);
#7842=ORIENTED_EDGE('',*,*,#6036,.F.);
#7843=ORIENTED_EDGE('',*,*,#6035,.F.);
#7844=ORIENTED_EDGE('',*,*,#6037,.F.);
#7845=ORIENTED_EDGE('',*,*,#6033,.T.);
#7846=ORIENTED_EDGE('',*,*,#6038,.F.);
#7847=ORIENTED_EDGE('',*,*,#6039,.T.);
#7848=ORIENTED_EDGE('',*,*,#6040,.F.);
#7849=ORIENTED_EDGE('',*,*,#6039,.F.);
#7850=ORIENTED_EDGE('',*,*,#6041,.F.);
#7851=ORIENTED_EDGE('',*,*,#6042,.F.);
#7852=ORIENTED_EDGE('',*,*,#6043,.F.);
#7853=ORIENTED_EDGE('',*,*,#6044,.T.);
#7854=ORIENTED_EDGE('',*,*,#6045,.F.);
#7855=ORIENTED_EDGE('',*,*,#6044,.F.);
#7856=ORIENTED_EDGE('',*,*,#6046,.F.);
#7857=ORIENTED_EDGE('',*,*,#6042,.T.);
#7858=ORIENTED_EDGE('',*,*,#6047,.F.);
#7859=ORIENTED_EDGE('',*,*,#6048,.F.);
#7860=ORIENTED_EDGE('',*,*,#6049,.F.);
#7861=ORIENTED_EDGE('',*,*,#6050,.T.);
#7862=ORIENTED_EDGE('',*,*,#6051,.F.);
#7863=ORIENTED_EDGE('',*,*,#6050,.F.);
#7864=ORIENTED_EDGE('',*,*,#6052,.F.);
#7865=ORIENTED_EDGE('',*,*,#6048,.T.);
#7866=ORIENTED_EDGE('',*,*,#6053,.F.);
#7867=ORIENTED_EDGE('',*,*,#6054,.F.);
#7868=ORIENTED_EDGE('',*,*,#6055,.F.);
#7869=ORIENTED_EDGE('',*,*,#6056,.T.);
#7870=ORIENTED_EDGE('',*,*,#6057,.F.);
#7871=ORIENTED_EDGE('',*,*,#6056,.F.);
#7872=ORIENTED_EDGE('',*,*,#6058,.F.);
#7873=ORIENTED_EDGE('',*,*,#6054,.T.);
#7874=ORIENTED_EDGE('',*,*,#6059,.F.);
#7875=ORIENTED_EDGE('',*,*,#6060,.F.);
#7876=ORIENTED_EDGE('',*,*,#6061,.F.);
#7877=ORIENTED_EDGE('',*,*,#6062,.T.);
#7878=ORIENTED_EDGE('',*,*,#6063,.F.);
#7879=ORIENTED_EDGE('',*,*,#6064,.F.);
#7880=ORIENTED_EDGE('',*,*,#6065,.F.);
#7881=ORIENTED_EDGE('',*,*,#6060,.T.);
#7882=ORIENTED_EDGE('',*,*,#6066,.F.);
#7883=ORIENTED_EDGE('',*,*,#6067,.F.);
#7884=ORIENTED_EDGE('',*,*,#6068,.F.);
#7885=ORIENTED_EDGE('',*,*,#6064,.T.);
#7886=ORIENTED_EDGE('',*,*,#6069,.F.);
#7887=ORIENTED_EDGE('',*,*,#6062,.F.);
#7888=ORIENTED_EDGE('',*,*,#6070,.F.);
#7889=ORIENTED_EDGE('',*,*,#6067,.T.);
#7890=ORIENTED_EDGE('',*,*,#6071,.F.);
#7891=ORIENTED_EDGE('',*,*,#6072,.F.);
#7892=ORIENTED_EDGE('',*,*,#6073,.F.);
#7893=ORIENTED_EDGE('',*,*,#6074,.T.);
#7894=ORIENTED_EDGE('',*,*,#6075,.F.);
#7895=ORIENTED_EDGE('',*,*,#6074,.F.);
#7896=ORIENTED_EDGE('',*,*,#6076,.F.);
#7897=ORIENTED_EDGE('',*,*,#6072,.T.);
#7898=ORIENTED_EDGE('',*,*,#6077,.F.);
#7899=ORIENTED_EDGE('',*,*,#6078,.F.);
#7900=ORIENTED_EDGE('',*,*,#6079,.F.);
#7901=ORIENTED_EDGE('',*,*,#6080,.T.);
#7902=ORIENTED_EDGE('',*,*,#6081,.F.);
#7903=ORIENTED_EDGE('',*,*,#6082,.F.);
#7904=ORIENTED_EDGE('',*,*,#6083,.F.);
#7905=ORIENTED_EDGE('',*,*,#6078,.T.);
#7906=ORIENTED_EDGE('',*,*,#6084,.F.);
#7907=ORIENTED_EDGE('',*,*,#6085,.F.);
#7908=ORIENTED_EDGE('',*,*,#6086,.F.);
#7909=ORIENTED_EDGE('',*,*,#6082,.T.);
#7910=ORIENTED_EDGE('',*,*,#6087,.F.);
#7911=ORIENTED_EDGE('',*,*,#6080,.F.);
#7912=ORIENTED_EDGE('',*,*,#6088,.F.);
#7913=ORIENTED_EDGE('',*,*,#6085,.T.);
#7914=ORIENTED_EDGE('',*,*,#6089,.F.);
#7915=ORIENTED_EDGE('',*,*,#6090,.F.);
#7916=ORIENTED_EDGE('',*,*,#6091,.F.);
#7917=ORIENTED_EDGE('',*,*,#6092,.T.);
#7918=ORIENTED_EDGE('',*,*,#6093,.F.);
#7919=ORIENTED_EDGE('',*,*,#6092,.F.);
#7920=ORIENTED_EDGE('',*,*,#6094,.F.);
#7921=ORIENTED_EDGE('',*,*,#6095,.T.);
#7922=ORIENTED_EDGE('',*,*,#6096,.F.);
#7923=ORIENTED_EDGE('',*,*,#6095,.F.);
#7924=ORIENTED_EDGE('',*,*,#6097,.F.);
#7925=ORIENTED_EDGE('',*,*,#6098,.T.);
#7926=ORIENTED_EDGE('',*,*,#6099,.F.);
#7927=ORIENTED_EDGE('',*,*,#6098,.F.);
#7928=ORIENTED_EDGE('',*,*,#6100,.F.);
#7929=ORIENTED_EDGE('',*,*,#6090,.T.);
#7930=ORIENTED_EDGE('',*,*,#6101,.F.);
#7931=ORIENTED_EDGE('',*,*,#6102,.F.);
#7932=ORIENTED_EDGE('',*,*,#6103,.F.);
#7933=ORIENTED_EDGE('',*,*,#6104,.T.);
#7934=ORIENTED_EDGE('',*,*,#6105,.F.);
#7935=ORIENTED_EDGE('',*,*,#6106,.F.);
#7936=ORIENTED_EDGE('',*,*,#6107,.F.);
#7937=ORIENTED_EDGE('',*,*,#6102,.T.);
#7938=ORIENTED_EDGE('',*,*,#6108,.F.);
#7939=ORIENTED_EDGE('',*,*,#6109,.F.);
#7940=ORIENTED_EDGE('',*,*,#6110,.F.);
#7941=ORIENTED_EDGE('',*,*,#6106,.T.);
#7942=ORIENTED_EDGE('',*,*,#6111,.F.);
#7943=ORIENTED_EDGE('',*,*,#6104,.F.);
#7944=ORIENTED_EDGE('',*,*,#6112,.F.);
#7945=ORIENTED_EDGE('',*,*,#6109,.T.);
#7946=ORIENTED_EDGE('',*,*,#6113,.F.);
#7947=ORIENTED_EDGE('',*,*,#6114,.F.);
#7948=ORIENTED_EDGE('',*,*,#6115,.F.);
#7949=ORIENTED_EDGE('',*,*,#6116,.T.);
#7950=ORIENTED_EDGE('',*,*,#6117,.F.);
#7951=ORIENTED_EDGE('',*,*,#6116,.F.);
#7952=ORIENTED_EDGE('',*,*,#6118,.F.);
#7953=ORIENTED_EDGE('',*,*,#6114,.T.);
#7954=ORIENTED_EDGE('',*,*,#6119,.F.);
#7955=ORIENTED_EDGE('',*,*,#6120,.F.);
#7956=ORIENTED_EDGE('',*,*,#6121,.F.);
#7957=ORIENTED_EDGE('',*,*,#6122,.T.);
#7958=ORIENTED_EDGE('',*,*,#6123,.F.);
#7959=ORIENTED_EDGE('',*,*,#6122,.F.);
#7960=ORIENTED_EDGE('',*,*,#6124,.F.);
#7961=ORIENTED_EDGE('',*,*,#6120,.T.);
#7962=ORIENTED_EDGE('',*,*,#6125,.F.);
#7963=ORIENTED_EDGE('',*,*,#6126,.F.);
#7964=ORIENTED_EDGE('',*,*,#6127,.F.);
#7965=ORIENTED_EDGE('',*,*,#6128,.T.);
#7966=ORIENTED_EDGE('',*,*,#6129,.F.);
#7967=ORIENTED_EDGE('',*,*,#6128,.F.);
#7968=ORIENTED_EDGE('',*,*,#6130,.F.);
#7969=ORIENTED_EDGE('',*,*,#6126,.T.);
#7970=ORIENTED_EDGE('',*,*,#6131,.F.);
#7971=ORIENTED_EDGE('',*,*,#6132,.F.);
#7972=ORIENTED_EDGE('',*,*,#6133,.F.);
#7973=ORIENTED_EDGE('',*,*,#6134,.T.);
#7974=ORIENTED_EDGE('',*,*,#6135,.F.);
#7975=ORIENTED_EDGE('',*,*,#6134,.F.);
#7976=ORIENTED_EDGE('',*,*,#6136,.F.);
#7977=ORIENTED_EDGE('',*,*,#6132,.T.);
#7978=ORIENTED_EDGE('',*,*,#6137,.F.);
#7979=ORIENTED_EDGE('',*,*,#6138,.F.);
#7980=ORIENTED_EDGE('',*,*,#6139,.F.);
#7981=ORIENTED_EDGE('',*,*,#6140,.T.);
#7982=ORIENTED_EDGE('',*,*,#6141,.F.);
#7983=ORIENTED_EDGE('',*,*,#6140,.F.);
#7984=ORIENTED_EDGE('',*,*,#6142,.F.);
#7985=ORIENTED_EDGE('',*,*,#6138,.T.);
#7986=ORIENTED_EDGE('',*,*,#6143,.F.);
#7987=ORIENTED_EDGE('',*,*,#6144,.F.);
#7988=ORIENTED_EDGE('',*,*,#6145,.F.);
#7989=ORIENTED_EDGE('',*,*,#6146,.T.);
#7990=ORIENTED_EDGE('',*,*,#6147,.F.);
#7991=ORIENTED_EDGE('',*,*,#6146,.F.);
#7992=ORIENTED_EDGE('',*,*,#6148,.F.);
#7993=ORIENTED_EDGE('',*,*,#6144,.T.);
#7994=ORIENTED_EDGE('',*,*,#6149,.F.);
#7995=ORIENTED_EDGE('',*,*,#6150,.T.);
#7996=ORIENTED_EDGE('',*,*,#6151,.F.);
#7997=ORIENTED_EDGE('',*,*,#6150,.F.);
#7998=ORIENTED_EDGE('',*,*,#6152,.F.);
#7999=ORIENTED_EDGE('',*,*,#6153,.T.);
#8000=ORIENTED_EDGE('',*,*,#6154,.F.);
#8001=ORIENTED_EDGE('',*,*,#6153,.F.);
#8002=ORIENTED_EDGE('',*,*,#6155,.F.);
#8003=ORIENTED_EDGE('',*,*,#6156,.T.);
#8004=ORIENTED_EDGE('',*,*,#6157,.T.);
#8005=ORIENTED_EDGE('',*,*,#6158,.F.);
#8006=ORIENTED_EDGE('',*,*,#6157,.F.);
#8007=ORIENTED_EDGE('',*,*,#6159,.T.);
#8008=ORIENTED_EDGE('',*,*,#6160,.T.);
#8009=ORIENTED_EDGE('',*,*,#6161,.F.);
#8010=ORIENTED_EDGE('',*,*,#6160,.F.);
#8011=ORIENTED_EDGE('',*,*,#6162,.T.);
#8012=ORIENTED_EDGE('',*,*,#6163,.T.);
#8013=ORIENTED_EDGE('',*,*,#6164,.F.);
#8014=ORIENTED_EDGE('',*,*,#6163,.F.);
#8015=ORIENTED_EDGE('',*,*,#6165,.T.);
#8016=ORIENTED_EDGE('',*,*,#6166,.T.);
#8017=ORIENTED_EDGE('',*,*,#6167,.F.);
#8018=ORIENTED_EDGE('',*,*,#6166,.F.);
#8019=ORIENTED_EDGE('',*,*,#6168,.T.);
#8020=ORIENTED_EDGE('',*,*,#6169,.T.);
#8021=ORIENTED_EDGE('',*,*,#6170,.F.);
#8022=ORIENTED_EDGE('',*,*,#6169,.F.);
#8023=ORIENTED_EDGE('',*,*,#6171,.T.);
#8024=ORIENTED_EDGE('',*,*,#6172,.T.);
#8025=ORIENTED_EDGE('',*,*,#6173,.F.);
#8026=ORIENTED_EDGE('',*,*,#6172,.F.);
#8027=ORIENTED_EDGE('',*,*,#6174,.T.);
#8028=ORIENTED_EDGE('',*,*,#6175,.T.);
#8029=ORIENTED_EDGE('',*,*,#6176,.F.);
#8030=ORIENTED_EDGE('',*,*,#6175,.F.);
#8031=ORIENTED_EDGE('',*,*,#6177,.T.);
#8032=ORIENTED_EDGE('',*,*,#6155,.T.);
#8033=ORIENTED_EDGE('',*,*,#6178,.F.);
#8034=ORIENTED_EDGE('',*,*,#6179,.T.);
#8035=ORIENTED_EDGE('',*,*,#6180,.T.);
#8036=ORIENTED_EDGE('',*,*,#6181,.F.);
#8037=ORIENTED_EDGE('',*,*,#6180,.F.);
#8038=ORIENTED_EDGE('',*,*,#6182,.T.);
#8039=ORIENTED_EDGE('',*,*,#6183,.T.);
#8040=ORIENTED_EDGE('',*,*,#6184,.F.);
#8041=ORIENTED_EDGE('',*,*,#6183,.F.);
#8042=ORIENTED_EDGE('',*,*,#6185,.T.);
#8043=ORIENTED_EDGE('',*,*,#6186,.T.);
#8044=ORIENTED_EDGE('',*,*,#6187,.F.);
#8045=ORIENTED_EDGE('',*,*,#6186,.F.);
#8046=ORIENTED_EDGE('',*,*,#6188,.T.);
#8047=ORIENTED_EDGE('',*,*,#6189,.T.);
#8048=ORIENTED_EDGE('',*,*,#6190,.F.);
#8049=ORIENTED_EDGE('',*,*,#6189,.F.);
#8050=ORIENTED_EDGE('',*,*,#6191,.T.);
#8051=ORIENTED_EDGE('',*,*,#6192,.T.);
#8052=ORIENTED_EDGE('',*,*,#6193,.F.);
#8053=ORIENTED_EDGE('',*,*,#6194,.F.);
#8054=ORIENTED_EDGE('',*,*,#6193,.T.);
#8055=ORIENTED_EDGE('',*,*,#6195,.T.);
#8056=ORIENTED_EDGE('',*,*,#6196,.F.);
#8057=ORIENTED_EDGE('',*,*,#6197,.F.);
#8058=ORIENTED_EDGE('',*,*,#6196,.T.);
#8059=ORIENTED_EDGE('',*,*,#6198,.T.);
#8060=ORIENTED_EDGE('',*,*,#6199,.F.);
#8061=ORIENTED_EDGE('',*,*,#6200,.F.);
#8062=ORIENTED_EDGE('',*,*,#6199,.T.);
#8063=ORIENTED_EDGE('',*,*,#6201,.T.);
#8064=ORIENTED_EDGE('',*,*,#6191,.F.);
#8065=ORIENTED_EDGE('',*,*,#6202,.F.);
#8066=ORIENTED_EDGE('',*,*,#6203,.T.);
#8067=ORIENTED_EDGE('',*,*,#6204,.T.);
#8068=ORIENTED_EDGE('',*,*,#6205,.F.);
#8069=ORIENTED_EDGE('',*,*,#6206,.F.);
#8070=ORIENTED_EDGE('',*,*,#6205,.T.);
#8071=ORIENTED_EDGE('',*,*,#6207,.T.);
#8072=ORIENTED_EDGE('',*,*,#6208,.F.);
#8073=ORIENTED_EDGE('',*,*,#6209,.F.);
#8074=ORIENTED_EDGE('',*,*,#6208,.T.);
#8075=ORIENTED_EDGE('',*,*,#6210,.T.);
#8076=ORIENTED_EDGE('',*,*,#6211,.F.);
#8077=ORIENTED_EDGE('',*,*,#6212,.F.);
#8078=ORIENTED_EDGE('',*,*,#6211,.T.);
#8079=ORIENTED_EDGE('',*,*,#6213,.T.);
#8080=ORIENTED_EDGE('',*,*,#6203,.F.);
#8081=ORIENTED_EDGE('',*,*,#6214,.F.);
#8082=ORIENTED_EDGE('',*,*,#6215,.T.);
#8083=ORIENTED_EDGE('',*,*,#6216,.T.);
#8084=ORIENTED_EDGE('',*,*,#6217,.F.);
#8085=ORIENTED_EDGE('',*,*,#6218,.F.);
#8086=ORIENTED_EDGE('',*,*,#6217,.T.);
#8087=ORIENTED_EDGE('',*,*,#6219,.T.);
#8088=ORIENTED_EDGE('',*,*,#6220,.F.);
#8089=ORIENTED_EDGE('',*,*,#6221,.F.);
#8090=ORIENTED_EDGE('',*,*,#6220,.T.);
#8091=ORIENTED_EDGE('',*,*,#6222,.T.);
#8092=ORIENTED_EDGE('',*,*,#6223,.F.);
#8093=ORIENTED_EDGE('',*,*,#6224,.F.);
#8094=ORIENTED_EDGE('',*,*,#6223,.T.);
#8095=ORIENTED_EDGE('',*,*,#6225,.T.);
#8096=ORIENTED_EDGE('',*,*,#6215,.F.);
#8097=ORIENTED_EDGE('',*,*,#6226,.F.);
#8098=ORIENTED_EDGE('',*,*,#6227,.T.);
#8099=ORIENTED_EDGE('',*,*,#6228,.T.);
#8100=ORIENTED_EDGE('',*,*,#6229,.F.);
#8101=ORIENTED_EDGE('',*,*,#6230,.F.);
#8102=ORIENTED_EDGE('',*,*,#6229,.T.);
#8103=ORIENTED_EDGE('',*,*,#6231,.T.);
#8104=ORIENTED_EDGE('',*,*,#6232,.F.);
#8105=ORIENTED_EDGE('',*,*,#6233,.F.);
#8106=ORIENTED_EDGE('',*,*,#6232,.T.);
#8107=ORIENTED_EDGE('',*,*,#6234,.T.);
#8108=ORIENTED_EDGE('',*,*,#6235,.F.);
#8109=ORIENTED_EDGE('',*,*,#6236,.F.);
#8110=ORIENTED_EDGE('',*,*,#6235,.T.);
#8111=ORIENTED_EDGE('',*,*,#6237,.T.);
#8112=ORIENTED_EDGE('',*,*,#6227,.F.);
#8113=ORIENTED_EDGE('',*,*,#6238,.F.);
#8114=ORIENTED_EDGE('',*,*,#6239,.T.);
#8115=ORIENTED_EDGE('',*,*,#6240,.T.);
#8116=ORIENTED_EDGE('',*,*,#6241,.F.);
#8117=ORIENTED_EDGE('',*,*,#6240,.F.);
#8118=ORIENTED_EDGE('',*,*,#6156,.F.);
#8119=ORIENTED_EDGE('',*,*,#6177,.F.);
#8120=ORIENTED_EDGE('',*,*,#6174,.F.);
#8121=ORIENTED_EDGE('',*,*,#6171,.F.);
#8122=ORIENTED_EDGE('',*,*,#6168,.F.);
#8123=ORIENTED_EDGE('',*,*,#6165,.F.);
#8124=ORIENTED_EDGE('',*,*,#6162,.F.);
#8125=ORIENTED_EDGE('',*,*,#6159,.F.);
#8126=ORIENTED_EDGE('',*,*,#5899,.T.);
#8127=ORIENTED_EDGE('',*,*,#5902,.T.);
#8128=ORIENTED_EDGE('',*,*,#5903,.T.);
#8129=ORIENTED_EDGE('',*,*,#5908,.T.);
#8130=ORIENTED_EDGE('',*,*,#5911,.T.);
#8131=ORIENTED_EDGE('',*,*,#5912,.T.);
#8132=ORIENTED_EDGE('',*,*,#5917,.T.);
#8133=ORIENTED_EDGE('',*,*,#5920,.T.);
#8134=ORIENTED_EDGE('',*,*,#5921,.T.);
#8135=ORIENTED_EDGE('',*,*,#5926,.T.);
#8136=ORIENTED_EDGE('',*,*,#5929,.T.);
#8137=ORIENTED_EDGE('',*,*,#5930,.T.);
#8138=ORIENTED_EDGE('',*,*,#5935,.T.);
#8139=ORIENTED_EDGE('',*,*,#5938,.T.);
#8140=ORIENTED_EDGE('',*,*,#5941,.T.);
#8141=ORIENTED_EDGE('',*,*,#5950,.T.);
#8142=ORIENTED_EDGE('',*,*,#5947,.T.);
#8143=ORIENTED_EDGE('',*,*,#5944,.T.);
#8144=ORIENTED_EDGE('',*,*,#5953,.T.);
#8145=ORIENTED_EDGE('',*,*,#5956,.T.);
#8146=ORIENTED_EDGE('',*,*,#5959,.T.);
#8147=ORIENTED_EDGE('',*,*,#5962,.T.);
#8148=ORIENTED_EDGE('',*,*,#5965,.T.);
#8149=ORIENTED_EDGE('',*,*,#5969,.T.);
#8150=ORIENTED_EDGE('',*,*,#5972,.T.);
#8151=ORIENTED_EDGE('',*,*,#5974,.T.);
#8152=ORIENTED_EDGE('',*,*,#5977,.T.);
#8153=ORIENTED_EDGE('',*,*,#5986,.T.);
#8154=ORIENTED_EDGE('',*,*,#5983,.T.);
#8155=ORIENTED_EDGE('',*,*,#5980,.T.);
#8156=ORIENTED_EDGE('',*,*,#5987,.T.);
#8157=ORIENTED_EDGE('',*,*,#5992,.T.);
#8158=ORIENTED_EDGE('',*,*,#5995,.T.);
#8159=ORIENTED_EDGE('',*,*,#5996,.T.);
#8160=ORIENTED_EDGE('',*,*,#6001,.T.);
#8161=ORIENTED_EDGE('',*,*,#6004,.T.);
#8162=ORIENTED_EDGE('',*,*,#6007,.T.);
#8163=ORIENTED_EDGE('',*,*,#6010,.T.);
#8164=ORIENTED_EDGE('',*,*,#6013,.T.);
#8165=ORIENTED_EDGE('',*,*,#6016,.T.);
#8166=ORIENTED_EDGE('',*,*,#6017,.T.);
#8167=ORIENTED_EDGE('',*,*,#6022,.T.);
#8168=ORIENTED_EDGE('',*,*,#6025,.T.);
#8169=ORIENTED_EDGE('',*,*,#6028,.T.);
#8170=ORIENTED_EDGE('',*,*,#6031,.T.);
#8171=ORIENTED_EDGE('',*,*,#6034,.T.);
#8172=ORIENTED_EDGE('',*,*,#6037,.T.);
#8173=ORIENTED_EDGE('',*,*,#6038,.T.);
#8174=ORIENTED_EDGE('',*,*,#6043,.T.);
#8175=ORIENTED_EDGE('',*,*,#6046,.T.);
#8176=ORIENTED_EDGE('',*,*,#6049,.T.);
#8177=ORIENTED_EDGE('',*,*,#6052,.T.);
#8178=ORIENTED_EDGE('',*,*,#6055,.T.);
#8179=ORIENTED_EDGE('',*,*,#6058,.T.);
#8180=ORIENTED_EDGE('',*,*,#6061,.T.);
#8181=ORIENTED_EDGE('',*,*,#6065,.T.);
#8182=ORIENTED_EDGE('',*,*,#6068,.T.);
#8183=ORIENTED_EDGE('',*,*,#6070,.T.);
#8184=ORIENTED_EDGE('',*,*,#6073,.T.);
#8185=ORIENTED_EDGE('',*,*,#6076,.T.);
#8186=ORIENTED_EDGE('',*,*,#6079,.T.);
#8187=ORIENTED_EDGE('',*,*,#6083,.T.);
#8188=ORIENTED_EDGE('',*,*,#6086,.T.);
#8189=ORIENTED_EDGE('',*,*,#6088,.T.);
#8190=ORIENTED_EDGE('',*,*,#6091,.T.);
#8191=ORIENTED_EDGE('',*,*,#6100,.T.);
#8192=ORIENTED_EDGE('',*,*,#6097,.T.);
#8193=ORIENTED_EDGE('',*,*,#6094,.T.);
#8194=ORIENTED_EDGE('',*,*,#6103,.T.);
#8195=ORIENTED_EDGE('',*,*,#6107,.T.);
#8196=ORIENTED_EDGE('',*,*,#6110,.T.);
#8197=ORIENTED_EDGE('',*,*,#6112,.T.);
#8198=ORIENTED_EDGE('',*,*,#6115,.T.);
#8199=ORIENTED_EDGE('',*,*,#6118,.T.);
#8200=ORIENTED_EDGE('',*,*,#6121,.T.);
#8201=ORIENTED_EDGE('',*,*,#6124,.T.);
#8202=ORIENTED_EDGE('',*,*,#6127,.T.);
#8203=ORIENTED_EDGE('',*,*,#6130,.T.);
#8204=ORIENTED_EDGE('',*,*,#6133,.T.);
#8205=ORIENTED_EDGE('',*,*,#6136,.T.);
#8206=ORIENTED_EDGE('',*,*,#6139,.T.);
#8207=ORIENTED_EDGE('',*,*,#6142,.T.);
#8208=ORIENTED_EDGE('',*,*,#6145,.T.);
#8209=ORIENTED_EDGE('',*,*,#6148,.T.);
#8210=ORIENTED_EDGE('',*,*,#6149,.T.);
#8211=ORIENTED_EDGE('',*,*,#6152,.T.);
#8212=ORIENTED_EDGE('',*,*,#6181,.T.);
#8213=ORIENTED_EDGE('',*,*,#6184,.T.);
#8214=ORIENTED_EDGE('',*,*,#6187,.T.);
#8215=ORIENTED_EDGE('',*,*,#6190,.T.);
#8216=ORIENTED_EDGE('',*,*,#6194,.T.);
#8217=ORIENTED_EDGE('',*,*,#6197,.T.);
#8218=ORIENTED_EDGE('',*,*,#6200,.T.);
#8219=ORIENTED_EDGE('',*,*,#6202,.T.);
#8220=ORIENTED_EDGE('',*,*,#6206,.T.);
#8221=ORIENTED_EDGE('',*,*,#6209,.T.);
#8222=ORIENTED_EDGE('',*,*,#6212,.T.);
#8223=ORIENTED_EDGE('',*,*,#6214,.T.);
#8224=ORIENTED_EDGE('',*,*,#6218,.T.);
#8225=ORIENTED_EDGE('',*,*,#6221,.T.);
#8226=ORIENTED_EDGE('',*,*,#6224,.T.);
#8227=ORIENTED_EDGE('',*,*,#6226,.T.);
#8228=ORIENTED_EDGE('',*,*,#6230,.T.);
#8229=ORIENTED_EDGE('',*,*,#6233,.T.);
#8230=ORIENTED_EDGE('',*,*,#6236,.T.);
#8231=ORIENTED_EDGE('',*,*,#6238,.T.);
#8232=ORIENTED_EDGE('',*,*,#6241,.T.);
#8233=ORIENTED_EDGE('',*,*,#6158,.T.);
#8234=ORIENTED_EDGE('',*,*,#6161,.T.);
#8235=ORIENTED_EDGE('',*,*,#6164,.T.);
#8236=ORIENTED_EDGE('',*,*,#6167,.T.);
#8237=ORIENTED_EDGE('',*,*,#6170,.T.);
#8238=ORIENTED_EDGE('',*,*,#6173,.T.);
#8239=ORIENTED_EDGE('',*,*,#6176,.T.);
#8240=ORIENTED_EDGE('',*,*,#6178,.T.);
#8241=ORIENTED_EDGE('',*,*,#5897,.T.);
#8242=ORIENTED_EDGE('',*,*,#5901,.T.);
#8243=ORIENTED_EDGE('',*,*,#5905,.T.);
#8244=ORIENTED_EDGE('',*,*,#5906,.T.);
#8245=ORIENTED_EDGE('',*,*,#5910,.T.);
#8246=ORIENTED_EDGE('',*,*,#5914,.T.);
#8247=ORIENTED_EDGE('',*,*,#5915,.T.);
#8248=ORIENTED_EDGE('',*,*,#5919,.T.);
#8249=ORIENTED_EDGE('',*,*,#5923,.T.);
#8250=ORIENTED_EDGE('',*,*,#5924,.T.);
#8251=ORIENTED_EDGE('',*,*,#5928,.T.);
#8252=ORIENTED_EDGE('',*,*,#5932,.T.);
#8253=ORIENTED_EDGE('',*,*,#5933,.T.);
#8254=ORIENTED_EDGE('',*,*,#5937,.T.);
#8255=ORIENTED_EDGE('',*,*,#5939,.T.);
#8256=ORIENTED_EDGE('',*,*,#5943,.T.);
#8257=ORIENTED_EDGE('',*,*,#5946,.T.);
#8258=ORIENTED_EDGE('',*,*,#5949,.T.);
#8259=ORIENTED_EDGE('',*,*,#5951,.T.);
#8260=ORIENTED_EDGE('',*,*,#5955,.T.);
#8261=ORIENTED_EDGE('',*,*,#5957,.T.);
#8262=ORIENTED_EDGE('',*,*,#5961,.T.);
#8263=ORIENTED_EDGE('',*,*,#5963,.T.);
#8264=ORIENTED_EDGE('',*,*,#5973,.T.);
#8265=ORIENTED_EDGE('',*,*,#5970,.T.);
#8266=ORIENTED_EDGE('',*,*,#5967,.T.);
#8267=ORIENTED_EDGE('',*,*,#5975,.T.);
#8268=ORIENTED_EDGE('',*,*,#5979,.T.);
#8269=ORIENTED_EDGE('',*,*,#5982,.T.);
#8270=ORIENTED_EDGE('',*,*,#5985,.T.);
#8271=ORIENTED_EDGE('',*,*,#5989,.T.);
#8272=ORIENTED_EDGE('',*,*,#5990,.T.);
#8273=ORIENTED_EDGE('',*,*,#5994,.T.);
#8274=ORIENTED_EDGE('',*,*,#5998,.T.);
#8275=ORIENTED_EDGE('',*,*,#5999,.T.);
#8276=ORIENTED_EDGE('',*,*,#6003,.T.);
#8277=ORIENTED_EDGE('',*,*,#6005,.T.);
#8278=ORIENTED_EDGE('',*,*,#6009,.T.);
#8279=ORIENTED_EDGE('',*,*,#6011,.T.);
#8280=ORIENTED_EDGE('',*,*,#6015,.T.);
#8281=ORIENTED_EDGE('',*,*,#6019,.T.);
#8282=ORIENTED_EDGE('',*,*,#6020,.T.);
#8283=ORIENTED_EDGE('',*,*,#6024,.T.);
#8284=ORIENTED_EDGE('',*,*,#6026,.T.);
#8285=ORIENTED_EDGE('',*,*,#6030,.T.);
#8286=ORIENTED_EDGE('',*,*,#6032,.T.);
#8287=ORIENTED_EDGE('',*,*,#6036,.T.);
#8288=ORIENTED_EDGE('',*,*,#6040,.T.);
#8289=ORIENTED_EDGE('',*,*,#6041,.T.);
#8290=ORIENTED_EDGE('',*,*,#6045,.T.);
#8291=ORIENTED_EDGE('',*,*,#6047,.T.);
#8292=ORIENTED_EDGE('',*,*,#6051,.T.);
#8293=ORIENTED_EDGE('',*,*,#6053,.T.);
#8294=ORIENTED_EDGE('',*,*,#6057,.T.);
#8295=ORIENTED_EDGE('',*,*,#6059,.T.);
#8296=ORIENTED_EDGE('',*,*,#6069,.T.);
#8297=ORIENTED_EDGE('',*,*,#6066,.T.);
#8298=ORIENTED_EDGE('',*,*,#6063,.T.);
#8299=ORIENTED_EDGE('',*,*,#6071,.T.);
#8300=ORIENTED_EDGE('',*,*,#6075,.T.);
#8301=ORIENTED_EDGE('',*,*,#6077,.T.);
#8302=ORIENTED_EDGE('',*,*,#6087,.T.);
#8303=ORIENTED_EDGE('',*,*,#6084,.T.);
#8304=ORIENTED_EDGE('',*,*,#6081,.T.);
#8305=ORIENTED_EDGE('',*,*,#6089,.T.);
#8306=ORIENTED_EDGE('',*,*,#6093,.T.);
#8307=ORIENTED_EDGE('',*,*,#6096,.T.);
#8308=ORIENTED_EDGE('',*,*,#6099,.T.);
#8309=ORIENTED_EDGE('',*,*,#6101,.T.);
#8310=ORIENTED_EDGE('',*,*,#6111,.T.);
#8311=ORIENTED_EDGE('',*,*,#6108,.T.);
#8312=ORIENTED_EDGE('',*,*,#6105,.T.);
#8313=ORIENTED_EDGE('',*,*,#6113,.T.);
#8314=ORIENTED_EDGE('',*,*,#6117,.T.);
#8315=ORIENTED_EDGE('',*,*,#6119,.T.);
#8316=ORIENTED_EDGE('',*,*,#6123,.T.);
#8317=ORIENTED_EDGE('',*,*,#6125,.T.);
#8318=ORIENTED_EDGE('',*,*,#6129,.T.);
#8319=ORIENTED_EDGE('',*,*,#6131,.T.);
#8320=ORIENTED_EDGE('',*,*,#6135,.T.);
#8321=ORIENTED_EDGE('',*,*,#6137,.T.);
#8322=ORIENTED_EDGE('',*,*,#6141,.T.);
#8323=ORIENTED_EDGE('',*,*,#6143,.T.);
#8324=ORIENTED_EDGE('',*,*,#6147,.T.);
#8325=ORIENTED_EDGE('',*,*,#6151,.T.);
#8326=ORIENTED_EDGE('',*,*,#6154,.T.);
#8327=ORIENTED_EDGE('',*,*,#6179,.F.);
#8328=ORIENTED_EDGE('',*,*,#6182,.F.);
#8329=ORIENTED_EDGE('',*,*,#6185,.F.);
#8330=ORIENTED_EDGE('',*,*,#6188,.F.);
#8331=ORIENTED_EDGE('',*,*,#6192,.F.);
#8332=ORIENTED_EDGE('',*,*,#6201,.F.);
#8333=ORIENTED_EDGE('',*,*,#6198,.F.);
#8334=ORIENTED_EDGE('',*,*,#6195,.F.);
#8335=ORIENTED_EDGE('',*,*,#6204,.F.);
#8336=ORIENTED_EDGE('',*,*,#6213,.F.);
#8337=ORIENTED_EDGE('',*,*,#6210,.F.);
#8338=ORIENTED_EDGE('',*,*,#6207,.F.);
#8339=ORIENTED_EDGE('',*,*,#6216,.F.);
#8340=ORIENTED_EDGE('',*,*,#6225,.F.);
#8341=ORIENTED_EDGE('',*,*,#6222,.F.);
#8342=ORIENTED_EDGE('',*,*,#6219,.F.);
#8343=ORIENTED_EDGE('',*,*,#6228,.F.);
#8344=ORIENTED_EDGE('',*,*,#6237,.F.);
#8345=ORIENTED_EDGE('',*,*,#6234,.F.);
#8346=ORIENTED_EDGE('',*,*,#6231,.F.);
#8347=ORIENTED_EDGE('',*,*,#6239,.F.);
#8348=ORIENTED_EDGE('',*,*,#6242,.F.);
#8349=ORIENTED_EDGE('',*,*,#6243,.F.);
#8350=ORIENTED_EDGE('',*,*,#6244,.T.);
#8351=ORIENTED_EDGE('',*,*,#6242,.T.);
#8352=ORIENTED_EDGE('',*,*,#6244,.F.);
#8353=ORIENTED_EDGE('',*,*,#6245,.F.);
#8354=ORIENTED_EDGE('',*,*,#6246,.T.);
#8355=ORIENTED_EDGE('',*,*,#6247,.T.);
#8356=ORIENTED_EDGE('',*,*,#6248,.T.);
#8357=ORIENTED_EDGE('',*,*,#6245,.T.);
#8358=ORIENTED_EDGE('',*,*,#6243,.T.);
#8359=ORIENTED_EDGE('',*,*,#6248,.F.);
#8360=ORIENTED_EDGE('',*,*,#6249,.F.);
#8361=ORIENTED_EDGE('',*,*,#6250,.T.);
#8362=ORIENTED_EDGE('',*,*,#6246,.F.);
#8363=ORIENTED_EDGE('',*,*,#6247,.F.);
#8364=ORIENTED_EDGE('',*,*,#6250,.F.);
#8365=ORIENTED_EDGE('',*,*,#6251,.F.);
#8366=ORIENTED_EDGE('',*,*,#6252,.T.);
#8367=ORIENTED_EDGE('',*,*,#6253,.T.);
#8368=ORIENTED_EDGE('',*,*,#6254,.T.);
#8369=ORIENTED_EDGE('',*,*,#6251,.T.);
#8370=ORIENTED_EDGE('',*,*,#6249,.T.);
#8371=ORIENTED_EDGE('',*,*,#6254,.F.);
#8372=ORIENTED_EDGE('',*,*,#6255,.F.);
#8373=ORIENTED_EDGE('',*,*,#6256,.T.);
#8374=ORIENTED_EDGE('',*,*,#6252,.F.);
#8375=ORIENTED_EDGE('',*,*,#6253,.F.);
#8376=ORIENTED_EDGE('',*,*,#6256,.F.);
#8377=ORIENTED_EDGE('',*,*,#6255,.T.);
#8378=ORIENTED_EDGE('',*,*,#6257,.F.);
#8379=ORIENTED_EDGE('',*,*,#6258,.F.);
#8380=ORIENTED_EDGE('',*,*,#6259,.T.);
#8381=ORIENTED_EDGE('',*,*,#6257,.T.);
#8382=ORIENTED_EDGE('',*,*,#6259,.F.);
#8383=ORIENTED_EDGE('',*,*,#6260,.F.);
#8384=ORIENTED_EDGE('',*,*,#6261,.T.);
#8385=ORIENTED_EDGE('',*,*,#6262,.T.);
#8386=ORIENTED_EDGE('',*,*,#6263,.T.);
#8387=ORIENTED_EDGE('',*,*,#6260,.T.);
#8388=ORIENTED_EDGE('',*,*,#6258,.T.);
#8389=ORIENTED_EDGE('',*,*,#6263,.F.);
#8390=ORIENTED_EDGE('',*,*,#6264,.F.);
#8391=ORIENTED_EDGE('',*,*,#6265,.T.);
#8392=ORIENTED_EDGE('',*,*,#6261,.F.);
#8393=ORIENTED_EDGE('',*,*,#6262,.F.);
#8394=ORIENTED_EDGE('',*,*,#6265,.F.);
#8395=ORIENTED_EDGE('',*,*,#6266,.F.);
#8396=ORIENTED_EDGE('',*,*,#6267,.T.);
#8397=ORIENTED_EDGE('',*,*,#6268,.T.);
#8398=ORIENTED_EDGE('',*,*,#6269,.T.);
#8399=ORIENTED_EDGE('',*,*,#6266,.T.);
#8400=ORIENTED_EDGE('',*,*,#6264,.T.);
#8401=ORIENTED_EDGE('',*,*,#6269,.F.);
#8402=ORIENTED_EDGE('',*,*,#6270,.F.);
#8403=ORIENTED_EDGE('',*,*,#6271,.T.);
#8404=ORIENTED_EDGE('',*,*,#6267,.F.);
#8405=ORIENTED_EDGE('',*,*,#6268,.F.);
#8406=ORIENTED_EDGE('',*,*,#6271,.F.);
#8407=ORIENTED_EDGE('',*,*,#6270,.T.);
#8408=CONICAL_SURFACE('',#9076,3.4,0.785398163397448);
#8409=CONICAL_SURFACE('',#9079,3.4,0.785398163397448);
#8410=CONICAL_SURFACE('',#9082,3.4,0.785398163397448);
#8411=CONICAL_SURFACE('',#9085,3.4,0.785398163397448);
#8412=CONICAL_SURFACE('',#9088,3.4,0.785398163397448);
#8413=CONICAL_SURFACE('',#9091,3.4,0.785398163397448);
#8414=CONICAL_SURFACE('',#9094,3.4,0.785398163397448);
#8415=CONICAL_SURFACE('',#9097,3.4,0.785398163397448);
#8416=CONICAL_SURFACE('',#9100,3.4,0.785398163397448);
#8417=CONICAL_SURFACE('',#9103,2.55,0.785398163397448);
#8418=CONICAL_SURFACE('',#9106,2.55,0.785398163397448);
#8419=CONICAL_SURFACE('',#9109,2.55,0.785398163397448);
#8420=CONICAL_SURFACE('',#9112,2.55,0.785398163397448);
#8421=CONICAL_SURFACE('',#9115,2.55,0.785398163397448);
#8422=CONICAL_SURFACE('',#9118,2.55,0.785398163397448);
#8423=CONICAL_SURFACE('',#9121,2.55,0.785398163397448);
#8424=CONICAL_SURFACE('',#9124,2.55,0.785398163397448);
#8425=CONICAL_SURFACE('',#9127,2.55,0.785398163397448);
#8426=CONICAL_SURFACE('',#9130,2.55,0.785398163397448);
#8427=CONICAL_SURFACE('',#9133,2.55,0.785398163397448);
#8428=CONICAL_SURFACE('',#9136,2.55,0.785398163397448);
#8429=CONICAL_SURFACE('',#9139,2.55,0.785398163397448);
#8430=CONICAL_SURFACE('',#9142,2.55,0.785398163397448);
#8431=CONICAL_SURFACE('',#9145,2.55,0.785398163397448);
#8432=CONICAL_SURFACE('',#9148,2.55,0.785398163397448);
#8433=CONICAL_SURFACE('',#9151,2.55,0.785398163397448);
#8434=CONICAL_SURFACE('',#9154,2.55,0.785398163397448);
#8435=CONICAL_SURFACE('',#9157,2.55,0.785398163397448);
#8436=CONICAL_SURFACE('',#9160,2.55,0.785398163397448);
#8437=CONICAL_SURFACE('',#9163,2.55,0.785398163397448);
#8438=CONICAL_SURFACE('',#9166,2.55,0.785398163397448);
#8439=CONICAL_SURFACE('',#9169,2.55,0.785398163397448);
#8440=CONICAL_SURFACE('',#9172,2.55,0.785398163397448);
#8441=CONICAL_SURFACE('',#9175,2.55,0.785398163397448);
#8442=CONICAL_SURFACE('',#9178,2.55,0.785398163397448);
#8443=CONICAL_SURFACE('',#9181,2.55,0.785398163397448);
#8444=CONICAL_SURFACE('',#9184,2.55,0.785398163397448);
#8445=CONICAL_SURFACE('',#9187,2.55,0.785398163397448);
#8446=CONICAL_SURFACE('',#9190,2.55,0.785398163397448);
#8447=CONICAL_SURFACE('',#9193,2.55,0.785398163397448);
#8448=CONICAL_SURFACE('',#9196,2.55,0.785398163397448);
#8449=CONICAL_SURFACE('',#9199,2.55,0.785398163397448);
#8450=CONICAL_SURFACE('',#9202,2.55,0.785398163397448);
#8451=CONICAL_SURFACE('',#9205,2.55,0.785398163397448);
#8452=CONICAL_SURFACE('',#9208,2.55,0.785398163397448);
#8453=CONICAL_SURFACE('',#9211,2.55,0.785398163397448);
#8454=CONICAL_SURFACE('',#9214,2.55,0.785398163397448);
#8455=CONICAL_SURFACE('',#9217,2.55,0.785398163397448);
#8456=CONICAL_SURFACE('',#9220,2.55,0.785398163397448);
#8457=CONICAL_SURFACE('',#9223,2.55,0.785398163397448);
#8458=CONICAL_SURFACE('',#9226,2.55,0.785398163397448);
#8459=CONICAL_SURFACE('',#9229,2.55,0.785398163397448);
#8460=CONICAL_SURFACE('',#9232,2.55,0.785398163397448);
#8461=CONICAL_SURFACE('',#9235,2.55,0.785398163397448);
#8462=CONICAL_SURFACE('',#9238,2.55,0.785398163397448);
#8463=CONICAL_SURFACE('',#9241,2.55,0.785398163397448);
#8464=CONICAL_SURFACE('',#9244,2.55,0.785398163397448);
#8465=CONICAL_SURFACE('',#9247,2.55,0.785398163397448);
#8466=CONICAL_SURFACE('',#9250,2.55,0.785398163397448);
#8467=CONICAL_SURFACE('',#9253,2.55,0.785398163397448);
#8468=CONICAL_SURFACE('',#9256,2.55,0.785398163397448);
#8469=CONICAL_SURFACE('',#9259,2.55,0.785398163397448);
#8470=CONICAL_SURFACE('',#9262,2.55,0.785398163397448);
#8471=CONICAL_SURFACE('',#9265,2.55,0.785398163397448);
#8472=CONICAL_SURFACE('',#9268,2.55,0.785398163397448);
#8473=CONICAL_SURFACE('',#9271,2.55,0.785398163397448);
#8474=CONICAL_SURFACE('',#9274,2.55,0.785398163397448);
#8475=CONICAL_SURFACE('',#9277,2.55,0.785398163397448);
#8476=CONICAL_SURFACE('',#9280,2.55,0.785398163397448);
#8477=CONICAL_SURFACE('',#9283,2.55,0.785398163397448);
#8478=CONICAL_SURFACE('',#9286,2.55,0.785398163397448);
#8479=CONICAL_SURFACE('',#9289,2.55,0.785398163397448);
#8480=CONICAL_SURFACE('',#9292,2.55,0.785398163397448);
#8481=CONICAL_SURFACE('',#9295,2.55,0.785398163397448);
#8482=CONICAL_SURFACE('',#9298,2.55,0.785398163397448);
#8483=CONICAL_SURFACE('',#9301,2.55,0.785398163397448);
#8484=CONICAL_SURFACE('',#9304,2.55,0.785398163397448);
#8485=CONICAL_SURFACE('',#9307,2.55,0.785398163397448);
#8486=CONICAL_SURFACE('',#9310,2.55,0.785398163397448);
#8487=ADVANCED_FACE('',(#1662),#8408,.F.);
#8488=ADVANCED_FACE('',(#1663),#8409,.F.);
#8489=ADVANCED_FACE('',(#1664),#8410,.F.);
#8490=ADVANCED_FACE('',(#1665),#8411,.F.);
#8491=ADVANCED_FACE('',(#1666),#8412,.F.);
#8492=ADVANCED_FACE('',(#1667),#8413,.F.);
#8493=ADVANCED_FACE('',(#1668),#8414,.F.);
#8494=ADVANCED_FACE('',(#1669),#8415,.F.);
#8495=ADVANCED_FACE('',(#1670),#8416,.F.);
#8496=ADVANCED_FACE('',(#1671),#8417,.F.);
#8497=ADVANCED_FACE('',(#1672),#8418,.F.);
#8498=ADVANCED_FACE('',(#1673),#8419,.F.);
#8499=ADVANCED_FACE('',(#1674),#8420,.F.);
#8500=ADVANCED_FACE('',(#1675),#8421,.F.);
#8501=ADVANCED_FACE('',(#1676),#8422,.F.);
#8502=ADVANCED_FACE('',(#1677),#8423,.F.);
#8503=ADVANCED_FACE('',(#1678),#8424,.F.);
#8504=ADVANCED_FACE('',(#1679),#8425,.F.);
#8505=ADVANCED_FACE('',(#1680),#8426,.F.);
#8506=ADVANCED_FACE('',(#1681),#8427,.F.);
#8507=ADVANCED_FACE('',(#1682),#8428,.F.);
#8508=ADVANCED_FACE('',(#1683),#8429,.F.);
#8509=ADVANCED_FACE('',(#1684),#8430,.F.);
#8510=ADVANCED_FACE('',(#1685),#8431,.F.);
#8511=ADVANCED_FACE('',(#1686),#8432,.F.);
#8512=ADVANCED_FACE('',(#1687),#8433,.F.);
#8513=ADVANCED_FACE('',(#1688),#8434,.F.);
#8514=ADVANCED_FACE('',(#1689),#8435,.F.);
#8515=ADVANCED_FACE('',(#1690),#8436,.F.);
#8516=ADVANCED_FACE('',(#1691),#8437,.F.);
#8517=ADVANCED_FACE('',(#1692),#8438,.F.);
#8518=ADVANCED_FACE('',(#1693),#8439,.F.);
#8519=ADVANCED_FACE('',(#1694),#8440,.F.);
#8520=ADVANCED_FACE('',(#1695),#8441,.F.);
#8521=ADVANCED_FACE('',(#1696),#8442,.F.);
#8522=ADVANCED_FACE('',(#1697),#8443,.F.);
#8523=ADVANCED_FACE('',(#1698),#8444,.F.);
#8524=ADVANCED_FACE('',(#1699),#8445,.F.);
#8525=ADVANCED_FACE('',(#1700),#8446,.F.);
#8526=ADVANCED_FACE('',(#1701),#8447,.F.);
#8527=ADVANCED_FACE('',(#1702),#8448,.F.);
#8528=ADVANCED_FACE('',(#1703),#8449,.F.);
#8529=ADVANCED_FACE('',(#1704),#8450,.F.);
#8530=ADVANCED_FACE('',(#1705),#8451,.F.);
#8531=ADVANCED_FACE('',(#1706),#8452,.F.);
#8532=ADVANCED_FACE('',(#1707),#8453,.F.);
#8533=ADVANCED_FACE('',(#1708),#8454,.F.);
#8534=ADVANCED_FACE('',(#1709),#8455,.F.);
#8535=ADVANCED_FACE('',(#1710),#8456,.F.);
#8536=ADVANCED_FACE('',(#1711),#8457,.F.);
#8537=ADVANCED_FACE('',(#1712),#8458,.F.);
#8538=ADVANCED_FACE('',(#1713),#8459,.F.);
#8539=ADVANCED_FACE('',(#1714),#8460,.F.);
#8540=ADVANCED_FACE('',(#1715),#8461,.F.);
#8541=ADVANCED_FACE('',(#1716),#8462,.F.);
#8542=ADVANCED_FACE('',(#1717),#8463,.F.);
#8543=ADVANCED_FACE('',(#1718),#8464,.F.);
#8544=ADVANCED_FACE('',(#1719),#8465,.F.);
#8545=ADVANCED_FACE('',(#1720),#8466,.F.);
#8546=ADVANCED_FACE('',(#1721),#8467,.F.);
#8547=ADVANCED_FACE('',(#1722),#8468,.F.);
#8548=ADVANCED_FACE('',(#1723),#8469,.F.);
#8549=ADVANCED_FACE('',(#1724),#8470,.F.);
#8550=ADVANCED_FACE('',(#1725),#8471,.F.);
#8551=ADVANCED_FACE('',(#1726),#8472,.F.);
#8552=ADVANCED_FACE('',(#1727),#8473,.F.);
#8553=ADVANCED_FACE('',(#1728),#8474,.F.);
#8554=ADVANCED_FACE('',(#1729),#8475,.F.);
#8555=ADVANCED_FACE('',(#1730),#8476,.F.);
#8556=ADVANCED_FACE('',(#1731),#8477,.F.);
#8557=ADVANCED_FACE('',(#1732),#8478,.F.);
#8558=ADVANCED_FACE('',(#1733),#8479,.F.);
#8559=ADVANCED_FACE('',(#1734),#8480,.F.);
#8560=ADVANCED_FACE('',(#1735),#8481,.F.);
#8561=ADVANCED_FACE('',(#1736),#8482,.F.);
#8562=ADVANCED_FACE('',(#1737),#8483,.F.);
#8563=ADVANCED_FACE('',(#1738),#8484,.F.);
#8564=ADVANCED_FACE('',(#1739),#8485,.F.);
#8565=ADVANCED_FACE('',(#1740),#8486,.F.);
#8566=ADVANCED_FACE('',(#1741),#1512,.F.);
#8567=ADVANCED_FACE('',(#1742),#1513,.T.);
#8568=ADVANCED_FACE('',(#1743),#1357,.F.);
#8569=ADVANCED_FACE('',(#1744),#1514,.T.);
#8570=ADVANCED_FACE('',(#1745),#1358,.T.);
#8571=ADVANCED_FACE('',(#1746),#1359,.T.);
#8572=ADVANCED_FACE('',(#1747),#1515,.F.);
#8573=ADVANCED_FACE('',(#1748,#1005,#1006,#1007,#1008,#1009,#1010,#1011,
#1012,#1013,#1014,#1015,#1016,#1017,#1018,#1019,#1020,#1021,#1022,#1023,
#1024,#1025,#1026,#1027,#1028,#1029,#1030,#1031,#1032,#1033,#1034,#1035,
#1036,#1037,#1038,#1039,#1040,#1041,#1042,#1043,#1044,#1045,#1046,#1047,
#1048,#1049,#1050,#1051,#1052,#1053,#1054,#1055,#1056,#1057,#1058,#1059,
#1060,#1061,#1062,#1063,#1064,#1065,#1066,#1067,#1068,#1069,#1070,#1071,
#1072,#1073,#1074,#1075,#1076,#1077,#1078,#1079,#1080,#1081,#1082,#1083,
#1084,#1085,#1086),#1516,.F.);
#8574=ADVANCED_FACE('',(#1749),#1360,.F.);
#8575=ADVANCED_FACE('',(#1750,#1087,#1088,#1089,#1090,#1091,#1092,#1093,
#1094,#1095,#1096,#1097,#1098,#1099,#1100,#1101,#1102,#1103,#1104,#1105,
#1106,#1107,#1108,#1109,#1110,#1111,#1112,#1113,#1114,#1115,#1116,#1117,
#1118,#1119,#1120,#1121,#1122,#1123,#1124,#1125,#1126,#1127,#1128,#1129,
#1130,#1131,#1132,#1133,#1134,#1135,#1136,#1137,#1138,#1139,#1140,#1141,
#1142,#1143,#1144,#1145,#1146,#1147,#1148,#1149,#1150,#1151,#1152,#1153,
#1154,#1155,#1156,#1157,#1158,#1159,#1160,#1161,#1162,#1163,#1164,#1165,
#1166,#1167,#1168),#1517,.T.);
#8576=ADVANCED_FACE('',(#1751),#1361,.F.);
#8577=ADVANCED_FACE('',(#1752),#1362,.F.);
#8578=ADVANCED_FACE('',(#1753),#1001,.T.);
#8579=ADVANCED_FACE('',(#1754),#1363,.F.);
#8580=ADVANCED_FACE('',(#1755,#1169,#1170,#1171),#1518,.T.);
#8581=ADVANCED_FACE('',(#1756),#1364,.F.);
#8582=ADVANCED_FACE('',(#1757),#1365,.T.);
#8583=ADVANCED_FACE('',(#1758),#1519,.F.);
#8584=ADVANCED_FACE('',(#1759),#1520,.F.);
#8585=ADVANCED_FACE('',(#1760),#1521,.F.);
#8586=ADVANCED_FACE('',(#1761),#1522,.F.);
#8587=ADVANCED_FACE('',(#1762),#1523,.F.);
#8588=ADVANCED_FACE('',(#1763),#1524,.F.);
#8589=ADVANCED_FACE('',(#1764,#1172),#1525,.F.);
#8590=ADVANCED_FACE('',(#1765),#1366,.T.);
#8591=ADVANCED_FACE('',(#1766),#1367,.F.);
#8592=ADVANCED_FACE('',(#1767),#1526,.F.);
#8593=ADVANCED_FACE('',(#1768),#1527,.F.);
#8594=ADVANCED_FACE('',(#1769),#1368,.F.);
#8595=ADVANCED_FACE('',(#1770),#1369,.T.);
#8596=ADVANCED_FACE('',(#1771),#1528,.F.);
#8597=ADVANCED_FACE('',(#1772),#1370,.T.);
#8598=ADVANCED_FACE('',(#1773),#1002,.F.);
#8599=ADVANCED_FACE('',(#1774),#1003,.F.);
#8600=ADVANCED_FACE('',(#1775),#1371,.T.);
#8601=ADVANCED_FACE('',(#1776),#1529,.F.);
#8602=ADVANCED_FACE('',(#1777),#1372,.T.);
#8603=ADVANCED_FACE('',(#1778,#1173,#1174,#1175),#1530,.F.);
#8604=ADVANCED_FACE('',(#1779),#1373,.T.);
#8605=ADVANCED_FACE('',(#1780),#1374,.F.);
#8606=ADVANCED_FACE('',(#1781),#1004,.T.);
#8607=ADVANCED_FACE('',(#1782),#1375,.F.);
#8608=ADVANCED_FACE('',(#1783),#1531,.F.);
#8609=ADVANCED_FACE('',(#1784),#1532,.F.);
#8610=ADVANCED_FACE('',(#1785),#1533,.T.);
#8611=ADVANCED_FACE('',(#1786),#1376,.F.);
#8612=ADVANCED_FACE('',(#1787),#1534,.F.);
#8613=ADVANCED_FACE('',(#1788),#1377,.F.);
#8614=ADVANCED_FACE('',(#1789),#1535,.F.);
#8615=ADVANCED_FACE('',(#1790),#1378,.F.);
#8616=ADVANCED_FACE('',(#1791),#1379,.T.);
#8617=ADVANCED_FACE('',(#1792,#1176,#1177),#1536,.T.);
#8618=ADVANCED_FACE('',(#1793),#1380,.T.);
#8619=ADVANCED_FACE('',(#1794),#1381,.F.);
#8620=ADVANCED_FACE('',(#1795,#1178,#1179,#1180),#1537,.F.);
#8621=ADVANCED_FACE('',(#1796),#1538,.F.);
#8622=ADVANCED_FACE('',(#1797),#1539,.F.);
#8623=ADVANCED_FACE('',(#1798),#1382,.F.);
#8624=ADVANCED_FACE('',(#1799,#1181,#1182),#1540,.F.);
#8625=ADVANCED_FACE('',(#1800,#1183,#1184,#1185),#1541,.T.);
#8626=ADVANCED_FACE('',(#1801),#1542,.F.);
#8627=ADVANCED_FACE('',(#1802),#1383,.T.);
#8628=ADVANCED_FACE('',(#1803),#1543,.F.);
#8629=ADVANCED_FACE('',(#1804),#1544,.F.);
#8630=ADVANCED_FACE('',(#1805),#1384,.F.);
#8631=ADVANCED_FACE('',(#1806),#1385,.T.);
#8632=ADVANCED_FACE('',(#1807),#1545,.F.);
#8633=ADVANCED_FACE('',(#1808,#1186),#1546,.T.);
#8634=ADVANCED_FACE('',(#1809),#1547,.F.);
#8635=ADVANCED_FACE('',(#1810),#1548,.F.);
#8636=ADVANCED_FACE('',(#1811),#1386,.T.);
#8637=ADVANCED_FACE('',(#1812),#1549,.F.);
#8638=ADVANCED_FACE('',(#1813),#1387,.F.);
#8639=ADVANCED_FACE('',(#1814),#1388,.F.);
#8640=ADVANCED_FACE('',(#1815),#1389,.F.);
#8641=ADVANCED_FACE('',(#1816),#1390,.T.);
#8642=ADVANCED_FACE('',(#1817,#1187,#1188),#1550,.F.);
#8643=ADVANCED_FACE('',(#1818),#1391,.F.);
#8644=ADVANCED_FACE('',(#1819),#1392,.F.);
#8645=ADVANCED_FACE('',(#1820),#1393,.T.);
#8646=ADVANCED_FACE('',(#1821),#1551,.F.);
#8647=ADVANCED_FACE('',(#1822),#1552,.F.);
#8648=ADVANCED_FACE('',(#1823,#1189,#1190),#1553,.T.);
#8649=ADVANCED_FACE('',(#1824),#1554,.F.);
#8650=ADVANCED_FACE('',(#1825),#1555,.F.);
#8651=ADVANCED_FACE('',(#1826),#1394,.T.);
#8652=ADVANCED_FACE('',(#1827),#1395,.F.);
#8653=ADVANCED_FACE('',(#1828),#1556,.T.);
#8654=ADVANCED_FACE('',(#1829,#1191,#1192,#1193),#1557,.T.);
#8655=ADVANCED_FACE('',(#1830),#1396,.F.);
#8656=ADVANCED_FACE('',(#1831),#1397,.F.);
#8657=ADVANCED_FACE('',(#1832),#1398,.F.);
#8658=ADVANCED_FACE('',(#1833,#1194,#1195,#1196),#1558,.T.);
#8659=ADVANCED_FACE('',(#1834),#1559,.F.);
#8660=ADVANCED_FACE('',(#1835),#1560,.F.);
#8661=ADVANCED_FACE('',(#1836),#1561,.F.);
#8662=ADVANCED_FACE('',(#1837),#1562,.F.);
#8663=ADVANCED_FACE('',(#1838),#1399,.F.);
#8664=ADVANCED_FACE('',(#1839,#1197,#1198,#1199),#1563,.F.);
#8665=ADVANCED_FACE('',(#1840),#1400,.T.);
#8666=ADVANCED_FACE('',(#1841),#1401,.F.);
#8667=ADVANCED_FACE('',(#1842),#1402,.F.);
#8668=ADVANCED_FACE('',(#1843),#1564,.F.);
#8669=ADVANCED_FACE('',(#1844,#1200,#1201,#1202),#1565,.T.);
#8670=ADVANCED_FACE('',(#1845),#1566,.F.);
#8671=ADVANCED_FACE('',(#1846),#1403,.T.);
#8672=ADVANCED_FACE('',(#1847),#1567,.F.);
#8673=ADVANCED_FACE('',(#1848),#1404,.T.);
#8674=ADVANCED_FACE('',(#1849,#1203,#1204,#1205),#1568,.F.);
#8675=ADVANCED_FACE('',(#1850),#1569,.F.);
#8676=ADVANCED_FACE('',(#1851),#1405,.F.);
#8677=ADVANCED_FACE('',(#1852),#1406,.T.);
#8678=ADVANCED_FACE('',(#1853),#1407,.T.);
#8679=ADVANCED_FACE('',(#1854,#1206,#1207,#1208),#1570,.F.);
#8680=ADVANCED_FACE('',(#1855),#1408,.F.);
#8681=ADVANCED_FACE('',(#1856),#1571,.F.);
#8682=ADVANCED_FACE('',(#1857),#1409,.F.);
#8683=ADVANCED_FACE('',(#1858),#1410,.F.);
#8684=ADVANCED_FACE('',(#1859),#1572,.T.);
#8685=ADVANCED_FACE('',(#1860),#1573,.F.);
#8686=ADVANCED_FACE('',(#1861),#1411,.T.);
#8687=ADVANCED_FACE('',(#1862),#1412,.F.);
#8688=ADVANCED_FACE('',(#1863),#1413,.F.);
#8689=ADVANCED_FACE('',(#1864),#1414,.F.);
#8690=ADVANCED_FACE('',(#1865),#1415,.F.);
#8691=ADVANCED_FACE('',(#1866),#1416,.F.);
#8692=ADVANCED_FACE('',(#1867),#1417,.F.);
#8693=ADVANCED_FACE('',(#1868),#1418,.F.);
#8694=ADVANCED_FACE('',(#1869),#1419,.F.);
#8695=ADVANCED_FACE('',(#1870),#1420,.F.);
#8696=ADVANCED_FACE('',(#1871),#1421,.F.);
#8697=ADVANCED_FACE('',(#1872),#1574,.F.);
#8698=ADVANCED_FACE('',(#1873),#1575,.F.);
#8699=ADVANCED_FACE('',(#1874),#1576,.F.);
#8700=ADVANCED_FACE('',(#1875),#1577,.F.);
#8701=ADVANCED_FACE('',(#1876),#1422,.F.);
#8702=ADVANCED_FACE('',(#1877),#1423,.F.);
#8703=ADVANCED_FACE('',(#1878),#1424,.F.);
#8704=ADVANCED_FACE('',(#1879),#1578,.T.);
#8705=ADVANCED_FACE('',(#1880),#1579,.F.);
#8706=ADVANCED_FACE('',(#1881),#1580,.F.);
#8707=ADVANCED_FACE('',(#1882,#1209,#1210,#1211,#1212,#1213,#1214,#1215,
#1216,#1217,#1218,#1219,#1220,#1221,#1222),#1581,.F.);
#8708=ADVANCED_FACE('',(#1883),#1425,.T.);
#8709=ADVANCED_FACE('',(#1884),#1582,.F.);
#8710=ADVANCED_FACE('',(#1885),#1426,.T.);
#8711=ADVANCED_FACE('',(#1886),#1583,.T.);
#8712=ADVANCED_FACE('',(#1887),#1427,.F.);
#8713=ADVANCED_FACE('',(#1888),#1428,.F.);
#8714=ADVANCED_FACE('',(#1889,#1223,#1224,#1225),#1584,.T.);
#8715=ADVANCED_FACE('',(#1890),#1585,.F.);
#8716=ADVANCED_FACE('',(#1891),#1429,.F.);
#8717=ADVANCED_FACE('',(#1892),#1586,.F.);
#8718=ADVANCED_FACE('',(#1893),#1587,.F.);
#8719=ADVANCED_FACE('',(#1894),#1430,.F.);
#8720=ADVANCED_FACE('',(#1895),#1588,.F.);
#8721=ADVANCED_FACE('',(#1896),#1431,.T.);
#8722=ADVANCED_FACE('',(#1897),#1432,.T.);
#8723=ADVANCED_FACE('',(#1898),#1589,.F.);
#8724=ADVANCED_FACE('',(#1899),#1433,.T.);
#8725=ADVANCED_FACE('',(#1900,#1226,#1227,#1228),#1590,.T.);
#8726=ADVANCED_FACE('',(#1901),#1434,.F.);
#8727=ADVANCED_FACE('',(#1902),#1435,.F.);
#8728=ADVANCED_FACE('',(#1903),#1591,.F.);
#8729=ADVANCED_FACE('',(#1904),#1592,.F.);
#8730=ADVANCED_FACE('',(#1905),#1593,.F.);
#8731=ADVANCED_FACE('',(#1906),#1594,.F.);
#8732=ADVANCED_FACE('',(#1907),#1436,.F.);
#8733=ADVANCED_FACE('',(#1908),#1595,.F.);
#8734=ADVANCED_FACE('',(#1909),#1437,.T.);
#8735=ADVANCED_FACE('',(#1910),#1596,.F.);
#8736=ADVANCED_FACE('',(#1911),#1438,.F.);
#8737=ADVANCED_FACE('',(#1912,#1229,#1230,#1231),#1597,.F.);
#8738=ADVANCED_FACE('',(#1913),#1598,.F.);
#8739=ADVANCED_FACE('',(#1914),#1439,.T.);
#8740=ADVANCED_FACE('',(#1915,#1232,#1233,#1234),#1599,.F.);
#8741=ADVANCED_FACE('',(#1916),#1600,.F.);
#8742=ADVANCED_FACE('',(#1917),#1601,.F.);
#8743=ADVANCED_FACE('',(#1918),#1440,.T.);
#8744=ADVANCED_FACE('',(#1919),#1602,.F.);
#8745=ADVANCED_FACE('',(#1920,#1235,#1236,#1237,#1238,#1239,#1240,#1241,
#1242,#1243,#1244,#1245,#1246,#1247,#1248),#1603,.T.);
#8746=ADVANCED_FACE('',(#1921),#1441,.T.);
#8747=ADVANCED_FACE('',(#1922),#1442,.T.);
#8748=ADVANCED_FACE('',(#1923),#1604,.F.);
#8749=ADVANCED_FACE('',(#1924),#1443,.F.);
#8750=ADVANCED_FACE('',(#1925),#1444,.F.);
#8751=ADVANCED_FACE('',(#1926),#1445,.F.);
#8752=ADVANCED_FACE('',(#1927),#1605,.F.);
#8753=ADVANCED_FACE('',(#1928),#1446,.F.);
#8754=ADVANCED_FACE('',(#1929),#1447,.F.);
#8755=ADVANCED_FACE('',(#1930),#1606,.F.);
#8756=ADVANCED_FACE('',(#1931),#1448,.F.);
#8757=ADVANCED_FACE('',(#1932),#1449,.F.);
#8758=ADVANCED_FACE('',(#1933),#1607,.F.);
#8759=ADVANCED_FACE('',(#1934),#1450,.F.);
#8760=ADVANCED_FACE('',(#1935),#1451,.F.);
#8761=ADVANCED_FACE('',(#1936),#1608,.F.);
#8762=ADVANCED_FACE('',(#1937),#1452,.F.);
#8763=ADVANCED_FACE('',(#1938),#1609,.F.);
#8764=ADVANCED_FACE('',(#1939),#1453,.F.);
#8765=ADVANCED_FACE('',(#1940),#1610,.F.);
#8766=ADVANCED_FACE('',(#1941),#1454,.F.);
#8767=ADVANCED_FACE('',(#1942),#1611,.F.);
#8768=ADVANCED_FACE('',(#1943),#1612,.F.);
#8769=ADVANCED_FACE('',(#1944),#1455,.F.);
#8770=ADVANCED_FACE('',(#1945),#1613,.F.);
#8771=ADVANCED_FACE('',(#1946),#1456,.F.);
#8772=ADVANCED_FACE('',(#1947),#1614,.F.);
#8773=ADVANCED_FACE('',(#1948),#1457,.F.);
#8774=ADVANCED_FACE('',(#1949),#1458,.F.);
#8775=ADVANCED_FACE('',(#1950),#1615,.F.);
#8776=ADVANCED_FACE('',(#1951),#1459,.F.);
#8777=ADVANCED_FACE('',(#1952),#1616,.F.);
#8778=ADVANCED_FACE('',(#1953),#1460,.F.);
#8779=ADVANCED_FACE('',(#1954),#1617,.F.);
#8780=ADVANCED_FACE('',(#1955),#1461,.F.);
#8781=ADVANCED_FACE('',(#1956),#1462,.F.);
#8782=ADVANCED_FACE('',(#1957),#1618,.F.);
#8783=ADVANCED_FACE('',(#1958),#1463,.F.);
#8784=ADVANCED_FACE('',(#1959),#1464,.F.);
#8785=ADVANCED_FACE('',(#1960),#1619,.F.);
#8786=ADVANCED_FACE('',(#1961),#1620,.F.);
#8787=ADVANCED_FACE('',(#1962),#1465,.F.);
#8788=ADVANCED_FACE('',(#1963),#1466,.F.);
#8789=ADVANCED_FACE('',(#1964),#1621,.F.);
#8790=ADVANCED_FACE('',(#1965),#1467,.F.);
#8791=ADVANCED_FACE('',(#1966),#1468,.F.);
#8792=ADVANCED_FACE('',(#1967),#1622,.F.);
#8793=ADVANCED_FACE('',(#1968),#1623,.F.);
#8794=ADVANCED_FACE('',(#1969),#1469,.F.);
#8795=ADVANCED_FACE('',(#1970),#1470,.F.);
#8796=ADVANCED_FACE('',(#1971),#1624,.F.);
#8797=ADVANCED_FACE('',(#1972),#1471,.F.);
#8798=ADVANCED_FACE('',(#1973),#1472,.F.);
#8799=ADVANCED_FACE('',(#1974),#1625,.F.);
#8800=ADVANCED_FACE('',(#1975),#1626,.F.);
#8801=ADVANCED_FACE('',(#1976),#1473,.F.);
#8802=ADVANCED_FACE('',(#1977),#1627,.F.);
#8803=ADVANCED_FACE('',(#1978),#1474,.F.);
#8804=ADVANCED_FACE('',(#1979),#1628,.F.);
#8805=ADVANCED_FACE('',(#1980),#1475,.F.);
#8806=ADVANCED_FACE('',(#1981),#1629,.F.);
#8807=ADVANCED_FACE('',(#1982),#1476,.F.);
#8808=ADVANCED_FACE('',(#1983),#1630,.F.);
#8809=ADVANCED_FACE('',(#1984),#1631,.F.);
#8810=ADVANCED_FACE('',(#1985),#1632,.F.);
#8811=ADVANCED_FACE('',(#1986),#1633,.F.);
#8812=ADVANCED_FACE('',(#1987),#1477,.F.);
#8813=ADVANCED_FACE('',(#1988),#1634,.F.);
#8814=ADVANCED_FACE('',(#1989),#1478,.F.);
#8815=ADVANCED_FACE('',(#1990),#1635,.F.);
#8816=ADVANCED_FACE('',(#1991),#1636,.F.);
#8817=ADVANCED_FACE('',(#1992),#1479,.F.);
#8818=ADVANCED_FACE('',(#1993),#1637,.F.);
#8819=ADVANCED_FACE('',(#1994),#1480,.F.);
#8820=ADVANCED_FACE('',(#1995),#1638,.F.);
#8821=ADVANCED_FACE('',(#1996),#1481,.F.);
#8822=ADVANCED_FACE('',(#1997),#1482,.F.);
#8823=ADVANCED_FACE('',(#1998),#1639,.F.);
#8824=ADVANCED_FACE('',(#1999),#1640,.F.);
#8825=ADVANCED_FACE('',(#2000),#1483,.F.);
#8826=ADVANCED_FACE('',(#2001),#1484,.F.);
#8827=ADVANCED_FACE('',(#2002),#1641,.F.);
#8828=ADVANCED_FACE('',(#2003),#1642,.F.);
#8829=ADVANCED_FACE('',(#2004),#1485,.F.);
#8830=ADVANCED_FACE('',(#2005),#1486,.F.);
#8831=ADVANCED_FACE('',(#2006),#1643,.F.);
#8832=ADVANCED_FACE('',(#2007),#1487,.F.);
#8833=ADVANCED_FACE('',(#2008),#1488,.F.);
#8834=ADVANCED_FACE('',(#2009),#1644,.F.);
#8835=ADVANCED_FACE('',(#2010),#1489,.T.);
#8836=ADVANCED_FACE('',(#2011),#1645,.F.);
#8837=ADVANCED_FACE('',(#2012),#1490,.T.);
#8838=ADVANCED_FACE('',(#2013),#1646,.F.);
#8839=ADVANCED_FACE('',(#2014),#1491,.T.);
#8840=ADVANCED_FACE('',(#2015),#1647,.F.);
#8841=ADVANCED_FACE('',(#2016),#1492,.T.);
#8842=ADVANCED_FACE('',(#2017),#1493,.F.);
#8843=ADVANCED_FACE('',(#2018),#1494,.F.);
#8844=ADVANCED_FACE('',(#2019),#1495,.F.);
#8845=ADVANCED_FACE('',(#2020),#1496,.F.);
#8846=ADVANCED_FACE('',(#2021),#1497,.F.);
#8847=ADVANCED_FACE('',(#2022),#1648,.T.);
#8848=ADVANCED_FACE('',(#2023),#1498,.F.);
#8849=ADVANCED_FACE('',(#2024),#1649,.T.);
#8850=ADVANCED_FACE('',(#2025),#1499,.F.);
#8851=ADVANCED_FACE('',(#2026),#1650,.T.);
#8852=ADVANCED_FACE('',(#2027),#1500,.F.);
#8853=ADVANCED_FACE('',(#2028),#1651,.T.);
#8854=ADVANCED_FACE('',(#2029),#1501,.F.);
#8855=ADVANCED_FACE('',(#2030),#1652,.T.);
#8856=ADVANCED_FACE('',(#2031),#1502,.F.);
#8857=ADVANCED_FACE('',(#2032),#1653,.T.);
#8858=ADVANCED_FACE('',(#2033),#1503,.F.);
#8859=ADVANCED_FACE('',(#2034),#1654,.T.);
#8860=ADVANCED_FACE('',(#2035),#1504,.F.);
#8861=ADVANCED_FACE('',(#2036),#1655,.T.);
#8862=ADVANCED_FACE('',(#2037),#1505,.F.);
#8863=ADVANCED_FACE('',(#2038,#1249,#1250,#1251,#1252,#1253,#1254,#1255,
#1256,#1257,#1258,#1259,#1260,#1261,#1262,#1263,#1264,#1265,#1266,#1267,
#1268,#1269,#1270,#1271,#1272,#1273,#1274,#1275,#1276,#1277,#1278,#1279,
#1280,#1281,#1282,#1283,#1284,#1285,#1286,#1287,#1288,#1289,#1290,#1291,
#1292,#1293,#1294,#1295,#1296,#1297,#1298),#1656,.F.);
#8864=ADVANCED_FACE('',(#2039,#1299,#1300,#1301,#1302,#1303,#1304,#1305,
#1306,#1307,#1308,#1309,#1310,#1311,#1312,#1313,#1314,#1315,#1316,#1317,
#1318,#1319,#1320,#1321,#1322,#1323,#1324,#1325,#1326,#1327,#1328,#1329,
#1330,#1331,#1332,#1333,#1334,#1335,#1336,#1337,#1338,#1339,#1340,#1341,
#1342,#1343,#1344,#1345,#1346,#1347,#1348),#1657,.T.);
#8865=ADVANCED_FACE('',(#2040),#1658,.F.);
#8866=ADVANCED_FACE('',(#2041),#1506,.T.);
#8867=ADVANCED_FACE('',(#2042),#35,.T.);
#8868=ADVANCED_FACE('',(#2043),#1507,.T.);
#8869=ADVANCED_FACE('',(#2044),#36,.T.);
#8870=ADVANCED_FACE('',(#2045),#1508,.T.);
#8871=ADVANCED_FACE('',(#2046),#1659,.T.);
#8872=ADVANCED_FACE('',(#2047),#1660,.F.);
#8873=ADVANCED_FACE('',(#2048),#1509,.T.);
#8874=ADVANCED_FACE('',(#2049),#37,.T.);
#8875=ADVANCED_FACE('',(#2050),#1510,.T.);
#8876=ADVANCED_FACE('',(#2051),#38,.T.);
#8877=ADVANCED_FACE('',(#2052),#1511,.T.);
#8878=ADVANCED_FACE('',(#2053),#1661,.T.);
#8879=CLOSED_SHELL('',(#8487,#8488,#8489,#8490,#8491,#8492,#8493,#8494,
#8495,#8496,#8497,#8498,#8499,#8500,#8501,#8502,#8503,#8504,#8505,#8506,
#8507,#8508,#8509,#8510,#8511,#8512,#8513,#8514,#8515,#8516,#8517,#8518,
#8519,#8520,#8521,#8522,#8523,#8524,#8525,#8526,#8527,#8528,#8529,#8530,
#8531,#8532,#8533,#8534,#8535,#8536,#8537,#8538,#8539,#8540,#8541,#8542,
#8543,#8544,#8545,#8546,#8547,#8548,#8549,#8550,#8551,#8552,#8553,#8554,
#8555,#8556,#8557,#8558,#8559,#8560,#8561,#8562,#8563,#8564,#8565,#8566,
#8567,#8568,#8569,#8570,#8571,#8572,#8573,#8574,#8575,#8576,#8577,#8578,
#8579,#8580,#8581,#8582,#8583,#8584,#8585,#8586,#8587,#8588,#8589,#8590,
#8591,#8592,#8593,#8594,#8595,#8596,#8597,#8598,#8599,#8600,#8601,#8602,
#8603,#8604,#8605,#8606,#8607,#8608,#8609,#8610,#8611,#8612,#8613,#8614,
#8615,#8616,#8617,#8618,#8619,#8620,#8621,#8622,#8623,#8624,#8625,#8626,
#8627,#8628,#8629,#8630,#8631,#8632,#8633,#8634,#8635,#8636,#8637,#8638,
#8639,#8640,#8641,#8642,#8643,#8644,#8645,#8646,#8647,#8648,#8649,#8650,
#8651));
#8880=CLOSED_SHELL('',(#8652,#8653,#8654,#8655,#8656,#8657,#8658,#8659,
#8660,#8661,#8662,#8663,#8664,#8665,#8666,#8667,#8668,#8669,#8670,#8671,
#8672,#8673,#8674,#8675,#8676,#8677,#8678,#8679,#8680,#8681,#8682,#8683,
#8684,#8685,#8686));
#8881=CLOSED_SHELL('',(#8687,#8688,#8689,#8690,#8691,#8692,#8693,#8694,
#8695,#8696,#8697,#8698,#8699,#8700,#8701,#8702,#8703,#8704,#8705,#8706,
#8707,#8708,#8709,#8710,#8711,#8712,#8713,#8714,#8715,#8716,#8717,#8718,
#8719,#8720,#8721,#8722,#8723,#8724,#8725,#8726,#8727,#8728,#8729,#8730,
#8731,#8732,#8733,#8734,#8735,#8736,#8737,#8738,#8739,#8740,#8741,#8742,
#8743,#8744,#8745,#8746,#8747));
#8882=CLOSED_SHELL('',(#8748,#8749,#8750,#8751,#8752,#8753,#8754,#8755,
#8756,#8757,#8758,#8759,#8760,#8761,#8762,#8763,#8764,#8765,#8766,#8767,
#8768,#8769,#8770,#8771,#8772,#8773,#8774,#8775,#8776,#8777,#8778,#8779,
#8780,#8781,#8782,#8783,#8784,#8785,#8786,#8787,#8788,#8789,#8790,#8791,
#8792,#8793,#8794,#8795,#8796,#8797,#8798,#8799,#8800,#8801,#8802,#8803,
#8804,#8805,#8806,#8807,#8808,#8809,#8810,#8811,#8812,#8813,#8814,#8815,
#8816,#8817,#8818,#8819,#8820,#8821,#8822,#8823,#8824,#8825,#8826,#8827,
#8828,#8829,#8830,#8831,#8832,#8833,#8834,#8835,#8836,#8837,#8838,#8839,
#8840,#8841,#8842,#8843,#8844,#8845,#8846,#8847,#8848,#8849,#8850,#8851,
#8852,#8853,#8854,#8855,#8856,#8857,#8858,#8859,#8860,#8861,#8862,#8863,
#8864));
#8883=CLOSED_SHELL('',(#8865,#8866,#8867,#8868,#8869,#8870,#8871));
#8884=CLOSED_SHELL('',(#8872,#8873,#8874,#8875,#8876,#8877,#8878));
#8885=DERIVED_UNIT_ELEMENT(#8898,1.);
#8886=DERIVED_UNIT_ELEMENT(#15879,-3.);
#8887=DERIVED_UNIT_ELEMENT(#8898,1.);
#8888=DERIVED_UNIT_ELEMENT(#15879,-3.);
#8889=DERIVED_UNIT_ELEMENT(#8898,1.);
#8890=DERIVED_UNIT_ELEMENT(#15879,-3.);
#8891=DERIVED_UNIT_ELEMENT(#8898,1.);
#8892=DERIVED_UNIT_ELEMENT(#15879,-3.);
#8893=DERIVED_UNIT_ELEMENT(#8898,1.);
#8894=DERIVED_UNIT_ELEMENT(#15879,-3.);
#8895=DERIVED_UNIT_ELEMENT(#8898,1.);
#8896=DERIVED_UNIT_ELEMENT(#15879,-3.);
#8897=DIMENSIONAL_EXPONENTS(0.,1.,0.,0.,0.,0.,0.);
#8898=(
CONVERSION_BASED_UNIT('gram',#8900)
MASS_UNIT()
NAMED_UNIT(#8897)
);
#8899=(
MASS_UNIT()
NAMED_UNIT(*)
SI_UNIT(.KILO.,.GRAM.)
);
#8900=MASS_MEASURE_WITH_UNIT(MASS_MEASURE(0.001),#8899);
#8901=DERIVED_UNIT((#8885,#8886));
#8902=DERIVED_UNIT((#8887,#8888));
#8903=DERIVED_UNIT((#8889,#8890));
#8904=DERIVED_UNIT((#8891,#8892));
#8905=DERIVED_UNIT((#8893,#8894));
#8906=DERIVED_UNIT((#8895,#8896));
#8907=MEASURE_REPRESENTATION_ITEM('density measure',
POSITIVE_RATIO_MEASURE(1.),#8901);
#8908=MEASURE_REPRESENTATION_ITEM('density measure',
POSITIVE_RATIO_MEASURE(1.),#8902);
#8909=MEASURE_REPRESENTATION_ITEM('density measure',
POSITIVE_RATIO_MEASURE(1.),#8903);
#8910=MEASURE_REPRESENTATION_ITEM('density measure',
POSITIVE_RATIO_MEASURE(1.),#8904);
#8911=MEASURE_REPRESENTATION_ITEM('density measure',
POSITIVE_RATIO_MEASURE(1.),#8905);
#8912=MEASURE_REPRESENTATION_ITEM('density measure',
POSITIVE_RATIO_MEASURE(1.),#8906);
#8913=PROPERTY_DEFINITION_REPRESENTATION(#8943,#8925);
#8914=PROPERTY_DEFINITION_REPRESENTATION(#8944,#8926);
#8915=PROPERTY_DEFINITION_REPRESENTATION(#8945,#8927);
#8916=PROPERTY_DEFINITION_REPRESENTATION(#8946,#8928);
#8917=PROPERTY_DEFINITION_REPRESENTATION(#8947,#8929);
#8918=PROPERTY_DEFINITION_REPRESENTATION(#8948,#8930);
#8919=PROPERTY_DEFINITION_REPRESENTATION(#8949,#8931);
#8920=PROPERTY_DEFINITION_REPRESENTATION(#8950,#8932);
#8921=PROPERTY_DEFINITION_REPRESENTATION(#8951,#8933);
#8922=PROPERTY_DEFINITION_REPRESENTATION(#8952,#8934);
#8923=PROPERTY_DEFINITION_REPRESENTATION(#8953,#8935);
#8924=PROPERTY_DEFINITION_REPRESENTATION(#8954,#8936);
#8925=REPRESENTATION('material name',(#8937),#15871);
#8926=REPRESENTATION('density',(#8907),#15871);
#8927=REPRESENTATION('material name',(#8938),#15872);
#8928=REPRESENTATION('density',(#8908),#15872);
#8929=REPRESENTATION('material name',(#8939),#15873);
#8930=REPRESENTATION('density',(#8909),#15873);
#8931=REPRESENTATION('material name',(#8940),#15874);
#8932=REPRESENTATION('density',(#8910),#15874);
#8933=REPRESENTATION('material name',(#8941),#15875);
#8934=REPRESENTATION('density',(#8911),#15875);
#8935=REPRESENTATION('material name',(#8942),#15876);
#8936=REPRESENTATION('density',(#8912),#15876);
#8937=DESCRIPTIVE_REPRESENTATION_ITEM('Generic','Generic');
#8938=DESCRIPTIVE_REPRESENTATION_ITEM('Generic','Generic');
#8939=DESCRIPTIVE_REPRESENTATION_ITEM('Generic','Generic');
#8940=DESCRIPTIVE_REPRESENTATION_ITEM('Generic','Generic');
#8941=DESCRIPTIVE_REPRESENTATION_ITEM('Generic','Generic');
#8942=DESCRIPTIVE_REPRESENTATION_ITEM('Generic','Generic');
#8943=PROPERTY_DEFINITION('material property','material name',#15911);
#8944=PROPERTY_DEFINITION('material property','density of part',#15911);
#8945=PROPERTY_DEFINITION('material property','material name',#15912);
#8946=PROPERTY_DEFINITION('material property','density of part',#15912);
#8947=PROPERTY_DEFINITION('material property','material name',#15913);
#8948=PROPERTY_DEFINITION('material property','density of part',#15913);
#8949=PROPERTY_DEFINITION('material property','material name',#15914);
#8950=PROPERTY_DEFINITION('material property','density of part',#15914);
#8951=PROPERTY_DEFINITION('material property','material name',#15915);
#8952=PROPERTY_DEFINITION('material property','density of part',#15915);
#8953=PROPERTY_DEFINITION('material property','material name',#15916);
#8954=PROPERTY_DEFINITION('material property','density of part',#15916);
#8955=PRESENTATION_STYLE_ASSIGNMENT((#8964));
#8956=PRESENTATION_STYLE_ASSIGNMENT((#8965));
#8957=PRESENTATION_STYLE_ASSIGNMENT((#8966));
#8958=PRESENTATION_STYLE_ASSIGNMENT((#8967));
#8959=PRESENTATION_STYLE_ASSIGNMENT((#8968));
#8960=PRESENTATION_STYLE_ASSIGNMENT((#8969));
#8961=PRESENTATION_STYLE_ASSIGNMENT((#8970));
#8962=PRESENTATION_STYLE_ASSIGNMENT((#8971));
#8963=PRESENTATION_STYLE_ASSIGNMENT((#8972));
#8964=SURFACE_STYLE_USAGE(.BOTH.,#8987);
#8965=SURFACE_STYLE_USAGE(.BOTH.,#8988);
#8966=SURFACE_STYLE_USAGE(.BOTH.,#8989);
#8967=SURFACE_STYLE_USAGE(.BOTH.,#8990);
#8968=SURFACE_STYLE_USAGE(.BOTH.,#8991);
#8969=SURFACE_STYLE_USAGE(.BOTH.,#8992);
#8970=SURFACE_STYLE_USAGE(.BOTH.,#8993);
#8971=SURFACE_STYLE_USAGE(.BOTH.,#8994);
#8972=SURFACE_STYLE_USAGE(.BOTH.,#8995);
#8973=SURFACE_STYLE_RENDERING_WITH_PROPERTIES($,#9023,(#8980));
#8974=SURFACE_STYLE_RENDERING_WITH_PROPERTIES($,#9024,(#8981));
#8975=SURFACE_STYLE_RENDERING_WITH_PROPERTIES($,#9027,(#8982));
#8976=SURFACE_STYLE_RENDERING_WITH_PROPERTIES($,#9028,(#8983));
#8977=SURFACE_STYLE_RENDERING_WITH_PROPERTIES($,#9029,(#8984));
#8978=SURFACE_STYLE_RENDERING_WITH_PROPERTIES($,#9030,(#8985));
#8979=SURFACE_STYLE_RENDERING_WITH_PROPERTIES($,#9031,(#8986));
#8980=SURFACE_STYLE_TRANSPARENT(0.);
#8981=SURFACE_STYLE_TRANSPARENT(0.);
#8982=SURFACE_STYLE_TRANSPARENT(0.);
#8983=SURFACE_STYLE_TRANSPARENT(0.);
#8984=SURFACE_STYLE_TRANSPARENT(0.);
#8985=SURFACE_STYLE_TRANSPARENT(0.);
#8986=SURFACE_STYLE_TRANSPARENT(0.);
#8987=SURFACE_SIDE_STYLE('',(#8996,#8973));
#8988=SURFACE_SIDE_STYLE('',(#8997,#8974));
#8989=SURFACE_SIDE_STYLE('',(#8998));
#8990=SURFACE_SIDE_STYLE('',(#8999));
#8991=SURFACE_SIDE_STYLE('',(#9000,#8975));
#8992=SURFACE_SIDE_STYLE('',(#9001,#8976));
#8993=SURFACE_SIDE_STYLE('',(#9002,#8977));
#8994=SURFACE_SIDE_STYLE('',(#9003,#8978));
#8995=SURFACE_SIDE_STYLE('',(#9004,#8979));
#8996=SURFACE_STYLE_FILL_AREA(#9005);
#8997=SURFACE_STYLE_FILL_AREA(#9006);
#8998=SURFACE_STYLE_FILL_AREA(#9007);
#8999=SURFACE_STYLE_FILL_AREA(#9008);
#9000=SURFACE_STYLE_FILL_AREA(#9009);
#9001=SURFACE_STYLE_FILL_AREA(#9010);
#9002=SURFACE_STYLE_FILL_AREA(#9011);
#9003=SURFACE_STYLE_FILL_AREA(#9012);
#9004=SURFACE_STYLE_FILL_AREA(#9013);
#9005=FILL_AREA_STYLE('',(#9014));
#9006=FILL_AREA_STYLE('',(#9015));
#9007=FILL_AREA_STYLE('',(#9016));
#9008=FILL_AREA_STYLE('',(#9017));
#9009=FILL_AREA_STYLE('',(#9018));
#9010=FILL_AREA_STYLE('',(#9019));
#9011=FILL_AREA_STYLE('',(#9020));
#9012=FILL_AREA_STYLE('',(#9021));
#9013=FILL_AREA_STYLE('',(#9022));
#9014=FILL_AREA_STYLE_COLOUR('',#9023);
#9015=FILL_AREA_STYLE_COLOUR('',#9024);
#9016=FILL_AREA_STYLE_COLOUR('',#9025);
#9017=FILL_AREA_STYLE_COLOUR('',#9026);
#9018=FILL_AREA_STYLE_COLOUR('',#9027);
#9019=FILL_AREA_STYLE_COLOUR('',#9028);
#9020=FILL_AREA_STYLE_COLOUR('',#9029);
#9021=FILL_AREA_STYLE_COLOUR('',#9030);
#9022=FILL_AREA_STYLE_COLOUR('',#9031);
#9023=COLOUR_RGB('',0.749019607843137,0.749019607843137,0.749019607843137);
#9024=COLOUR_RGB('',0.6,0.6,0.6);
#9025=COLOUR_RGB('',1.,1.,1.);
#9026=COLOUR_RGB('',0.913725490196078,0.913725490196078,0.);
#9027=COLOUR_RGB('',0.6,0.6,0.6);
#9028=COLOUR_RGB('',0.6,0.6,0.6);
#9029=COLOUR_RGB('',0.6,0.6,0.6);
#9030=COLOUR_RGB('',0.6,0.6,0.6);
#9031=COLOUR_RGB('',0.6,0.6,0.6);
#9032=DATE_TIME_ROLE('creation_date');
#9033=DATE_TIME_ROLE('creation_date');
#9034=DATE_TIME_ROLE('creation_date');
#9035=DATE_TIME_ROLE('creation_date');
#9036=DATE_TIME_ROLE('creation_date');
#9037=DATE_TIME_ROLE('creation_date');
#9038=DATE_TIME_ROLE('creation_date');
#9039=APPLIED_DATE_AND_TIME_ASSIGNMENT(#9046,#9032,(#15910));
#9040=APPLIED_DATE_AND_TIME_ASSIGNMENT(#9047,#9033,(#15911));
#9041=APPLIED_DATE_AND_TIME_ASSIGNMENT(#9048,#9034,(#15912));
#9042=APPLIED_DATE_AND_TIME_ASSIGNMENT(#9049,#9035,(#15913));
#9043=APPLIED_DATE_AND_TIME_ASSIGNMENT(#9050,#9036,(#15914));
#9044=APPLIED_DATE_AND_TIME_ASSIGNMENT(#9051,#9037,(#15915));
#9045=APPLIED_DATE_AND_TIME_ASSIGNMENT(#9052,#9038,(#15916));
#9046=DATE_AND_TIME(#9053,#9060);
#9047=DATE_AND_TIME(#9054,#9061);
#9048=DATE_AND_TIME(#9055,#9062);
#9049=DATE_AND_TIME(#9056,#9063);
#9050=DATE_AND_TIME(#9057,#9064);
#9051=DATE_AND_TIME(#9058,#9065);
#9052=DATE_AND_TIME(#9059,#9066);
#9053=CALENDAR_DATE(2025,6,11);
#9054=CALENDAR_DATE(2025,5,11);
#9055=CALENDAR_DATE(2025,5,11);
#9056=CALENDAR_DATE(2025,5,11);
#9057=CALENDAR_DATE(2025,5,11);
#9058=CALENDAR_DATE(2025,5,11);
#9059=CALENDAR_DATE(2025,5,11);
#9060=LOCAL_TIME(3,26,22.,#9067);
#9061=LOCAL_TIME(0,0,0.,#9068);
#9062=LOCAL_TIME(0,0,0.,#9069);
#9063=LOCAL_TIME(0,0,0.,#9070);
#9064=LOCAL_TIME(0,0,0.,#9071);
#9065=LOCAL_TIME(0,0,0.,#9072);
#9066=LOCAL_TIME(0,0,0.,#9073);
#9067=COORDINATED_UNIVERSAL_TIME_OFFSET(0,0,.BEHIND.);
#9068=COORDINATED_UNIVERSAL_TIME_OFFSET(0,0,.BEHIND.);
#9069=COORDINATED_UNIVERSAL_TIME_OFFSET(0,0,.BEHIND.);
#9070=COORDINATED_UNIVERSAL_TIME_OFFSET(0,0,.BEHIND.);
#9071=COORDINATED_UNIVERSAL_TIME_OFFSET(0,0,.BEHIND.);
#9072=COORDINATED_UNIVERSAL_TIME_OFFSET(0,0,.BEHIND.);
#9073=COORDINATED_UNIVERSAL_TIME_OFFSET(0,0,.BEHIND.);
#9074=AXIS2_PLACEMENT_3D('',#12515,#10025,#10026);
#9075=AXIS2_PLACEMENT_3D('',#12516,#10027,#10028);
#9076=AXIS2_PLACEMENT_3D('',#12517,#10029,#10030);
#9077=AXIS2_PLACEMENT_3D('',#12519,#10031,#10032);
#9078=AXIS2_PLACEMENT_3D('',#12522,#10034,#10035);
#9079=AXIS2_PLACEMENT_3D('',#12523,#10036,#10037);
#9080=AXIS2_PLACEMENT_3D('',#12525,#10038,#10039);
#9081=AXIS2_PLACEMENT_3D('',#12528,#10041,#10042);
#9082=AXIS2_PLACEMENT_3D('',#12529,#10043,#10044);
#9083=AXIS2_PLACEMENT_3D('',#12531,#10045,#10046);
#9084=AXIS2_PLACEMENT_3D('',#12534,#10048,#10049);
#9085=AXIS2_PLACEMENT_3D('',#12535,#10050,#10051);
#9086=AXIS2_PLACEMENT_3D('',#12537,#10052,#10053);
#9087=AXIS2_PLACEMENT_3D('',#12540,#10055,#10056);
#9088=AXIS2_PLACEMENT_3D('',#12541,#10057,#10058);
#9089=AXIS2_PLACEMENT_3D('',#12543,#10059,#10060);
#9090=AXIS2_PLACEMENT_3D('',#12546,#10062,#10063);
#9091=AXIS2_PLACEMENT_3D('',#12547,#10064,#10065);
#9092=AXIS2_PLACEMENT_3D('',#12549,#10066,#10067);
#9093=AXIS2_PLACEMENT_3D('',#12552,#10069,#10070);
#9094=AXIS2_PLACEMENT_3D('',#12553,#10071,#10072);
#9095=AXIS2_PLACEMENT_3D('',#12555,#10073,#10074);
#9096=AXIS2_PLACEMENT_3D('',#12558,#10076,#10077);
#9097=AXIS2_PLACEMENT_3D('',#12559,#10078,#10079);
#9098=AXIS2_PLACEMENT_3D('',#12561,#10080,#10081);
#9099=AXIS2_PLACEMENT_3D('',#12564,#10083,#10084);
#9100=AXIS2_PLACEMENT_3D('',#12565,#10085,#10086);
#9101=AXIS2_PLACEMENT_3D('',#12567,#10087,#10088);
#9102=AXIS2_PLACEMENT_3D('',#12570,#10090,#10091);
#9103=AXIS2_PLACEMENT_3D('',#12571,#10092,#10093);
#9104=AXIS2_PLACEMENT_3D('',#12573,#10094,#10095);
#9105=AXIS2_PLACEMENT_3D('',#12576,#10097,#10098);
#9106=AXIS2_PLACEMENT_3D('',#12577,#10099,#10100);
#9107=AXIS2_PLACEMENT_3D('',#12579,#10101,#10102);
#9108=AXIS2_PLACEMENT_3D('',#12582,#10104,#10105);
#9109=AXIS2_PLACEMENT_3D('',#12583,#10106,#10107);
#9110=AXIS2_PLACEMENT_3D('',#12585,#10108,#10109);
#9111=AXIS2_PLACEMENT_3D('',#12588,#10111,#10112);
#9112=AXIS2_PLACEMENT_3D('',#12589,#10113,#10114);
#9113=AXIS2_PLACEMENT_3D('',#12591,#10115,#10116);
#9114=AXIS2_PLACEMENT_3D('',#12594,#10118,#10119);
#9115=AXIS2_PLACEMENT_3D('',#12595,#10120,#10121);
#9116=AXIS2_PLACEMENT_3D('',#12597,#10122,#10123);
#9117=AXIS2_PLACEMENT_3D('',#12600,#10125,#10126);
#9118=AXIS2_PLACEMENT_3D('',#12601,#10127,#10128);
#9119=AXIS2_PLACEMENT_3D('',#12603,#10129,#10130);
#9120=AXIS2_PLACEMENT_3D('',#12606,#10132,#10133);
#9121=AXIS2_PLACEMENT_3D('',#12607,#10134,#10135);
#9122=AXIS2_PLACEMENT_3D('',#12609,#10136,#10137);
#9123=AXIS2_PLACEMENT_3D('',#12612,#10139,#10140);
#9124=AXIS2_PLACEMENT_3D('',#12613,#10141,#10142);
#9125=AXIS2_PLACEMENT_3D('',#12615,#10143,#10144);
#9126=AXIS2_PLACEMENT_3D('',#12618,#10146,#10147);
#9127=AXIS2_PLACEMENT_3D('',#12619,#10148,#10149);
#9128=AXIS2_PLACEMENT_3D('',#12621,#10150,#10151);
#9129=AXIS2_PLACEMENT_3D('',#12624,#10153,#10154);
#9130=AXIS2_PLACEMENT_3D('',#12625,#10155,#10156);
#9131=AXIS2_PLACEMENT_3D('',#12627,#10157,#10158);
#9132=AXIS2_PLACEMENT_3D('',#12630,#10160,#10161);
#9133=AXIS2_PLACEMENT_3D('',#12631,#10162,#10163);
#9134=AXIS2_PLACEMENT_3D('',#12633,#10164,#10165);
#9135=AXIS2_PLACEMENT_3D('',#12636,#10167,#10168);
#9136=AXIS2_PLACEMENT_3D('',#12637,#10169,#10170);
#9137=AXIS2_PLACEMENT_3D('',#12639,#10171,#10172);
#9138=AXIS2_PLACEMENT_3D('',#12642,#10174,#10175);
#9139=AXIS2_PLACEMENT_3D('',#12643,#10176,#10177);
#9140=AXIS2_PLACEMENT_3D('',#12645,#10178,#10179);
#9141=AXIS2_PLACEMENT_3D('',#12648,#10181,#10182);
#9142=AXIS2_PLACEMENT_3D('',#12649,#10183,#10184);
#9143=AXIS2_PLACEMENT_3D('',#12651,#10185,#10186);
#9144=AXIS2_PLACEMENT_3D('',#12654,#10188,#10189);
#9145=AXIS2_PLACEMENT_3D('',#12655,#10190,#10191);
#9146=AXIS2_PLACEMENT_3D('',#12657,#10192,#10193);
#9147=AXIS2_PLACEMENT_3D('',#12660,#10195,#10196);
#9148=AXIS2_PLACEMENT_3D('',#12661,#10197,#10198);
#9149=AXIS2_PLACEMENT_3D('',#12663,#10199,#10200);
#9150=AXIS2_PLACEMENT_3D('',#12666,#10202,#10203);
#9151=AXIS2_PLACEMENT_3D('',#12667,#10204,#10205);
#9152=AXIS2_PLACEMENT_3D('',#12669,#10206,#10207);
#9153=AXIS2_PLACEMENT_3D('',#12672,#10209,#10210);
#9154=AXIS2_PLACEMENT_3D('',#12673,#10211,#10212);
#9155=AXIS2_PLACEMENT_3D('',#12675,#10213,#10214);
#9156=AXIS2_PLACEMENT_3D('',#12678,#10216,#10217);
#9157=AXIS2_PLACEMENT_3D('',#12679,#10218,#10219);
#9158=AXIS2_PLACEMENT_3D('',#12681,#10220,#10221);
#9159=AXIS2_PLACEMENT_3D('',#12684,#10223,#10224);
#9160=AXIS2_PLACEMENT_3D('',#12685,#10225,#10226);
#9161=AXIS2_PLACEMENT_3D('',#12687,#10227,#10228);
#9162=AXIS2_PLACEMENT_3D('',#12690,#10230,#10231);
#9163=AXIS2_PLACEMENT_3D('',#12691,#10232,#10233);
#9164=AXIS2_PLACEMENT_3D('',#12693,#10234,#10235);
#9165=AXIS2_PLACEMENT_3D('',#12696,#10237,#10238);
#9166=AXIS2_PLACEMENT_3D('',#12697,#10239,#10240);
#9167=AXIS2_PLACEMENT_3D('',#12699,#10241,#10242);
#9168=AXIS2_PLACEMENT_3D('',#12702,#10244,#10245);
#9169=AXIS2_PLACEMENT_3D('',#12703,#10246,#10247);
#9170=AXIS2_PLACEMENT_3D('',#12705,#10248,#10249);
#9171=AXIS2_PLACEMENT_3D('',#12708,#10251,#10252);
#9172=AXIS2_PLACEMENT_3D('',#12709,#10253,#10254);
#9173=AXIS2_PLACEMENT_3D('',#12711,#10255,#10256);
#9174=AXIS2_PLACEMENT_3D('',#12714,#10258,#10259);
#9175=AXIS2_PLACEMENT_3D('',#12715,#10260,#10261);
#9176=AXIS2_PLACEMENT_3D('',#12717,#10262,#10263);
#9177=AXIS2_PLACEMENT_3D('',#12720,#10265,#10266);
#9178=AXIS2_PLACEMENT_3D('',#12721,#10267,#10268);
#9179=AXIS2_PLACEMENT_3D('',#12723,#10269,#10270);
#9180=AXIS2_PLACEMENT_3D('',#12726,#10272,#10273);
#9181=AXIS2_PLACEMENT_3D('',#12727,#10274,#10275);
#9182=AXIS2_PLACEMENT_3D('',#12729,#10276,#10277);
#9183=AXIS2_PLACEMENT_3D('',#12732,#10279,#10280);
#9184=AXIS2_PLACEMENT_3D('',#12733,#10281,#10282);
#9185=AXIS2_PLACEMENT_3D('',#12735,#10283,#10284);
#9186=AXIS2_PLACEMENT_3D('',#12738,#10286,#10287);
#9187=AXIS2_PLACEMENT_3D('',#12739,#10288,#10289);
#9188=AXIS2_PLACEMENT_3D('',#12741,#10290,#10291);
#9189=AXIS2_PLACEMENT_3D('',#12744,#10293,#10294);
#9190=AXIS2_PLACEMENT_3D('',#12745,#10295,#10296);
#9191=AXIS2_PLACEMENT_3D('',#12747,#10297,#10298);
#9192=AXIS2_PLACEMENT_3D('',#12750,#10300,#10301);
#9193=AXIS2_PLACEMENT_3D('',#12751,#10302,#10303);
#9194=AXIS2_PLACEMENT_3D('',#12753,#10304,#10305);
#9195=AXIS2_PLACEMENT_3D('',#12756,#10307,#10308);
#9196=AXIS2_PLACEMENT_3D('',#12757,#10309,#10310);
#9197=AXIS2_PLACEMENT_3D('',#12759,#10311,#10312);
#9198=AXIS2_PLACEMENT_3D('',#12762,#10314,#10315);
#9199=AXIS2_PLACEMENT_3D('',#12763,#10316,#10317);
#9200=AXIS2_PLACEMENT_3D('',#12765,#10318,#10319);
#9201=AXIS2_PLACEMENT_3D('',#12768,#10321,#10322);
#9202=AXIS2_PLACEMENT_3D('',#12769,#10323,#10324);
#9203=AXIS2_PLACEMENT_3D('',#12771,#10325,#10326);
#9204=AXIS2_PLACEMENT_3D('',#12774,#10328,#10329);
#9205=AXIS2_PLACEMENT_3D('',#12775,#10330,#10331);
#9206=AXIS2_PLACEMENT_3D('',#12777,#10332,#10333);
#9207=AXIS2_PLACEMENT_3D('',#12780,#10335,#10336);
#9208=AXIS2_PLACEMENT_3D('',#12781,#10337,#10338);
#9209=AXIS2_PLACEMENT_3D('',#12783,#10339,#10340);
#9210=AXIS2_PLACEMENT_3D('',#12786,#10342,#10343);
#9211=AXIS2_PLACEMENT_3D('',#12787,#10344,#10345);
#9212=AXIS2_PLACEMENT_3D('',#12789,#10346,#10347);
#9213=AXIS2_PLACEMENT_3D('',#12792,#10349,#10350);
#9214=AXIS2_PLACEMENT_3D('',#12793,#10351,#10352);
#9215=AXIS2_PLACEMENT_3D('',#12795,#10353,#10354);
#9216=AXIS2_PLACEMENT_3D('',#12798,#10356,#10357);
#9217=AXIS2_PLACEMENT_3D('',#12799,#10358,#10359);
#9218=AXIS2_PLACEMENT_3D('',#12801,#10360,#10361);
#9219=AXIS2_PLACEMENT_3D('',#12804,#10363,#10364);
#9220=AXIS2_PLACEMENT_3D('',#12805,#10365,#10366);
#9221=AXIS2_PLACEMENT_3D('',#12807,#10367,#10368);
#9222=AXIS2_PLACEMENT_3D('',#12810,#10370,#10371);
#9223=AXIS2_PLACEMENT_3D('',#12811,#10372,#10373);
#9224=AXIS2_PLACEMENT_3D('',#12813,#10374,#10375);
#9225=AXIS2_PLACEMENT_3D('',#12816,#10377,#10378);
#9226=AXIS2_PLACEMENT_3D('',#12817,#10379,#10380);
#9227=AXIS2_PLACEMENT_3D('',#12819,#10381,#10382);
#9228=AXIS2_PLACEMENT_3D('',#12822,#10384,#10385);
#9229=AXIS2_PLACEMENT_3D('',#12823,#10386,#10387);
#9230=AXIS2_PLACEMENT_3D('',#12825,#10388,#10389);
#9231=AXIS2_PLACEMENT_3D('',#12828,#10391,#10392);
#9232=AXIS2_PLACEMENT_3D('',#12829,#10393,#10394);
#9233=AXIS2_PLACEMENT_3D('',#12831,#10395,#10396);
#9234=AXIS2_PLACEMENT_3D('',#12834,#10398,#10399);
#9235=AXIS2_PLACEMENT_3D('',#12835,#10400,#10401);
#9236=AXIS2_PLACEMENT_3D('',#12837,#10402,#10403);
#9237=AXIS2_PLACEMENT_3D('',#12840,#10405,#10406);
#9238=AXIS2_PLACEMENT_3D('',#12841,#10407,#10408);
#9239=AXIS2_PLACEMENT_3D('',#12843,#10409,#10410);
#9240=AXIS2_PLACEMENT_3D('',#12846,#10412,#10413);
#9241=AXIS2_PLACEMENT_3D('',#12847,#10414,#10415);
#9242=AXIS2_PLACEMENT_3D('',#12849,#10416,#10417);
#9243=AXIS2_PLACEMENT_3D('',#12852,#10419,#10420);
#9244=AXIS2_PLACEMENT_3D('',#12853,#10421,#10422);
#9245=AXIS2_PLACEMENT_3D('',#12855,#10423,#10424);
#9246=AXIS2_PLACEMENT_3D('',#12858,#10426,#10427);
#9247=AXIS2_PLACEMENT_3D('',#12859,#10428,#10429);
#9248=AXIS2_PLACEMENT_3D('',#12861,#10430,#10431);
#9249=AXIS2_PLACEMENT_3D('',#12864,#10433,#10434);
#9250=AXIS2_PLACEMENT_3D('',#12865,#10435,#10436);
#9251=AXIS2_PLACEMENT_3D('',#12867,#10437,#10438);
#9252=AXIS2_PLACEMENT_3D('',#12870,#10440,#10441);
#9253=AXIS2_PLACEMENT_3D('',#12871,#10442,#10443);
#9254=AXIS2_PLACEMENT_3D('',#12873,#10444,#10445);
#9255=AXIS2_PLACEMENT_3D('',#12876,#10447,#10448);
#9256=AXIS2_PLACEMENT_3D('',#12877,#10449,#10450);
#9257=AXIS2_PLACEMENT_3D('',#12879,#10451,#10452);
#9258=AXIS2_PLACEMENT_3D('',#12882,#10454,#10455);
#9259=AXIS2_PLACEMENT_3D('',#12883,#10456,#10457);
#9260=AXIS2_PLACEMENT_3D('',#12885,#10458,#10459);
#9261=AXIS2_PLACEMENT_3D('',#12888,#10461,#10462);
#9262=AXIS2_PLACEMENT_3D('',#12889,#10463,#10464);
#9263=AXIS2_PLACEMENT_3D('',#12891,#10465,#10466);
#9264=AXIS2_PLACEMENT_3D('',#12894,#10468,#10469);
#9265=AXIS2_PLACEMENT_3D('',#12895,#10470,#10471);
#9266=AXIS2_PLACEMENT_3D('',#12897,#10472,#10473);
#9267=AXIS2_PLACEMENT_3D('',#12900,#10475,#10476);
#9268=AXIS2_PLACEMENT_3D('',#12901,#10477,#10478);
#9269=AXIS2_PLACEMENT_3D('',#12903,#10479,#10480);
#9270=AXIS2_PLACEMENT_3D('',#12906,#10482,#10483);
#9271=AXIS2_PLACEMENT_3D('',#12907,#10484,#10485);
#9272=AXIS2_PLACEMENT_3D('',#12909,#10486,#10487);
#9273=AXIS2_PLACEMENT_3D('',#12912,#10489,#10490);
#9274=AXIS2_PLACEMENT_3D('',#12913,#10491,#10492);
#9275=AXIS2_PLACEMENT_3D('',#12915,#10493,#10494);
#9276=AXIS2_PLACEMENT_3D('',#12918,#10496,#10497);
#9277=AXIS2_PLACEMENT_3D('',#12919,#10498,#10499);
#9278=AXIS2_PLACEMENT_3D('',#12921,#10500,#10501);
#9279=AXIS2_PLACEMENT_3D('',#12924,#10503,#10504);
#9280=AXIS2_PLACEMENT_3D('',#12925,#10505,#10506);
#9281=AXIS2_PLACEMENT_3D('',#12927,#10507,#10508);
#9282=AXIS2_PLACEMENT_3D('',#12930,#10510,#10511);
#9283=AXIS2_PLACEMENT_3D('',#12931,#10512,#10513);
#9284=AXIS2_PLACEMENT_3D('',#12933,#10514,#10515);
#9285=AXIS2_PLACEMENT_3D('',#12936,#10517,#10518);
#9286=AXIS2_PLACEMENT_3D('',#12937,#10519,#10520);
#9287=AXIS2_PLACEMENT_3D('',#12939,#10521,#10522);
#9288=AXIS2_PLACEMENT_3D('',#12942,#10524,#10525);
#9289=AXIS2_PLACEMENT_3D('',#12943,#10526,#10527);
#9290=AXIS2_PLACEMENT_3D('',#12945,#10528,#10529);
#9291=AXIS2_PLACEMENT_3D('',#12948,#10531,#10532);
#9292=AXIS2_PLACEMENT_3D('',#12949,#10533,#10534);
#9293=AXIS2_PLACEMENT_3D('',#12951,#10535,#10536);
#9294=AXIS2_PLACEMENT_3D('',#12954,#10538,#10539);
#9295=AXIS2_PLACEMENT_3D('',#12955,#10540,#10541);
#9296=AXIS2_PLACEMENT_3D('',#12957,#10542,#10543);
#9297=AXIS2_PLACEMENT_3D('',#12960,#10545,#10546);
#9298=AXIS2_PLACEMENT_3D('',#12961,#10547,#10548);
#9299=AXIS2_PLACEMENT_3D('',#12963,#10549,#10550);
#9300=AXIS2_PLACEMENT_3D('',#12966,#10552,#10553);
#9301=AXIS2_PLACEMENT_3D('',#12967,#10554,#10555);
#9302=AXIS2_PLACEMENT_3D('',#12969,#10556,#10557);
#9303=AXIS2_PLACEMENT_3D('',#12972,#10559,#10560);
#9304=AXIS2_PLACEMENT_3D('',#12973,#10561,#10562);
#9305=AXIS2_PLACEMENT_3D('',#12975,#10563,#10564);
#9306=AXIS2_PLACEMENT_3D('',#12978,#10566,#10567);
#9307=AXIS2_PLACEMENT_3D('',#12979,#10568,#10569);
#9308=AXIS2_PLACEMENT_3D('',#12981,#10570,#10571);
#9309=AXIS2_PLACEMENT_3D('',#12984,#10573,#10574);
#9310=AXIS2_PLACEMENT_3D('',#12985,#10575,#10576);
#9311=AXIS2_PLACEMENT_3D('',#12987,#10577,#10578);
#9312=AXIS2_PLACEMENT_3D('',#12990,#10580,#10581);
#9313=AXIS2_PLACEMENT_3D('',#12991,#10582,#10583);
#9314=AXIS2_PLACEMENT_3D('',#13000,#10588,#10589);
#9315=AXIS2_PLACEMENT_3D('',#13002,#10590,#10591);
#9316=AXIS2_PLACEMENT_3D('',#13005,#10593,#10594);
#9317=AXIS2_PLACEMENT_3D('',#13006,#10595,#10596);
#9318=AXIS2_PLACEMENT_3D('',#13021,#10599,#10600);
#9319=AXIS2_PLACEMENT_3D('',#13024,#10601,#10602);
#9320=AXIS2_PLACEMENT_3D('',#13028,#10604,#10605);
#9321=AXIS2_PLACEMENT_3D('',#13030,#10607,#10608);
#9322=AXIS2_PLACEMENT_3D('',#13049,#10611,#10612);
#9323=AXIS2_PLACEMENT_3D('',#13052,#10613,#10614);
#9324=AXIS2_PLACEMENT_3D('',#13056,#10616,#10617);
#9325=AXIS2_PLACEMENT_3D('',#13058,#10619,#10620);
#9326=AXIS2_PLACEMENT_3D('',#13061,#10621,#10622);
#9327=AXIS2_PLACEMENT_3D('',#13064,#10625,#10626);
#9328=AXIS2_PLACEMENT_3D('',#13074,#10631,#10632);
#9329=AXIS2_PLACEMENT_3D('',#13086,#10639,#10640);
#9330=AXIS2_PLACEMENT_3D('',#13088,#10641,#10642);
#9331=AXIS2_PLACEMENT_3D('',#13090,#10643,#10644);
#9332=AXIS2_PLACEMENT_3D('',#13092,#10645,#10646);
#9333=AXIS2_PLACEMENT_3D('',#13093,#10647,#10648);
#9334=AXIS2_PLACEMENT_3D('',#13095,#10649,#10650);
#9335=AXIS2_PLACEMENT_3D('',#13097,#10652,#10653);
#9336=AXIS2_PLACEMENT_3D('',#13102,#10655,#10656);
#9337=AXIS2_PLACEMENT_3D('',#13117,#10664,#10665);
#9338=AXIS2_PLACEMENT_3D('',#13125,#10670,#10671);
#9339=AXIS2_PLACEMENT_3D('',#13127,#10672,#10673);
#9340=AXIS2_PLACEMENT_3D('',#13128,#10674,#10675);
#9341=AXIS2_PLACEMENT_3D('',#13130,#10677,#10678);
#9342=AXIS2_PLACEMENT_3D('',#13144,#10680,#10681);
#9343=AXIS2_PLACEMENT_3D('',#13206,#10684,#10685);
#9344=AXIS2_PLACEMENT_3D('',#13210,#10687,#10688);
#9345=AXIS2_PLACEMENT_3D('',#13212,#10690,#10691);
#9346=AXIS2_PLACEMENT_3D('',#13216,#10693,#10694);
#9347=AXIS2_PLACEMENT_3D('',#13219,#10696,#10697);
#9348=AXIS2_PLACEMENT_3D('',#13221,#10698,#10699);
#9349=AXIS2_PLACEMENT_3D('',#13223,#10700,#10701);
#9350=AXIS2_PLACEMENT_3D('',#13224,#10702,#10703);
#9351=AXIS2_PLACEMENT_3D('',#13227,#10705,#10706);
#9352=AXIS2_PLACEMENT_3D('',#13228,#10707,#10708);
#9353=AXIS2_PLACEMENT_3D('',#13232,#10710,#10711);
#9354=AXIS2_PLACEMENT_3D('',#13234,#10713,#10714);
#9355=AXIS2_PLACEMENT_3D('',#13236,#10716,#10717);
#9356=AXIS2_PLACEMENT_3D('',#13239,#10720,#10721);
#9357=AXIS2_PLACEMENT_3D('',#13242,#10724,#10725);
#9358=AXIS2_PLACEMENT_3D('',#13245,#10728,#10729);
#9359=AXIS2_PLACEMENT_3D('',#13249,#10732,#10733);
#9360=AXIS2_PLACEMENT_3D('',#13253,#10735,#10736);
#9361=AXIS2_PLACEMENT_3D('',#13255,#10738,#10739);
#9362=AXIS2_PLACEMENT_3D('',#13259,#10741,#10742);
#9363=AXIS2_PLACEMENT_3D('',#13263,#10744,#10745);
#9364=AXIS2_PLACEMENT_3D('',#13267,#10747,#10748);
#9365=AXIS2_PLACEMENT_3D('',#13271,#10750,#10751);
#9366=AXIS2_PLACEMENT_3D('',#13275,#10753,#10754);
#9367=AXIS2_PLACEMENT_3D('',#13279,#10756,#10757);
#9368=AXIS2_PLACEMENT_3D('',#13282,#10759,#10760);
#9369=AXIS2_PLACEMENT_3D('',#13283,#10761,#10762);
#9370=AXIS2_PLACEMENT_3D('',#13288,#10765,#10766);
#9371=AXIS2_PLACEMENT_3D('',#13289,#10767,#10768);
#9372=AXIS2_PLACEMENT_3D('',#13293,#10770,#10771);
#9373=AXIS2_PLACEMENT_3D('',#13295,#10773,#10774);
#9374=AXIS2_PLACEMENT_3D('',#13301,#10778,#10779);
#9375=AXIS2_PLACEMENT_3D('',#13307,#10783,#10784);
#9376=AXIS2_PLACEMENT_3D('',#13309,#10785,#10786);
#9377=AXIS2_PLACEMENT_3D('',#13311,#10788,#10789);
#9378=AXIS2_PLACEMENT_3D('',#13313,#10791,#10792);
#9379=AXIS2_PLACEMENT_3D('',#13314,#10793,#10794);
#9380=AXIS2_PLACEMENT_3D('',#13316,#10796,#10797);
#9381=AXIS2_PLACEMENT_3D('',#13414,#10802,#10803);
#9382=AXIS2_PLACEMENT_3D('',#13417,#10805,#10806);
#9383=AXIS2_PLACEMENT_3D('',#13418,#10807,#10808);
#9384=AXIS2_PLACEMENT_3D('',#13424,#10812,#10813);
#9385=AXIS2_PLACEMENT_3D('',#13426,#10814,#10815);
#9386=AXIS2_PLACEMENT_3D('',#13429,#10817,#10818);
#9387=AXIS2_PLACEMENT_3D('',#13430,#10819,#10820);
#9388=AXIS2_PLACEMENT_3D('',#13435,#10823,#10824);
#9389=AXIS2_PLACEMENT_3D('',#13438,#10826,#10827);
#9390=AXIS2_PLACEMENT_3D('',#13440,#10828,#10829);
#9391=AXIS2_PLACEMENT_3D('',#13442,#10830,#10831);
#9392=AXIS2_PLACEMENT_3D('',#13443,#10832,#10833);
#9393=AXIS2_PLACEMENT_3D('',#13448,#10836,#10837);
#9394=AXIS2_PLACEMENT_3D('',#13449,#10838,#10839);
#9395=AXIS2_PLACEMENT_3D('',#13451,#10840,#10841);
#9396=AXIS2_PLACEMENT_3D('',#13503,#10843,#10844);
#9397=AXIS2_PLACEMENT_3D('',#13506,#10846,#10847);
#9398=AXIS2_PLACEMENT_3D('',#13507,#10848,#10849);
#9399=AXIS2_PLACEMENT_3D('',#13508,#10850,#10851);
#9400=AXIS2_PLACEMENT_3D('',#13510,#10853,#10854);
#9401=AXIS2_PLACEMENT_3D('',#13512,#10855,#10856);
#9402=AXIS2_PLACEMENT_3D('',#13514,#10858,#10859);
#9403=AXIS2_PLACEMENT_3D('',#13516,#10860,#10861);
#9404=AXIS2_PLACEMENT_3D('',#13518,#10863,#10864);
#9405=AXIS2_PLACEMENT_3D('',#13520,#10866,#10867);
#9406=AXIS2_PLACEMENT_3D('',#13522,#10869,#10870);
#9407=AXIS2_PLACEMENT_3D('',#13524,#10872,#10873);
#9408=AXIS2_PLACEMENT_3D('',#13525,#10874,#10875);
#9409=AXIS2_PLACEMENT_3D('',#13526,#10876,#10877);
#9410=AXIS2_PLACEMENT_3D('',#13529,#10879,#10880);
#9411=AXIS2_PLACEMENT_3D('',#13530,#10881,#10882);
#9412=AXIS2_PLACEMENT_3D('',#13534,#10884,#10885);
#9413=AXIS2_PLACEMENT_3D('',#13537,#10887,#10888);
#9414=AXIS2_PLACEMENT_3D('',#13539,#10889,#10890);
#9415=AXIS2_PLACEMENT_3D('',#13540,#10891,#10892);
#9416=AXIS2_PLACEMENT_3D('',#13544,#10894,#10895);
#9417=AXIS2_PLACEMENT_3D('',#13546,#10897,#10898);
#9418=AXIS2_PLACEMENT_3D('',#13549,#10900,#10901);
#9419=AXIS2_PLACEMENT_3D('',#13550,#10902,#10903);
#9420=AXIS2_PLACEMENT_3D('',#13555,#10907,#10908);
#9421=AXIS2_PLACEMENT_3D('',#13556,#10909,#10910);
#9422=AXIS2_PLACEMENT_3D('',#13560,#10913,#10914);
#9423=AXIS2_PLACEMENT_3D('',#13566,#10918,#10919);
#9424=AXIS2_PLACEMENT_3D('',#13569,#10921,#10922);
#9425=AXIS2_PLACEMENT_3D('',#13570,#10923,#10924);
#9426=AXIS2_PLACEMENT_3D('',#13574,#10928,#10929);
#9427=AXIS2_PLACEMENT_3D('',#13577,#10931,#10932);
#9428=AXIS2_PLACEMENT_3D('',#13578,#10933,#10934);
#9429=AXIS2_PLACEMENT_3D('',#13580,#10936,#10937);
#9430=AXIS2_PLACEMENT_3D('',#13582,#10938,#10939);
#9431=AXIS2_PLACEMENT_3D('',#13585,#10941,#10942);
#9432=AXIS2_PLACEMENT_3D('',#13586,#10943,#10944);
#9433=AXIS2_PLACEMENT_3D('',#13592,#10948,#10949);
#9434=AXIS2_PLACEMENT_3D('',#13593,#10950,#10951);
#9435=AXIS2_PLACEMENT_3D('',#13595,#10953,#10954);
#9436=AXIS2_PLACEMENT_3D('',#13598,#10956,#10957);
#9437=AXIS2_PLACEMENT_3D('',#13599,#10958,#10959);
#9438=AXIS2_PLACEMENT_3D('',#13601,#10961,#10962);
#9439=AXIS2_PLACEMENT_3D('',#13605,#10966,#10967);
#9440=AXIS2_PLACEMENT_3D('',#13606,#10968,#10969);
#9441=AXIS2_PLACEMENT_3D('',#13607,#10970,#10971);
#9442=AXIS2_PLACEMENT_3D('',#13609,#10973,#10974);
#9443=AXIS2_PLACEMENT_3D('',#13610,#10975,#10976);
#9444=AXIS2_PLACEMENT_3D('',#13612,#10978,#10979);
#9445=AXIS2_PLACEMENT_3D('',#13613,#10980,#10981);
#9446=AXIS2_PLACEMENT_3D('',#13614,#10982,#10983);
#9447=AXIS2_PLACEMENT_3D('',#13615,#10984,#10985);
#9448=AXIS2_PLACEMENT_3D('',#13616,#10986,#10987);
#9449=AXIS2_PLACEMENT_3D('',#13618,#10988,#10989);
#9450=AXIS2_PLACEMENT_3D('',#13620,#10990,#10991);
#9451=AXIS2_PLACEMENT_3D('',#13621,#10992,#10993);
#9452=AXIS2_PLACEMENT_3D('',#13623,#10994,#10995);
#9453=AXIS2_PLACEMENT_3D('',#13625,#10997,#10998);
#9454=AXIS2_PLACEMENT_3D('',#13627,#10999,#11000);
#9455=AXIS2_PLACEMENT_3D('',#13629,#11002,#11003);
#9456=AXIS2_PLACEMENT_3D('',#13630,#11004,#11005);
#9457=AXIS2_PLACEMENT_3D('',#13631,#11006,#11007);
#9458=AXIS2_PLACEMENT_3D('',#13632,#11008,#11009);
#9459=AXIS2_PLACEMENT_3D('',#13633,#11010,#11011);
#9460=AXIS2_PLACEMENT_3D('',#13634,#11012,#11013);
#9461=AXIS2_PLACEMENT_3D('',#13635,#11014,#11015);
#9462=AXIS2_PLACEMENT_3D('',#13636,#11016,#11017);
#9463=AXIS2_PLACEMENT_3D('',#13661,#11018,#11019);
#9464=AXIS2_PLACEMENT_3D('',#13662,#11020,#11021);
#9465=AXIS2_PLACEMENT_3D('',#13663,#11022,#11023);
#9466=AXIS2_PLACEMENT_3D('',#13664,#11024,#11025);
#9467=AXIS2_PLACEMENT_3D('',#13697,#11026,#11027);
#9468=AXIS2_PLACEMENT_3D('',#13702,#11028,#11029);
#9469=AXIS2_PLACEMENT_3D('',#13719,#11030,#11031);
#9470=AXIS2_PLACEMENT_3D('',#13788,#11032,#11033);
#9471=AXIS2_PLACEMENT_3D('',#13789,#11034,#11035);
#9472=AXIS2_PLACEMENT_3D('',#13790,#11036,#11037);
#9473=AXIS2_PLACEMENT_3D('',#13791,#11038,#11039);
#9474=AXIS2_PLACEMENT_3D('',#13792,#11040,#11041);
#9475=AXIS2_PLACEMENT_3D('',#13793,#11042,#11043);
#9476=AXIS2_PLACEMENT_3D('',#13858,#11044,#11045);
#9477=AXIS2_PLACEMENT_3D('',#13859,#11046,#11047);
#9478=AXIS2_PLACEMENT_3D('',#13860,#11048,#11049);
#9479=AXIS2_PLACEMENT_3D('',#13861,#11050,#11051);
#9480=AXIS2_PLACEMENT_3D('',#13902,#11052,#11053);
#9481=AXIS2_PLACEMENT_3D('',#13903,#11054,#11055);
#9482=AXIS2_PLACEMENT_3D('',#13904,#11056,#11057);
#9483=AXIS2_PLACEMENT_3D('',#13905,#11058,#11059);
#9484=AXIS2_PLACEMENT_3D('',#13946,#11060,#11061);
#9485=AXIS2_PLACEMENT_3D('',#13947,#11062,#11063);
#9486=AXIS2_PLACEMENT_3D('',#13948,#11064,#11065);
#9487=AXIS2_PLACEMENT_3D('',#13949,#11066,#11067);
#9488=AXIS2_PLACEMENT_3D('',#13990,#11068,#11069);
#9489=AXIS2_PLACEMENT_3D('',#13991,#11070,#11071);
#9490=AXIS2_PLACEMENT_3D('',#13992,#11072,#11073);
#9491=AXIS2_PLACEMENT_3D('',#13993,#11074,#11075);
#9492=AXIS2_PLACEMENT_3D('',#14034,#11076,#11077);
#9493=AXIS2_PLACEMENT_3D('',#14035,#11078,#11079);
#9494=AXIS2_PLACEMENT_3D('',#14036,#11080,#11081);
#9495=AXIS2_PLACEMENT_3D('',#14037,#11082,#11083);
#9496=AXIS2_PLACEMENT_3D('',#14078,#11084,#11085);
#9497=AXIS2_PLACEMENT_3D('',#14079,#11086,#11087);
#9498=AXIS2_PLACEMENT_3D('',#14080,#11088,#11089);
#9499=AXIS2_PLACEMENT_3D('',#14081,#11090,#11091);
#9500=AXIS2_PLACEMENT_3D('',#14122,#11092,#11093);
#9501=AXIS2_PLACEMENT_3D('',#14123,#11094,#11095);
#9502=AXIS2_PLACEMENT_3D('',#14124,#11096,#11097);
#9503=AXIS2_PLACEMENT_3D('',#14125,#11098,#11099);
#9504=AXIS2_PLACEMENT_3D('',#14166,#11100,#11101);
#9505=AXIS2_PLACEMENT_3D('',#14167,#11102,#11103);
#9506=AXIS2_PLACEMENT_3D('',#14168,#11104,#11105);
#9507=AXIS2_PLACEMENT_3D('',#14169,#11106,#11107);
#9508=AXIS2_PLACEMENT_3D('',#14210,#11108,#11109);
#9509=AXIS2_PLACEMENT_3D('',#14211,#11110,#11111);
#9510=AXIS2_PLACEMENT_3D('',#14212,#11112,#11113);
#9511=AXIS2_PLACEMENT_3D('',#14213,#11114,#11115);
#9512=AXIS2_PLACEMENT_3D('',#14254,#11116,#11117);
#9513=AXIS2_PLACEMENT_3D('',#14255,#11118,#11119);
#9514=AXIS2_PLACEMENT_3D('',#14256,#11120,#11121);
#9515=AXIS2_PLACEMENT_3D('',#14257,#11122,#11123);
#9516=AXIS2_PLACEMENT_3D('',#14298,#11124,#11125);
#9517=AXIS2_PLACEMENT_3D('',#14299,#11126,#11127);
#9518=AXIS2_PLACEMENT_3D('',#14300,#11128,#11129);
#9519=AXIS2_PLACEMENT_3D('',#14301,#11130,#11131);
#9520=AXIS2_PLACEMENT_3D('',#14342,#11132,#11133);
#9521=AXIS2_PLACEMENT_3D('',#14343,#11134,#11135);
#9522=AXIS2_PLACEMENT_3D('',#14344,#11136,#11137);
#9523=AXIS2_PLACEMENT_3D('',#14345,#11138,#11139);
#9524=AXIS2_PLACEMENT_3D('',#14386,#11140,#11141);
#9525=AXIS2_PLACEMENT_3D('',#14387,#11142,#11143);
#9526=AXIS2_PLACEMENT_3D('',#14388,#11144,#11145);
#9527=AXIS2_PLACEMENT_3D('',#14389,#11146,#11147);
#9528=AXIS2_PLACEMENT_3D('',#14430,#11148,#11149);
#9529=AXIS2_PLACEMENT_3D('',#14431,#11150,#11151);
#9530=AXIS2_PLACEMENT_3D('',#14432,#11152,#11153);
#9531=AXIS2_PLACEMENT_3D('',#14433,#11154,#11155);
#9532=AXIS2_PLACEMENT_3D('',#14474,#11156,#11157);
#9533=AXIS2_PLACEMENT_3D('',#14475,#11158,#11159);
#9534=AXIS2_PLACEMENT_3D('',#14476,#11160,#11161);
#9535=AXIS2_PLACEMENT_3D('',#14477,#11162,#11163);
#9536=AXIS2_PLACEMENT_3D('',#14544,#11164,#11165);
#9537=AXIS2_PLACEMENT_3D('',#14561,#11166,#11167);
#9538=AXIS2_PLACEMENT_3D('',#14572,#11168,#11169);
#9539=AXIS2_PLACEMENT_3D('',#14573,#11170,#11171);
#9540=AXIS2_PLACEMENT_3D('',#14574,#11172,#11173);
#9541=AXIS2_PLACEMENT_3D('',#14603,#11174,#11175);
#9542=AXIS2_PLACEMENT_3D('',#14604,#11176,#11177);
#9543=AXIS2_PLACEMENT_3D('',#14607,#11178,#11179);
#9544=AXIS2_PLACEMENT_3D('',#14611,#11181,#11182);
#9545=AXIS2_PLACEMENT_3D('',#14613,#11184,#11185);
#9546=AXIS2_PLACEMENT_3D('',#14617,#11187,#11188);
#9547=AXIS2_PLACEMENT_3D('',#14619,#11190,#11191);
#9548=AXIS2_PLACEMENT_3D('',#14626,#11195,#11196);
#9549=AXIS2_PLACEMENT_3D('',#14628,#11197,#11198);
#9550=AXIS2_PLACEMENT_3D('',#14630,#11199,#11200);
#9551=AXIS2_PLACEMENT_3D('',#14631,#11201,#11202);
#9552=AXIS2_PLACEMENT_3D('',#14634,#11204,#11205);
#9553=AXIS2_PLACEMENT_3D('',#14635,#11206,#11207);
#9554=AXIS2_PLACEMENT_3D('',#14638,#11209,#11210);
#9555=AXIS2_PLACEMENT_3D('',#14639,#11211,#11212);
#9556=AXIS2_PLACEMENT_3D('',#14642,#11214,#11215);
#9557=AXIS2_PLACEMENT_3D('',#14643,#11216,#11217);
#9558=AXIS2_PLACEMENT_3D('',#14647,#11219,#11220);
#9559=AXIS2_PLACEMENT_3D('',#14651,#11222,#11223);
#9560=AXIS2_PLACEMENT_3D('',#14654,#11225,#11226);
#9561=AXIS2_PLACEMENT_3D('',#14656,#11227,#11228);
#9562=AXIS2_PLACEMENT_3D('',#14658,#11229,#11230);
#9563=AXIS2_PLACEMENT_3D('',#14659,#11231,#11232);
#9564=AXIS2_PLACEMENT_3D('',#14665,#11236,#11237);
#9565=AXIS2_PLACEMENT_3D('',#14669,#11240,#11241);
#9566=AXIS2_PLACEMENT_3D('',#14675,#11245,#11246);
#9567=AXIS2_PLACEMENT_3D('',#14681,#11250,#11251);
#9568=AXIS2_PLACEMENT_3D('',#14683,#11252,#11253);
#9569=AXIS2_PLACEMENT_3D('',#14686,#11255,#11256);
#9570=AXIS2_PLACEMENT_3D('',#14687,#11257,#11258);
#9571=AXIS2_PLACEMENT_3D('',#14694,#11261,#11262);
#9572=AXIS2_PLACEMENT_3D('',#14698,#11264,#11265);
#9573=AXIS2_PLACEMENT_3D('',#14701,#11267,#11268);
#9574=AXIS2_PLACEMENT_3D('',#14703,#11269,#11270);
#9575=AXIS2_PLACEMENT_3D('',#14705,#11271,#11272);
#9576=AXIS2_PLACEMENT_3D('',#14706,#11273,#11274);
#9577=AXIS2_PLACEMENT_3D('',#14707,#11275,#11276);
#9578=AXIS2_PLACEMENT_3D('',#14709,#11278,#11279);
#9579=AXIS2_PLACEMENT_3D('',#14710,#11280,#11281);
#9580=AXIS2_PLACEMENT_3D('',#14712,#11282,#11283);
#9581=AXIS2_PLACEMENT_3D('',#14714,#11285,#11286);
#9582=AXIS2_PLACEMENT_3D('',#14716,#11287,#11288);
#9583=AXIS2_PLACEMENT_3D('',#14718,#11290,#11291);
#9584=AXIS2_PLACEMENT_3D('',#14724,#11295,#11296);
#9585=AXIS2_PLACEMENT_3D('',#14727,#11298,#11299);
#9586=AXIS2_PLACEMENT_3D('',#14729,#11300,#11301);
#9587=AXIS2_PLACEMENT_3D('',#14732,#11303,#11304);
#9588=AXIS2_PLACEMENT_3D('',#14733,#11305,#11306);
#9589=AXIS2_PLACEMENT_3D('',#14736,#11309,#11310);
#9590=AXIS2_PLACEMENT_3D('',#14737,#11311,#11312);
#9591=AXIS2_PLACEMENT_3D('',#14740,#11315,#11316);
#9592=AXIS2_PLACEMENT_3D('',#14741,#11317,#11318);
#9593=AXIS2_PLACEMENT_3D('',#14743,#11320,#11321);
#9594=AXIS2_PLACEMENT_3D('',#14744,#11322,#11323);
#9595=AXIS2_PLACEMENT_3D('',#14745,#11324,#11325);
#9596=AXIS2_PLACEMENT_3D('',#14748,#11327,#11328);
#9597=AXIS2_PLACEMENT_3D('',#14749,#11329,#11330);
#9598=AXIS2_PLACEMENT_3D('',#14752,#11332,#11333);
#9599=AXIS2_PLACEMENT_3D('',#14753,#11334,#11335);
#9600=AXIS2_PLACEMENT_3D('',#14754,#11336,#11337);
#9601=AXIS2_PLACEMENT_3D('',#14755,#11338,#11339);
#9602=AXIS2_PLACEMENT_3D('',#14759,#11342,#11343);
#9603=AXIS2_PLACEMENT_3D('',#14761,#11344,#11345);
#9604=AXIS2_PLACEMENT_3D('',#14762,#11346,#11347);
#9605=AXIS2_PLACEMENT_3D('',#14764,#11349,#11350);
#9606=AXIS2_PLACEMENT_3D('',#14765,#11351,#11352);
#9607=AXIS2_PLACEMENT_3D('',#14767,#11354,#11355);
#9608=AXIS2_PLACEMENT_3D('',#14769,#11357,#11358);
#9609=AXIS2_PLACEMENT_3D('',#14770,#11359,#11360);
#9610=AXIS2_PLACEMENT_3D('',#14771,#11361,#11362);
#9611=AXIS2_PLACEMENT_3D('',#14772,#11363,#11364);
#9612=AXIS2_PLACEMENT_3D('',#14773,#11365,#11366);
#9613=AXIS2_PLACEMENT_3D('',#14775,#11367,#11368);
#9614=AXIS2_PLACEMENT_3D('',#14778,#11370,#11371);
#9615=AXIS2_PLACEMENT_3D('',#14779,#11372,#11373);
#9616=AXIS2_PLACEMENT_3D('',#14781,#11374,#11375);
#9617=AXIS2_PLACEMENT_3D('',#14784,#11377,#11378);
#9618=AXIS2_PLACEMENT_3D('',#14785,#11379,#11380);
#9619=AXIS2_PLACEMENT_3D('',#14787,#11381,#11382);
#9620=AXIS2_PLACEMENT_3D('',#14790,#11384,#11385);
#9621=AXIS2_PLACEMENT_3D('',#14791,#11386,#11387);
#9622=AXIS2_PLACEMENT_3D('',#14793,#11388,#11389);
#9623=AXIS2_PLACEMENT_3D('',#14796,#11391,#11392);
#9624=AXIS2_PLACEMENT_3D('',#14797,#11393,#11394);
#9625=AXIS2_PLACEMENT_3D('',#14799,#11395,#11396);
#9626=AXIS2_PLACEMENT_3D('',#14802,#11398,#11399);
#9627=AXIS2_PLACEMENT_3D('',#14803,#11400,#11401);
#9628=AXIS2_PLACEMENT_3D('',#14805,#11402,#11403);
#9629=AXIS2_PLACEMENT_3D('',#14808,#11405,#11406);
#9630=AXIS2_PLACEMENT_3D('',#14809,#11407,#11408);
#9631=AXIS2_PLACEMENT_3D('',#14811,#11409,#11410);
#9632=AXIS2_PLACEMENT_3D('',#14814,#11412,#11413);
#9633=AXIS2_PLACEMENT_3D('',#14815,#11414,#11415);
#9634=AXIS2_PLACEMENT_3D('',#14817,#11416,#11417);
#9635=AXIS2_PLACEMENT_3D('',#14820,#11419,#11420);
#9636=AXIS2_PLACEMENT_3D('',#14821,#11421,#11422);
#9637=AXIS2_PLACEMENT_3D('',#14823,#11423,#11424);
#9638=AXIS2_PLACEMENT_3D('',#14826,#11426,#11427);
#9639=AXIS2_PLACEMENT_3D('',#14827,#11428,#11429);
#9640=AXIS2_PLACEMENT_3D('',#14829,#11430,#11431);
#9641=AXIS2_PLACEMENT_3D('',#14832,#11433,#11434);
#9642=AXIS2_PLACEMENT_3D('',#14833,#11435,#11436);
#9643=AXIS2_PLACEMENT_3D('',#14842,#11441,#11442);
#9644=AXIS2_PLACEMENT_3D('',#14848,#11446,#11447);
#9645=AXIS2_PLACEMENT_3D('',#14854,#11451,#11452);
#9646=AXIS2_PLACEMENT_3D('',#14857,#11455,#11456);
#9647=AXIS2_PLACEMENT_3D('',#14859,#11457,#11458);
#9648=AXIS2_PLACEMENT_3D('',#14862,#11460,#11461);
#9649=AXIS2_PLACEMENT_3D('',#14863,#11462,#11463);
#9650=AXIS2_PLACEMENT_3D('',#14865,#11464,#11465);
#9651=AXIS2_PLACEMENT_3D('',#14868,#11467,#11468);
#9652=AXIS2_PLACEMENT_3D('',#14869,#11469,#11470);
#9653=AXIS2_PLACEMENT_3D('',#14871,#11471,#11472);
#9654=AXIS2_PLACEMENT_3D('',#14874,#11474,#11475);
#9655=AXIS2_PLACEMENT_3D('',#14875,#11476,#11477);
#9656=AXIS2_PLACEMENT_3D('',#14878,#11478,#11479);
#9657=AXIS2_PLACEMENT_3D('',#14882,#11481,#11482);
#9658=AXIS2_PLACEMENT_3D('',#14884,#11484,#11485);
#9659=AXIS2_PLACEMENT_3D('',#14890,#11489,#11490);
#9660=AXIS2_PLACEMENT_3D('',#14899,#11495,#11496);
#9661=AXIS2_PLACEMENT_3D('',#14904,#11498,#11499);
#9662=AXIS2_PLACEMENT_3D('',#14912,#11503,#11504);
#9663=AXIS2_PLACEMENT_3D('',#14916,#11506,#11507);
#9664=AXIS2_PLACEMENT_3D('',#14925,#11513,#11514);
#9665=AXIS2_PLACEMENT_3D('',#14926,#11515,#11516);
#9666=AXIS2_PLACEMENT_3D('',#14931,#11519,#11520);
#9667=AXIS2_PLACEMENT_3D('',#14932,#11521,#11522);
#9668=AXIS2_PLACEMENT_3D('',#14936,#11525,#11526);
#9669=AXIS2_PLACEMENT_3D('',#14938,#11527,#11528);
#9670=AXIS2_PLACEMENT_3D('',#14940,#11529,#11530);
#9671=AXIS2_PLACEMENT_3D('',#14942,#11532,#11533);
#9672=AXIS2_PLACEMENT_3D('',#14945,#11534,#11535);
#9673=AXIS2_PLACEMENT_3D('',#14948,#11538,#11539);
#9674=AXIS2_PLACEMENT_3D('',#14952,#11541,#11542);
#9675=AXIS2_PLACEMENT_3D('',#14954,#11544,#11545);
#9676=AXIS2_PLACEMENT_3D('',#14956,#11546,#11547);
#9677=AXIS2_PLACEMENT_3D('',#14959,#11549,#11550);
#9678=AXIS2_PLACEMENT_3D('',#14960,#11551,#11552);
#9679=AXIS2_PLACEMENT_3D('',#14964,#11554,#11555);
#9680=AXIS2_PLACEMENT_3D('',#14968,#11557,#11558);
#9681=AXIS2_PLACEMENT_3D('',#14971,#11560,#11561);
#9682=AXIS2_PLACEMENT_3D('',#14973,#11562,#11563);
#9683=AXIS2_PLACEMENT_3D('',#14974,#11564,#11565);
#9684=AXIS2_PLACEMENT_3D('',#14977,#11568,#11569);
#9685=AXIS2_PLACEMENT_3D('',#14980,#11571,#11572);
#9686=AXIS2_PLACEMENT_3D('',#14981,#11573,#11574);
#9687=AXIS2_PLACEMENT_3D('',#14985,#11577,#11578);
#9688=AXIS2_PLACEMENT_3D('',#14991,#11582,#11583);
#9689=AXIS2_PLACEMENT_3D('',#14994,#11585,#11586);
#9690=AXIS2_PLACEMENT_3D('',#14995,#11587,#11588);
#9691=AXIS2_PLACEMENT_3D('',#14999,#11591,#11592);
#9692=AXIS2_PLACEMENT_3D('',#15002,#11594,#11595);
#9693=AXIS2_PLACEMENT_3D('',#15003,#11596,#11597);
#9694=AXIS2_PLACEMENT_3D('',#15007,#11599,#11600);
#9695=AXIS2_PLACEMENT_3D('',#15009,#11602,#11603);
#9696=AXIS2_PLACEMENT_3D('',#15015,#11607,#11608);
#9697=AXIS2_PLACEMENT_3D('',#15020,#11610,#11611);
#9698=AXIS2_PLACEMENT_3D('',#15023,#11613,#11614);
#9699=AXIS2_PLACEMENT_3D('',#15024,#11615,#11616);
#9700=AXIS2_PLACEMENT_3D('',#15028,#11618,#11619);
#9701=AXIS2_PLACEMENT_3D('',#15032,#11622,#11623);
#9702=AXIS2_PLACEMENT_3D('',#15034,#11624,#11625);
#9703=AXIS2_PLACEMENT_3D('',#15036,#11626,#11627);
#9704=AXIS2_PLACEMENT_3D('',#15037,#11628,#11629);
#9705=AXIS2_PLACEMENT_3D('',#15040,#11631,#11632);
#9706=AXIS2_PLACEMENT_3D('',#15041,#11633,#11634);
#9707=AXIS2_PLACEMENT_3D('',#15044,#11636,#11637);
#9708=AXIS2_PLACEMENT_3D('',#15045,#11638,#11639);
#9709=AXIS2_PLACEMENT_3D('',#15047,#11641,#11642);
#9710=AXIS2_PLACEMENT_3D('',#15051,#11645,#11646);
#9711=AXIS2_PLACEMENT_3D('',#15055,#11649,#11650);
#9712=AXIS2_PLACEMENT_3D('',#15059,#11653,#11654);
#9713=AXIS2_PLACEMENT_3D('',#15061,#11655,#11656);
#9714=AXIS2_PLACEMENT_3D('',#15063,#11658,#11659);
#9715=AXIS2_PLACEMENT_3D('',#15066,#11661,#11662);
#9716=AXIS2_PLACEMENT_3D('',#15068,#11664,#11665);
#9717=AXIS2_PLACEMENT_3D('',#15069,#11666,#11667);
#9718=AXIS2_PLACEMENT_3D('',#15070,#11668,#11669);
#9719=AXIS2_PLACEMENT_3D('',#15072,#11671,#11672);
#9720=AXIS2_PLACEMENT_3D('',#15075,#11674,#11675);
#9721=AXIS2_PLACEMENT_3D('',#15076,#11676,#11677);
#9722=AXIS2_PLACEMENT_3D('',#15079,#11680,#11681);
#9723=AXIS2_PLACEMENT_3D('',#15080,#11682,#11683);
#9724=AXIS2_PLACEMENT_3D('',#15082,#11685,#11686);
#9725=AXIS2_PLACEMENT_3D('',#15083,#11687,#11688);
#9726=AXIS2_PLACEMENT_3D('',#15084,#11689,#11690);
#9727=AXIS2_PLACEMENT_3D('',#15085,#11691,#11692);
#9728=AXIS2_PLACEMENT_3D('',#15087,#11694,#11695);
#9729=AXIS2_PLACEMENT_3D('',#15088,#11696,#11697);
#9730=AXIS2_PLACEMENT_3D('',#15089,#11698,#11699);
#9731=AXIS2_PLACEMENT_3D('',#15093,#11702,#11703);
#9732=AXIS2_PLACEMENT_3D('',#15094,#11704,#11705);
#9733=AXIS2_PLACEMENT_3D('',#15095,#11706,#11707);
#9734=AXIS2_PLACEMENT_3D('',#15096,#11708,#11709);
#9735=AXIS2_PLACEMENT_3D('',#15097,#11710,#11711);
#9736=AXIS2_PLACEMENT_3D('',#15098,#11712,#11713);
#9737=AXIS2_PLACEMENT_3D('',#15107,#11718,#11719);
#9738=AXIS2_PLACEMENT_3D('',#15108,#11720,#11721);
#9739=AXIS2_PLACEMENT_3D('',#15109,#11722,#11723);
#9740=AXIS2_PLACEMENT_3D('',#15110,#11724,#11725);
#9741=AXIS2_PLACEMENT_3D('',#15112,#11726,#11727);
#9742=AXIS2_PLACEMENT_3D('',#15115,#11729,#11730);
#9743=AXIS2_PLACEMENT_3D('',#15116,#11731,#11732);
#9744=AXIS2_PLACEMENT_3D('',#15119,#11733,#11734);
#9745=AXIS2_PLACEMENT_3D('',#15123,#11736,#11737);
#9746=AXIS2_PLACEMENT_3D('',#15125,#11739,#11740);
#9747=AXIS2_PLACEMENT_3D('',#15128,#11743,#11744);
#9748=AXIS2_PLACEMENT_3D('',#15130,#11745,#11746);
#9749=AXIS2_PLACEMENT_3D('',#15133,#11748,#11749);
#9750=AXIS2_PLACEMENT_3D('',#15134,#11750,#11751);
#9751=AXIS2_PLACEMENT_3D('',#15137,#11752,#11753);
#9752=AXIS2_PLACEMENT_3D('',#15141,#11755,#11756);
#9753=AXIS2_PLACEMENT_3D('',#15143,#11758,#11759);
#9754=AXIS2_PLACEMENT_3D('',#15146,#11762,#11763);
#9755=AXIS2_PLACEMENT_3D('',#15148,#11764,#11765);
#9756=AXIS2_PLACEMENT_3D('',#15151,#11767,#11768);
#9757=AXIS2_PLACEMENT_3D('',#15152,#11769,#11770);
#9758=AXIS2_PLACEMENT_3D('',#15155,#11771,#11772);
#9759=AXIS2_PLACEMENT_3D('',#15159,#11774,#11775);
#9760=AXIS2_PLACEMENT_3D('',#15161,#11777,#11778);
#9761=AXIS2_PLACEMENT_3D('',#15164,#11781,#11782);
#9762=AXIS2_PLACEMENT_3D('',#15166,#11783,#11784);
#9763=AXIS2_PLACEMENT_3D('',#15169,#11786,#11787);
#9764=AXIS2_PLACEMENT_3D('',#15170,#11788,#11789);
#9765=AXIS2_PLACEMENT_3D('',#15173,#11790,#11791);
#9766=AXIS2_PLACEMENT_3D('',#15177,#11793,#11794);
#9767=AXIS2_PLACEMENT_3D('',#15179,#11796,#11797);
#9768=AXIS2_PLACEMENT_3D('',#15182,#11800,#11801);
#9769=AXIS2_PLACEMENT_3D('',#15185,#11802,#11803);
#9770=AXIS2_PLACEMENT_3D('',#15189,#11805,#11806);
#9771=AXIS2_PLACEMENT_3D('',#15191,#11808,#11809);
#9772=AXIS2_PLACEMENT_3D('',#15197,#11813,#11814);
#9773=AXIS2_PLACEMENT_3D('',#15199,#11815,#11816);
#9774=AXIS2_PLACEMENT_3D('',#15201,#11817,#11818);
#9775=AXIS2_PLACEMENT_3D('',#15203,#11820,#11821);
#9776=AXIS2_PLACEMENT_3D('',#15206,#11824,#11825);
#9777=AXIS2_PLACEMENT_3D('',#15209,#11826,#11827);
#9778=AXIS2_PLACEMENT_3D('',#15213,#11829,#11830);
#9779=AXIS2_PLACEMENT_3D('',#15215,#11832,#11833);
#9780=AXIS2_PLACEMENT_3D('',#15218,#11836,#11837);
#9781=AXIS2_PLACEMENT_3D('',#15227,#11842,#11843);
#9782=AXIS2_PLACEMENT_3D('',#15228,#11844,#11845);
#9783=AXIS2_PLACEMENT_3D('',#15229,#11846,#11847);
#9784=AXIS2_PLACEMENT_3D('',#15230,#11848,#11849);
#9785=AXIS2_PLACEMENT_3D('',#15239,#11854,#11855);
#9786=AXIS2_PLACEMENT_3D('',#15241,#11856,#11857);
#9787=AXIS2_PLACEMENT_3D('',#15244,#11859,#11860);
#9788=AXIS2_PLACEMENT_3D('',#15245,#11861,#11862);
#9789=AXIS2_PLACEMENT_3D('',#15251,#11866,#11867);
#9790=AXIS2_PLACEMENT_3D('',#15252,#11868,#11869);
#9791=AXIS2_PLACEMENT_3D('',#15253,#11870,#11871);
#9792=AXIS2_PLACEMENT_3D('',#15254,#11872,#11873);
#9793=AXIS2_PLACEMENT_3D('',#15257,#11874,#11875);
#9794=AXIS2_PLACEMENT_3D('',#15261,#11877,#11878);
#9795=AXIS2_PLACEMENT_3D('',#15263,#11880,#11881);
#9796=AXIS2_PLACEMENT_3D('',#15269,#11885,#11886);
#9797=AXIS2_PLACEMENT_3D('',#15271,#11887,#11888);
#9798=AXIS2_PLACEMENT_3D('',#15273,#11889,#11890);
#9799=AXIS2_PLACEMENT_3D('',#15275,#11892,#11893);
#9800=AXIS2_PLACEMENT_3D('',#15278,#11896,#11897);
#9801=AXIS2_PLACEMENT_3D('',#15280,#11898,#11899);
#9802=AXIS2_PLACEMENT_3D('',#15283,#11901,#11902);
#9803=AXIS2_PLACEMENT_3D('',#15284,#11903,#11904);
#9804=AXIS2_PLACEMENT_3D('',#15293,#11909,#11910);
#9805=AXIS2_PLACEMENT_3D('',#15294,#11911,#11912);
#9806=AXIS2_PLACEMENT_3D('',#15295,#11913,#11914);
#9807=AXIS2_PLACEMENT_3D('',#15296,#11915,#11916);
#9808=AXIS2_PLACEMENT_3D('',#15298,#11917,#11918);
#9809=AXIS2_PLACEMENT_3D('',#15301,#11920,#11921);
#9810=AXIS2_PLACEMENT_3D('',#15302,#11922,#11923);
#9811=AXIS2_PLACEMENT_3D('',#15311,#11928,#11929);
#9812=AXIS2_PLACEMENT_3D('',#15312,#11930,#11931);
#9813=AXIS2_PLACEMENT_3D('',#15313,#11932,#11933);
#9814=AXIS2_PLACEMENT_3D('',#15314,#11934,#11935);
#9815=AXIS2_PLACEMENT_3D('',#15317,#11936,#11937);
#9816=AXIS2_PLACEMENT_3D('',#15321,#11939,#11940);
#9817=AXIS2_PLACEMENT_3D('',#15323,#11942,#11943);
#9818=AXIS2_PLACEMENT_3D('',#15326,#11946,#11947);
#9819=AXIS2_PLACEMENT_3D('',#15335,#11952,#11953);
#9820=AXIS2_PLACEMENT_3D('',#15336,#11954,#11955);
#9821=AXIS2_PLACEMENT_3D('',#15337,#11956,#11957);
#9822=AXIS2_PLACEMENT_3D('',#15338,#11958,#11959);
#9823=AXIS2_PLACEMENT_3D('',#15340,#11960,#11961);
#9824=AXIS2_PLACEMENT_3D('',#15343,#11963,#11964);
#9825=AXIS2_PLACEMENT_3D('',#15344,#11965,#11966);
#9826=AXIS2_PLACEMENT_3D('',#15353,#11971,#11972);
#9827=AXIS2_PLACEMENT_3D('',#15354,#11973,#11974);
#9828=AXIS2_PLACEMENT_3D('',#15355,#11975,#11976);
#9829=AXIS2_PLACEMENT_3D('',#15356,#11977,#11978);
#9830=AXIS2_PLACEMENT_3D('',#15359,#11979,#11980);
#9831=AXIS2_PLACEMENT_3D('',#15363,#11982,#11983);
#9832=AXIS2_PLACEMENT_3D('',#15365,#11985,#11986);
#9833=AXIS2_PLACEMENT_3D('',#15368,#11989,#11990);
#9834=AXIS2_PLACEMENT_3D('',#15377,#11995,#11996);
#9835=AXIS2_PLACEMENT_3D('',#15378,#11997,#11998);
#9836=AXIS2_PLACEMENT_3D('',#15379,#11999,#12000);
#9837=AXIS2_PLACEMENT_3D('',#15380,#12001,#12002);
#9838=AXIS2_PLACEMENT_3D('',#15382,#12003,#12004);
#9839=AXIS2_PLACEMENT_3D('',#15385,#12006,#12007);
#9840=AXIS2_PLACEMENT_3D('',#15386,#12008,#12009);
#9841=AXIS2_PLACEMENT_3D('',#15395,#12014,#12015);
#9842=AXIS2_PLACEMENT_3D('',#15396,#12016,#12017);
#9843=AXIS2_PLACEMENT_3D('',#15397,#12018,#12019);
#9844=AXIS2_PLACEMENT_3D('',#15398,#12020,#12021);
#9845=AXIS2_PLACEMENT_3D('',#15401,#12022,#12023);
#9846=AXIS2_PLACEMENT_3D('',#15405,#12025,#12026);
#9847=AXIS2_PLACEMENT_3D('',#15407,#12028,#12029);
#9848=AXIS2_PLACEMENT_3D('',#15410,#12032,#12033);
#9849=AXIS2_PLACEMENT_3D('',#15419,#12038,#12039);
#9850=AXIS2_PLACEMENT_3D('',#15420,#12040,#12041);
#9851=AXIS2_PLACEMENT_3D('',#15421,#12042,#12043);
#9852=AXIS2_PLACEMENT_3D('',#15422,#12044,#12045);
#9853=AXIS2_PLACEMENT_3D('',#15431,#12050,#12051);
#9854=AXIS2_PLACEMENT_3D('',#15433,#12052,#12053);
#9855=AXIS2_PLACEMENT_3D('',#15436,#12055,#12056);
#9856=AXIS2_PLACEMENT_3D('',#15437,#12057,#12058);
#9857=AXIS2_PLACEMENT_3D('',#15443,#12062,#12063);
#9858=AXIS2_PLACEMENT_3D('',#15444,#12064,#12065);
#9859=AXIS2_PLACEMENT_3D('',#15445,#12066,#12067);
#9860=AXIS2_PLACEMENT_3D('',#15446,#12068,#12069);
#9861=AXIS2_PLACEMENT_3D('',#15455,#12074,#12075);
#9862=AXIS2_PLACEMENT_3D('',#15456,#12076,#12077);
#9863=AXIS2_PLACEMENT_3D('',#15457,#12078,#12079);
#9864=AXIS2_PLACEMENT_3D('',#15458,#12080,#12081);
#9865=AXIS2_PLACEMENT_3D('',#15467,#12086,#12087);
#9866=AXIS2_PLACEMENT_3D('',#15473,#12091,#12092);
#9867=AXIS2_PLACEMENT_3D('',#15479,#12096,#12097);
#9868=AXIS2_PLACEMENT_3D('',#15482,#12100,#12101);
#9869=AXIS2_PLACEMENT_3D('',#15485,#12102,#12103);
#9870=AXIS2_PLACEMENT_3D('',#15489,#12105,#12106);
#9871=AXIS2_PLACEMENT_3D('',#15491,#12108,#12109);
#9872=AXIS2_PLACEMENT_3D('',#15497,#12113,#12114);
#9873=AXIS2_PLACEMENT_3D('',#15499,#12115,#12116);
#9874=AXIS2_PLACEMENT_3D('',#15501,#12117,#12118);
#9875=AXIS2_PLACEMENT_3D('',#15503,#12120,#12121);
#9876=AXIS2_PLACEMENT_3D('',#15506,#12124,#12125);
#9877=AXIS2_PLACEMENT_3D('',#15515,#12130,#12131);
#9878=AXIS2_PLACEMENT_3D('',#15517,#12132,#12133);
#9879=AXIS2_PLACEMENT_3D('',#15520,#12135,#12136);
#9880=AXIS2_PLACEMENT_3D('',#15521,#12137,#12138);
#9881=AXIS2_PLACEMENT_3D('',#15527,#12142,#12143);
#9882=AXIS2_PLACEMENT_3D('',#15528,#12144,#12145);
#9883=AXIS2_PLACEMENT_3D('',#15529,#12146,#12147);
#9884=AXIS2_PLACEMENT_3D('',#15530,#12148,#12149);
#9885=AXIS2_PLACEMENT_3D('',#15539,#12154,#12155);
#9886=AXIS2_PLACEMENT_3D('',#15540,#12156,#12157);
#9887=AXIS2_PLACEMENT_3D('',#15541,#12158,#12159);
#9888=AXIS2_PLACEMENT_3D('',#15542,#12160,#12161);
#9889=AXIS2_PLACEMENT_3D('',#15545,#12162,#12163);
#9890=AXIS2_PLACEMENT_3D('',#15549,#12165,#12166);
#9891=AXIS2_PLACEMENT_3D('',#15551,#12168,#12169);
#9892=AXIS2_PLACEMENT_3D('',#15554,#12172,#12173);
#9893=AXIS2_PLACEMENT_3D('',#15563,#12178,#12179);
#9894=AXIS2_PLACEMENT_3D('',#15564,#12180,#12181);
#9895=AXIS2_PLACEMENT_3D('',#15565,#12182,#12183);
#9896=AXIS2_PLACEMENT_3D('',#15566,#12184,#12185);
#9897=AXIS2_PLACEMENT_3D('',#15569,#12186,#12187);
#9898=AXIS2_PLACEMENT_3D('',#15573,#12189,#12190);
#9899=AXIS2_PLACEMENT_3D('',#15575,#12192,#12193);
#9900=AXIS2_PLACEMENT_3D('',#15578,#12196,#12197);
#9901=AXIS2_PLACEMENT_3D('',#15587,#12202,#12203);
#9902=AXIS2_PLACEMENT_3D('',#15588,#12204,#12205);
#9903=AXIS2_PLACEMENT_3D('',#15589,#12206,#12207);
#9904=AXIS2_PLACEMENT_3D('',#15590,#12208,#12209);
#9905=AXIS2_PLACEMENT_3D('',#15593,#12210,#12211);
#9906=AXIS2_PLACEMENT_3D('',#15597,#12213,#12214);
#9907=AXIS2_PLACEMENT_3D('',#15599,#12216,#12217);
#9908=AXIS2_PLACEMENT_3D('',#15602,#12220,#12221);
#9909=AXIS2_PLACEMENT_3D('',#15604,#12222,#12223);
#9910=AXIS2_PLACEMENT_3D('',#15607,#12225,#12226);
#9911=AXIS2_PLACEMENT_3D('',#15608,#12227,#12228);
#9912=AXIS2_PLACEMENT_3D('',#15610,#12229,#12230);
#9913=AXIS2_PLACEMENT_3D('',#15613,#12232,#12233);
#9914=AXIS2_PLACEMENT_3D('',#15614,#12234,#12235);
#9915=AXIS2_PLACEMENT_3D('',#15623,#12240,#12241);
#9916=AXIS2_PLACEMENT_3D('',#15625,#12242,#12243);
#9917=AXIS2_PLACEMENT_3D('',#15628,#12245,#12246);
#9918=AXIS2_PLACEMENT_3D('',#15629,#12247,#12248);
#9919=AXIS2_PLACEMENT_3D('',#15635,#12252,#12253);
#9920=AXIS2_PLACEMENT_3D('',#15637,#12254,#12255);
#9921=AXIS2_PLACEMENT_3D('',#15640,#12257,#12258);
#9922=AXIS2_PLACEMENT_3D('',#15641,#12259,#12260);
#9923=AXIS2_PLACEMENT_3D('',#15647,#12264,#12265);
#9924=AXIS2_PLACEMENT_3D('',#15649,#12266,#12267);
#9925=AXIS2_PLACEMENT_3D('',#15652,#12269,#12270);
#9926=AXIS2_PLACEMENT_3D('',#15653,#12271,#12272);
#9927=AXIS2_PLACEMENT_3D('',#15659,#12276,#12277);
#9928=AXIS2_PLACEMENT_3D('',#15660,#12278,#12279);
#9929=AXIS2_PLACEMENT_3D('',#15661,#12280,#12281);
#9930=AXIS2_PLACEMENT_3D('',#15662,#12282,#12283);
#9931=AXIS2_PLACEMENT_3D('',#15664,#12284,#12285);
#9932=AXIS2_PLACEMENT_3D('',#15667,#12287,#12288);
#9933=AXIS2_PLACEMENT_3D('',#15668,#12289,#12290);
#9934=AXIS2_PLACEMENT_3D('',#15670,#12291,#12292);
#9935=AXIS2_PLACEMENT_3D('',#15673,#12294,#12295);
#9936=AXIS2_PLACEMENT_3D('',#15674,#12296,#12297);
#9937=AXIS2_PLACEMENT_3D('',#15676,#12298,#12299);
#9938=AXIS2_PLACEMENT_3D('',#15679,#12301,#12302);
#9939=AXIS2_PLACEMENT_3D('',#15680,#12303,#12304);
#9940=AXIS2_PLACEMENT_3D('',#15682,#12305,#12306);
#9941=AXIS2_PLACEMENT_3D('',#15685,#12308,#12309);
#9942=AXIS2_PLACEMENT_3D('',#15686,#12310,#12311);
#9943=AXIS2_PLACEMENT_3D('',#15691,#12313,#12314);
#9944=AXIS2_PLACEMENT_3D('',#15694,#12316,#12317);
#9945=AXIS2_PLACEMENT_3D('',#15695,#12318,#12319);
#9946=AXIS2_PLACEMENT_3D('',#15701,#12323,#12324);
#9947=AXIS2_PLACEMENT_3D('',#15703,#12325,#12326);
#9948=AXIS2_PLACEMENT_3D('',#15706,#12328,#12329);
#9949=AXIS2_PLACEMENT_3D('',#15707,#12330,#12331);
#9950=AXIS2_PLACEMENT_3D('',#15710,#12334,#12335);
#9951=AXIS2_PLACEMENT_3D('',#15715,#12337,#12338);
#9952=AXIS2_PLACEMENT_3D('',#15718,#12340,#12341);
#9953=AXIS2_PLACEMENT_3D('',#15719,#12342,#12343);
#9954=AXIS2_PLACEMENT_3D('',#15725,#12347,#12348);
#9955=AXIS2_PLACEMENT_3D('',#15727,#12349,#12350);
#9956=AXIS2_PLACEMENT_3D('',#15730,#12352,#12353);
#9957=AXIS2_PLACEMENT_3D('',#15731,#12354,#12355);
#9958=AXIS2_PLACEMENT_3D('',#15734,#12358,#12359);
#9959=AXIS2_PLACEMENT_3D('',#15739,#12361,#12362);
#9960=AXIS2_PLACEMENT_3D('',#15742,#12364,#12365);
#9961=AXIS2_PLACEMENT_3D('',#15743,#12366,#12367);
#9962=AXIS2_PLACEMENT_3D('',#15749,#12371,#12372);
#9963=AXIS2_PLACEMENT_3D('',#15751,#12373,#12374);
#9964=AXIS2_PLACEMENT_3D('',#15754,#12376,#12377);
#9965=AXIS2_PLACEMENT_3D('',#15755,#12378,#12379);
#9966=AXIS2_PLACEMENT_3D('',#15758,#12382,#12383);
#9967=AXIS2_PLACEMENT_3D('',#15763,#12385,#12386);
#9968=AXIS2_PLACEMENT_3D('',#15766,#12388,#12389);
#9969=AXIS2_PLACEMENT_3D('',#15767,#12390,#12391);
#9970=AXIS2_PLACEMENT_3D('',#15773,#12395,#12396);
#9971=AXIS2_PLACEMENT_3D('',#15775,#12397,#12398);
#9972=AXIS2_PLACEMENT_3D('',#15778,#12400,#12401);
#9973=AXIS2_PLACEMENT_3D('',#15779,#12402,#12403);
#9974=AXIS2_PLACEMENT_3D('',#15782,#12406,#12407);
#9975=AXIS2_PLACEMENT_3D('',#15784,#12408,#12409);
#9976=AXIS2_PLACEMENT_3D('',#15787,#12411,#12412);
#9977=AXIS2_PLACEMENT_3D('',#15788,#12413,#12414);
#9978=AXIS2_PLACEMENT_3D('',#15789,#12415,#12416);
#9979=AXIS2_PLACEMENT_3D('',#15790,#12417,#12418);
#9980=AXIS2_PLACEMENT_3D('',#15791,#12419,#12420);
#9981=AXIS2_PLACEMENT_3D('',#15793,#12421,#12422);
#9982=AXIS2_PLACEMENT_3D('',#15794,#12423,#12424);
#9983=AXIS2_PLACEMENT_3D('',#15797,#12425,#12426);
#9984=AXIS2_PLACEMENT_3D('',#15799,#12428,#12429);
#9985=AXIS2_PLACEMENT_3D('',#15800,#12430,#12431);
#9986=AXIS2_PLACEMENT_3D('',#15803,#12432,#12433);
#9987=AXIS2_PLACEMENT_3D('',#15804,#12434,#12435);
#9988=AXIS2_PLACEMENT_3D('',#15805,#12436,#12437);
#9989=AXIS2_PLACEMENT_3D('',#15806,#12438,#12439);
#9990=AXIS2_PLACEMENT_3D('',#15809,#12440,#12441);
#9991=AXIS2_PLACEMENT_3D('',#15811,#12443,#12444);
#9992=AXIS2_PLACEMENT_3D('',#15812,#12445,#12446);
#9993=AXIS2_PLACEMENT_3D('',#15815,#12447,#12448);
#9994=AXIS2_PLACEMENT_3D('',#15816,#12449,#12450);
#9995=AXIS2_PLACEMENT_3D('',#15817,#12451,#12452);
#9996=AXIS2_PLACEMENT_3D('',#15818,#12453,#12454);
#9997=AXIS2_PLACEMENT_3D('',#15820,#12455,#12456);
#9998=AXIS2_PLACEMENT_3D('',#15822,#12458,#12459);
#9999=AXIS2_PLACEMENT_3D('',#15823,#12460,#12461);
#10000=AXIS2_PLACEMENT_3D('',#15824,#12462,#12463);
#10001=AXIS2_PLACEMENT_3D('',#15826,#12464,#12465);
#10002=AXIS2_PLACEMENT_3D('',#15827,#12466,#12467);
#10003=AXIS2_PLACEMENT_3D('',#15830,#12468,#12469);
#10004=AXIS2_PLACEMENT_3D('',#15832,#12471,#12472);
#10005=AXIS2_PLACEMENT_3D('',#15833,#12473,#12474);
#10006=AXIS2_PLACEMENT_3D('',#15836,#12475,#12476);
#10007=AXIS2_PLACEMENT_3D('',#15837,#12477,#12478);
#10008=AXIS2_PLACEMENT_3D('',#15838,#12479,#12480);
#10009=AXIS2_PLACEMENT_3D('',#15839,#12481,#12482);
#10010=AXIS2_PLACEMENT_3D('',#15842,#12483,#12484);
#10011=AXIS2_PLACEMENT_3D('',#15844,#12486,#12487);
#10012=AXIS2_PLACEMENT_3D('',#15845,#12488,#12489);
#10013=AXIS2_PLACEMENT_3D('',#15848,#12490,#12491);
#10014=AXIS2_PLACEMENT_3D('',#15849,#12492,#12493);
#10015=AXIS2_PLACEMENT_3D('',#15850,#12494,#12495);
#10016=AXIS2_PLACEMENT_3D('',#15851,#12496,#12497);
#10017=AXIS2_PLACEMENT_3D('',#15853,#12498,#12499);
#10018=AXIS2_PLACEMENT_3D('',#15855,#12501,#12502);
#10019=AXIS2_PLACEMENT_3D('',#15856,#12503,#12504);
#10020=AXIS2_PLACEMENT_3D('',#15857,#12505,#12506);
#10021=AXIS2_PLACEMENT_3D('',#15858,#12507,#12508);
#10022=AXIS2_PLACEMENT_3D('',#15859,#12509,#12510);
#10023=AXIS2_PLACEMENT_3D('',#15860,#12511,#12512);
#10024=AXIS2_PLACEMENT_3D('',#15861,#12513,#12514);
#10025=DIRECTION('axis',(0.,0.,1.));
#10026=DIRECTION('refdir',(1.,0.,0.));
#10027=DIRECTION('axis',(0.,0.,1.));
#10028=DIRECTION('refdir',(1.,0.,0.));
#10029=DIRECTION('center_axis',(0.,0.,-1.));
#10030=DIRECTION('ref_axis',(-1.,0.,0.));
#10031=DIRECTION('center_axis',(0.,0.,1.));
#10032=DIRECTION('ref_axis',(-1.,0.,0.));
#10033=DIRECTION('',(-0.707106781186548,8.65956056235493E-17,0.707106781186548));
#10034=DIRECTION('center_axis',(0.,0.,-1.));
#10035=DIRECTION('ref_axis',(-1.,0.,0.));
#10036=DIRECTION('center_axis',(0.,0.,-1.));
#10037=DIRECTION('ref_axis',(-1.,0.,0.));
#10038=DIRECTION('center_axis',(0.,0.,1.));
#10039=DIRECTION('ref_axis',(-1.,0.,0.));
#10040=DIRECTION('',(-0.707106781186548,8.65956056235493E-17,0.707106781186548));
#10041=DIRECTION('center_axis',(0.,0.,-1.));
#10042=DIRECTION('ref_axis',(-1.,0.,0.));
#10043=DIRECTION('center_axis',(0.,0.,-1.));
#10044=DIRECTION('ref_axis',(-1.,0.,0.));
#10045=DIRECTION('center_axis',(0.,0.,1.));
#10046=DIRECTION('ref_axis',(-1.,0.,0.));
#10047=DIRECTION('',(-0.707106781186548,8.65956056235493E-17,0.707106781186548));
#10048=DIRECTION('center_axis',(0.,0.,-1.));
#10049=DIRECTION('ref_axis',(-1.,0.,0.));
#10050=DIRECTION('center_axis',(0.,0.,-1.));
#10051=DIRECTION('ref_axis',(-1.,0.,0.));
#10052=DIRECTION('center_axis',(0.,0.,1.));
#10053=DIRECTION('ref_axis',(-1.,0.,0.));
#10054=DIRECTION('',(-0.707106781186548,8.65956056235493E-17,0.707106781186548));
#10055=DIRECTION('center_axis',(0.,0.,-1.));
#10056=DIRECTION('ref_axis',(-1.,0.,0.));
#10057=DIRECTION('center_axis',(0.,0.,-1.));
#10058=DIRECTION('ref_axis',(-1.,0.,0.));
#10059=DIRECTION('center_axis',(0.,0.,1.));
#10060=DIRECTION('ref_axis',(-1.,0.,0.));
#10061=DIRECTION('',(-0.707106781186548,8.65956056235493E-17,0.707106781186548));
#10062=DIRECTION('center_axis',(0.,0.,-1.));
#10063=DIRECTION('ref_axis',(-1.,0.,0.));
#10064=DIRECTION('center_axis',(0.,0.,-1.));
#10065=DIRECTION('ref_axis',(-1.,0.,0.));
#10066=DIRECTION('center_axis',(0.,0.,1.));
#10067=DIRECTION('ref_axis',(-1.,0.,0.));
#10068=DIRECTION('',(-0.707106781186548,8.65956056235493E-17,0.707106781186548));
#10069=DIRECTION('center_axis',(0.,0.,-1.));
#10070=DIRECTION('ref_axis',(-1.,0.,0.));
#10071=DIRECTION('center_axis',(0.,0.,-1.));
#10072=DIRECTION('ref_axis',(-1.,0.,0.));
#10073=DIRECTION('center_axis',(0.,0.,1.));
#10074=DIRECTION('ref_axis',(-1.,0.,0.));
#10075=DIRECTION('',(-0.707106781186548,8.65956056235493E-17,0.707106781186548));
#10076=DIRECTION('center_axis',(0.,0.,-1.));
#10077=DIRECTION('ref_axis',(-1.,0.,0.));
#10078=DIRECTION('center_axis',(0.,0.,-1.));
#10079=DIRECTION('ref_axis',(-1.,0.,0.));
#10080=DIRECTION('center_axis',(0.,0.,1.));
#10081=DIRECTION('ref_axis',(-1.,0.,0.));
#10082=DIRECTION('',(-0.707106781186548,8.65956056235493E-17,0.707106781186548));
#10083=DIRECTION('center_axis',(0.,0.,-1.));
#10084=DIRECTION('ref_axis',(-1.,0.,0.));
#10085=DIRECTION('center_axis',(0.,0.,-1.));
#10086=DIRECTION('ref_axis',(-1.,0.,0.));
#10087=DIRECTION('center_axis',(0.,0.,1.));
#10088=DIRECTION('ref_axis',(-1.,0.,0.));
#10089=DIRECTION('',(-0.707106781186548,8.65956056235493E-17,0.707106781186548));
#10090=DIRECTION('center_axis',(0.,0.,-1.));
#10091=DIRECTION('ref_axis',(-1.,0.,0.));
#10092=DIRECTION('center_axis',(0.,0.,-1.));
#10093=DIRECTION('ref_axis',(-1.,0.,0.));
#10094=DIRECTION('center_axis',(0.,0.,1.));
#10095=DIRECTION('ref_axis',(-1.,0.,0.));
#10096=DIRECTION('',(-0.707106781186547,8.65956056235493E-17,0.707106781186548));
#10097=DIRECTION('center_axis',(0.,0.,-1.));
#10098=DIRECTION('ref_axis',(-1.,0.,0.));
#10099=DIRECTION('center_axis',(0.,0.,-1.));
#10100=DIRECTION('ref_axis',(-1.,0.,0.));
#10101=DIRECTION('center_axis',(0.,0.,1.));
#10102=DIRECTION('ref_axis',(-1.,0.,0.));
#10103=DIRECTION('',(-0.707106781186547,8.65956056235493E-17,0.707106781186548));
#10104=DIRECTION('center_axis',(0.,0.,-1.));
#10105=DIRECTION('ref_axis',(-1.,0.,0.));
#10106=DIRECTION('center_axis',(0.,0.,-1.));
#10107=DIRECTION('ref_axis',(-1.,0.,0.));
#10108=DIRECTION('center_axis',(0.,0.,1.));
#10109=DIRECTION('ref_axis',(-1.,0.,0.));
#10110=DIRECTION('',(-0.707106781186547,8.65956056235493E-17,0.707106781186548));
#10111=DIRECTION('center_axis',(0.,0.,-1.));
#10112=DIRECTION('ref_axis',(-1.,0.,0.));
#10113=DIRECTION('center_axis',(0.,0.,-1.));
#10114=DIRECTION('ref_axis',(-1.,0.,0.));
#10115=DIRECTION('center_axis',(0.,0.,1.));
#10116=DIRECTION('ref_axis',(-1.,0.,0.));
#10117=DIRECTION('',(-0.707106781186547,8.65956056235493E-17,0.707106781186548));
#10118=DIRECTION('center_axis',(0.,0.,-1.));
#10119=DIRECTION('ref_axis',(-1.,0.,0.));
#10120=DIRECTION('center_axis',(0.,0.,-1.));
#10121=DIRECTION('ref_axis',(-1.,0.,0.));
#10122=DIRECTION('center_axis',(0.,0.,1.));
#10123=DIRECTION('ref_axis',(-1.,0.,0.));
#10124=DIRECTION('',(-0.707106781186547,8.65956056235493E-17,0.707106781186548));
#10125=DIRECTION('center_axis',(0.,0.,-1.));
#10126=DIRECTION('ref_axis',(-1.,0.,0.));
#10127=DIRECTION('center_axis',(0.,0.,-1.));
#10128=DIRECTION('ref_axis',(-1.,0.,0.));
#10129=DIRECTION('center_axis',(0.,0.,1.));
#10130=DIRECTION('ref_axis',(-1.,0.,0.));
#10131=DIRECTION('',(-0.707106781186547,8.65956056235493E-17,0.707106781186548));
#10132=DIRECTION('center_axis',(0.,0.,-1.));
#10133=DIRECTION('ref_axis',(-1.,0.,0.));
#10134=DIRECTION('center_axis',(0.,0.,-1.));
#10135=DIRECTION('ref_axis',(-1.,0.,0.));
#10136=DIRECTION('center_axis',(0.,0.,1.));
#10137=DIRECTION('ref_axis',(-1.,0.,0.));
#10138=DIRECTION('',(-0.707106781186547,8.65956056235493E-17,0.707106781186548));
#10139=DIRECTION('center_axis',(0.,0.,-1.));
#10140=DIRECTION('ref_axis',(-1.,0.,0.));
#10141=DIRECTION('center_axis',(0.,0.,-1.));
#10142=DIRECTION('ref_axis',(-1.,0.,0.));
#10143=DIRECTION('center_axis',(0.,0.,1.));
#10144=DIRECTION('ref_axis',(-1.,0.,0.));
#10145=DIRECTION('',(-0.707106781186547,8.65956056235493E-17,0.707106781186548));
#10146=DIRECTION('center_axis',(0.,0.,-1.));
#10147=DIRECTION('ref_axis',(-1.,0.,0.));
#10148=DIRECTION('center_axis',(0.,0.,-1.));
#10149=DIRECTION('ref_axis',(-1.,0.,0.));
#10150=DIRECTION('center_axis',(0.,0.,1.));
#10151=DIRECTION('ref_axis',(-1.,0.,0.));
#10152=DIRECTION('',(-0.707106781186547,8.65956056235493E-17,0.707106781186548));
#10153=DIRECTION('center_axis',(0.,0.,-1.));
#10154=DIRECTION('ref_axis',(-1.,0.,0.));
#10155=DIRECTION('center_axis',(0.,0.,-1.));
#10156=DIRECTION('ref_axis',(-1.,0.,0.));
#10157=DIRECTION('center_axis',(0.,0.,1.));
#10158=DIRECTION('ref_axis',(-1.,0.,0.));
#10159=DIRECTION('',(-0.707106781186547,8.65956056235493E-17,0.707106781186548));
#10160=DIRECTION('center_axis',(0.,0.,-1.));
#10161=DIRECTION('ref_axis',(-1.,0.,0.));
#10162=DIRECTION('center_axis',(0.,0.,-1.));
#10163=DIRECTION('ref_axis',(-1.,0.,0.));
#10164=DIRECTION('center_axis',(0.,0.,1.));
#10165=DIRECTION('ref_axis',(-1.,0.,0.));
#10166=DIRECTION('',(-0.707106781186547,8.65956056235493E-17,0.707106781186548));
#10167=DIRECTION('center_axis',(0.,0.,-1.));
#10168=DIRECTION('ref_axis',(-1.,0.,0.));
#10169=DIRECTION('center_axis',(0.,0.,-1.));
#10170=DIRECTION('ref_axis',(-1.,0.,0.));
#10171=DIRECTION('center_axis',(0.,0.,1.));
#10172=DIRECTION('ref_axis',(-1.,0.,0.));
#10173=DIRECTION('',(-0.707106781186547,8.65956056235493E-17,0.707106781186548));
#10174=DIRECTION('center_axis',(0.,0.,-1.));
#10175=DIRECTION('ref_axis',(-1.,0.,0.));
#10176=DIRECTION('center_axis',(0.,0.,-1.));
#10177=DIRECTION('ref_axis',(-1.,0.,0.));
#10178=DIRECTION('center_axis',(0.,0.,1.));
#10179=DIRECTION('ref_axis',(-1.,0.,0.));
#10180=DIRECTION('',(-0.707106781186547,8.65956056235493E-17,0.707106781186548));
#10181=DIRECTION('center_axis',(0.,0.,-1.));
#10182=DIRECTION('ref_axis',(-1.,0.,0.));
#10183=DIRECTION('center_axis',(0.,0.,-1.));
#10184=DIRECTION('ref_axis',(-1.,0.,0.));
#10185=DIRECTION('center_axis',(0.,0.,1.));
#10186=DIRECTION('ref_axis',(-1.,0.,0.));
#10187=DIRECTION('',(-0.707106781186547,8.65956056235493E-17,0.707106781186548));
#10188=DIRECTION('center_axis',(0.,0.,-1.));
#10189=DIRECTION('ref_axis',(-1.,0.,0.));
#10190=DIRECTION('center_axis',(0.,0.,-1.));
#10191=DIRECTION('ref_axis',(-1.,0.,0.));
#10192=DIRECTION('center_axis',(0.,0.,1.));
#10193=DIRECTION('ref_axis',(-1.,0.,0.));
#10194=DIRECTION('',(-0.707106781186547,8.65956056235493E-17,0.707106781186548));
#10195=DIRECTION('center_axis',(0.,0.,-1.));
#10196=DIRECTION('ref_axis',(-1.,0.,0.));
#10197=DIRECTION('center_axis',(0.,0.,-1.));
#10198=DIRECTION('ref_axis',(-1.,0.,0.));
#10199=DIRECTION('center_axis',(0.,0.,1.));
#10200=DIRECTION('ref_axis',(-1.,0.,0.));
#10201=DIRECTION('',(-0.707106781186547,8.65956056235493E-17,0.707106781186548));
#10202=DIRECTION('center_axis',(0.,0.,-1.));
#10203=DIRECTION('ref_axis',(-1.,0.,0.));
#10204=DIRECTION('center_axis',(0.,0.,-1.));
#10205=DIRECTION('ref_axis',(-1.,0.,0.));
#10206=DIRECTION('center_axis',(0.,0.,1.));
#10207=DIRECTION('ref_axis',(-1.,0.,0.));
#10208=DIRECTION('',(-0.707106781186547,8.65956056235493E-17,0.707106781186548));
#10209=DIRECTION('center_axis',(0.,0.,-1.));
#10210=DIRECTION('ref_axis',(-1.,0.,0.));
#10211=DIRECTION('center_axis',(0.,0.,-1.));
#10212=DIRECTION('ref_axis',(-1.,0.,0.));
#10213=DIRECTION('center_axis',(0.,0.,1.));
#10214=DIRECTION('ref_axis',(-1.,0.,0.));
#10215=DIRECTION('',(-0.707106781186547,8.65956056235493E-17,0.707106781186548));
#10216=DIRECTION('center_axis',(0.,0.,-1.));
#10217=DIRECTION('ref_axis',(-1.,0.,0.));
#10218=DIRECTION('center_axis',(0.,0.,-1.));
#10219=DIRECTION('ref_axis',(-1.,0.,0.));
#10220=DIRECTION('center_axis',(0.,0.,1.));
#10221=DIRECTION('ref_axis',(-1.,0.,0.));
#10222=DIRECTION('',(-0.707106781186547,8.65956056235493E-17,0.707106781186548));
#10223=DIRECTION('center_axis',(0.,0.,-1.));
#10224=DIRECTION('ref_axis',(-1.,0.,0.));
#10225=DIRECTION('center_axis',(0.,0.,-1.));
#10226=DIRECTION('ref_axis',(-1.,0.,0.));
#10227=DIRECTION('center_axis',(0.,0.,1.));
#10228=DIRECTION('ref_axis',(-1.,0.,0.));
#10229=DIRECTION('',(-0.707106781186547,8.65956056235493E-17,0.707106781186548));
#10230=DIRECTION('center_axis',(0.,0.,-1.));
#10231=DIRECTION('ref_axis',(-1.,0.,0.));
#10232=DIRECTION('center_axis',(0.,0.,-1.));
#10233=DIRECTION('ref_axis',(-1.,0.,0.));
#10234=DIRECTION('center_axis',(0.,0.,1.));
#10235=DIRECTION('ref_axis',(-1.,0.,0.));
#10236=DIRECTION('',(-0.707106781186547,8.65956056235493E-17,0.707106781186548));
#10237=DIRECTION('center_axis',(0.,0.,-1.));
#10238=DIRECTION('ref_axis',(-1.,0.,0.));
#10239=DIRECTION('center_axis',(0.,0.,-1.));
#10240=DIRECTION('ref_axis',(-1.,0.,0.));
#10241=DIRECTION('center_axis',(0.,0.,1.));
#10242=DIRECTION('ref_axis',(-1.,0.,0.));
#10243=DIRECTION('',(-0.707106781186547,8.65956056235493E-17,0.707106781186548));
#10244=DIRECTION('center_axis',(0.,0.,-1.));
#10245=DIRECTION('ref_axis',(-1.,0.,0.));
#10246=DIRECTION('center_axis',(0.,0.,-1.));
#10247=DIRECTION('ref_axis',(-1.,0.,0.));
#10248=DIRECTION('center_axis',(0.,0.,1.));
#10249=DIRECTION('ref_axis',(-1.,0.,0.));
#10250=DIRECTION('',(-0.707106781186547,8.65956056235493E-17,0.707106781186548));
#10251=DIRECTION('center_axis',(0.,0.,-1.));
#10252=DIRECTION('ref_axis',(-1.,0.,0.));
#10253=DIRECTION('center_axis',(0.,0.,-1.));
#10254=DIRECTION('ref_axis',(-1.,0.,0.));
#10255=DIRECTION('center_axis',(0.,0.,1.));
#10256=DIRECTION('ref_axis',(-1.,0.,0.));
#10257=DIRECTION('',(-0.707106781186547,8.65956056235493E-17,0.707106781186548));
#10258=DIRECTION('center_axis',(0.,0.,-1.));
#10259=DIRECTION('ref_axis',(-1.,0.,0.));
#10260=DIRECTION('center_axis',(0.,0.,-1.));
#10261=DIRECTION('ref_axis',(-1.,0.,0.));
#10262=DIRECTION('center_axis',(0.,0.,1.));
#10263=DIRECTION('ref_axis',(-1.,0.,0.));
#10264=DIRECTION('',(-0.707106781186547,8.65956056235493E-17,0.707106781186548));
#10265=DIRECTION('center_axis',(0.,0.,-1.));
#10266=DIRECTION('ref_axis',(-1.,0.,0.));
#10267=DIRECTION('center_axis',(0.,0.,-1.));
#10268=DIRECTION('ref_axis',(-1.,0.,0.));
#10269=DIRECTION('center_axis',(0.,0.,1.));
#10270=DIRECTION('ref_axis',(-1.,0.,0.));
#10271=DIRECTION('',(-0.707106781186547,8.65956056235493E-17,0.707106781186548));
#10272=DIRECTION('center_axis',(0.,0.,-1.));
#10273=DIRECTION('ref_axis',(-1.,0.,0.));
#10274=DIRECTION('center_axis',(0.,0.,-1.));
#10275=DIRECTION('ref_axis',(-1.,0.,0.));
#10276=DIRECTION('center_axis',(0.,0.,1.));
#10277=DIRECTION('ref_axis',(-1.,0.,0.));
#10278=DIRECTION('',(-0.707106781186547,8.65956056235493E-17,0.707106781186548));
#10279=DIRECTION('center_axis',(0.,0.,-1.));
#10280=DIRECTION('ref_axis',(-1.,0.,0.));
#10281=DIRECTION('center_axis',(0.,0.,-1.));
#10282=DIRECTION('ref_axis',(-1.,0.,0.));
#10283=DIRECTION('center_axis',(0.,0.,1.));
#10284=DIRECTION('ref_axis',(-1.,0.,0.));
#10285=DIRECTION('',(-0.707106781186547,8.65956056235493E-17,0.707106781186548));
#10286=DIRECTION('center_axis',(0.,0.,-1.));
#10287=DIRECTION('ref_axis',(-1.,0.,0.));
#10288=DIRECTION('center_axis',(0.,0.,-1.));
#10289=DIRECTION('ref_axis',(-1.,0.,0.));
#10290=DIRECTION('center_axis',(0.,0.,1.));
#10291=DIRECTION('ref_axis',(-1.,0.,0.));
#10292=DIRECTION('',(-0.707106781186547,8.65956056235493E-17,0.707106781186548));
#10293=DIRECTION('center_axis',(0.,0.,-1.));
#10294=DIRECTION('ref_axis',(-1.,0.,0.));
#10295=DIRECTION('center_axis',(0.,0.,-1.));
#10296=DIRECTION('ref_axis',(-1.,0.,0.));
#10297=DIRECTION('center_axis',(0.,0.,1.));
#10298=DIRECTION('ref_axis',(-1.,0.,0.));
#10299=DIRECTION('',(-0.707106781186547,8.65956056235493E-17,0.707106781186548));
#10300=DIRECTION('center_axis',(0.,0.,-1.));
#10301=DIRECTION('ref_axis',(-1.,0.,0.));
#10302=DIRECTION('center_axis',(0.,0.,-1.));
#10303=DIRECTION('ref_axis',(-1.,0.,0.));
#10304=DIRECTION('center_axis',(0.,0.,1.));
#10305=DIRECTION('ref_axis',(-1.,0.,0.));
#10306=DIRECTION('',(-0.707106781186547,8.65956056235493E-17,0.707106781186548));
#10307=DIRECTION('center_axis',(0.,0.,-1.));
#10308=DIRECTION('ref_axis',(-1.,0.,0.));
#10309=DIRECTION('center_axis',(0.,0.,-1.));
#10310=DIRECTION('ref_axis',(-1.,0.,0.));
#10311=DIRECTION('center_axis',(0.,0.,1.));
#10312=DIRECTION('ref_axis',(-1.,0.,0.));
#10313=DIRECTION('',(-0.707106781186547,8.65956056235493E-17,0.707106781186548));
#10314=DIRECTION('center_axis',(0.,0.,-1.));
#10315=DIRECTION('ref_axis',(-1.,0.,0.));
#10316=DIRECTION('center_axis',(0.,0.,-1.));
#10317=DIRECTION('ref_axis',(-1.,0.,0.));
#10318=DIRECTION('center_axis',(0.,0.,1.));
#10319=DIRECTION('ref_axis',(-1.,0.,0.));
#10320=DIRECTION('',(-0.707106781186547,8.65956056235493E-17,0.707106781186548));
#10321=DIRECTION('center_axis',(0.,0.,-1.));
#10322=DIRECTION('ref_axis',(-1.,0.,0.));
#10323=DIRECTION('center_axis',(0.,0.,-1.));
#10324=DIRECTION('ref_axis',(-1.,0.,0.));
#10325=DIRECTION('center_axis',(0.,0.,1.));
#10326=DIRECTION('ref_axis',(-1.,0.,0.));
#10327=DIRECTION('',(-0.707106781186547,8.65956056235493E-17,0.707106781186548));
#10328=DIRECTION('center_axis',(0.,0.,-1.));
#10329=DIRECTION('ref_axis',(-1.,0.,0.));
#10330=DIRECTION('center_axis',(0.,0.,-1.));
#10331=DIRECTION('ref_axis',(-1.,0.,0.));
#10332=DIRECTION('center_axis',(0.,0.,1.));
#10333=DIRECTION('ref_axis',(-1.,0.,0.));
#10334=DIRECTION('',(-0.707106781186547,8.65956056235493E-17,0.707106781186548));
#10335=DIRECTION('center_axis',(0.,0.,-1.));
#10336=DIRECTION('ref_axis',(-1.,0.,0.));
#10337=DIRECTION('center_axis',(0.,0.,-1.));
#10338=DIRECTION('ref_axis',(-1.,0.,0.));
#10339=DIRECTION('center_axis',(0.,0.,1.));
#10340=DIRECTION('ref_axis',(-1.,0.,0.));
#10341=DIRECTION('',(-0.707106781186547,8.65956056235493E-17,0.707106781186548));
#10342=DIRECTION('center_axis',(0.,0.,-1.));
#10343=DIRECTION('ref_axis',(-1.,0.,0.));
#10344=DIRECTION('center_axis',(0.,0.,-1.));
#10345=DIRECTION('ref_axis',(-1.,0.,0.));
#10346=DIRECTION('center_axis',(0.,0.,1.));
#10347=DIRECTION('ref_axis',(-1.,0.,0.));
#10348=DIRECTION('',(-0.707106781186547,8.65956056235493E-17,0.707106781186548));
#10349=DIRECTION('center_axis',(0.,0.,-1.));
#10350=DIRECTION('ref_axis',(-1.,0.,0.));
#10351=DIRECTION('center_axis',(0.,0.,-1.));
#10352=DIRECTION('ref_axis',(-1.,0.,0.));
#10353=DIRECTION('center_axis',(0.,0.,1.));
#10354=DIRECTION('ref_axis',(-1.,0.,0.));
#10355=DIRECTION('',(-0.707106781186547,8.65956056235493E-17,0.707106781186548));
#10356=DIRECTION('center_axis',(0.,0.,-1.));
#10357=DIRECTION('ref_axis',(-1.,0.,0.));
#10358=DIRECTION('center_axis',(0.,0.,-1.));
#10359=DIRECTION('ref_axis',(-1.,0.,0.));
#10360=DIRECTION('center_axis',(0.,0.,1.));
#10361=DIRECTION('ref_axis',(-1.,0.,0.));
#10362=DIRECTION('',(-0.707106781186547,8.65956056235493E-17,0.707106781186548));
#10363=DIRECTION('center_axis',(0.,0.,-1.));
#10364=DIRECTION('ref_axis',(-1.,0.,0.));
#10365=DIRECTION('center_axis',(0.,0.,-1.));
#10366=DIRECTION('ref_axis',(-1.,0.,0.));
#10367=DIRECTION('center_axis',(0.,0.,1.));
#10368=DIRECTION('ref_axis',(-1.,0.,0.));
#10369=DIRECTION('',(-0.707106781186547,8.65956056235493E-17,0.707106781186548));
#10370=DIRECTION('center_axis',(0.,0.,-1.));
#10371=DIRECTION('ref_axis',(-1.,0.,0.));
#10372=DIRECTION('center_axis',(0.,0.,-1.));
#10373=DIRECTION('ref_axis',(-1.,0.,0.));
#10374=DIRECTION('center_axis',(0.,0.,1.));
#10375=DIRECTION('ref_axis',(-1.,0.,0.));
#10376=DIRECTION('',(-0.707106781186547,8.65956056235493E-17,0.707106781186548));
#10377=DIRECTION('center_axis',(0.,0.,-1.));
#10378=DIRECTION('ref_axis',(-1.,0.,0.));
#10379=DIRECTION('center_axis',(0.,0.,-1.));
#10380=DIRECTION('ref_axis',(-1.,0.,0.));
#10381=DIRECTION('center_axis',(0.,0.,1.));
#10382=DIRECTION('ref_axis',(-1.,0.,0.));
#10383=DIRECTION('',(-0.707106781186547,8.65956056235493E-17,0.707106781186548));
#10384=DIRECTION('center_axis',(0.,0.,-1.));
#10385=DIRECTION('ref_axis',(-1.,0.,0.));
#10386=DIRECTION('center_axis',(0.,0.,-1.));
#10387=DIRECTION('ref_axis',(-1.,0.,0.));
#10388=DIRECTION('center_axis',(0.,0.,1.));
#10389=DIRECTION('ref_axis',(-1.,0.,0.));
#10390=DIRECTION('',(-0.707106781186547,8.65956056235493E-17,0.707106781186548));
#10391=DIRECTION('center_axis',(0.,0.,-1.));
#10392=DIRECTION('ref_axis',(-1.,0.,0.));
#10393=DIRECTION('center_axis',(0.,0.,-1.));
#10394=DIRECTION('ref_axis',(-1.,0.,0.));
#10395=DIRECTION('center_axis',(0.,0.,1.));
#10396=DIRECTION('ref_axis',(-1.,0.,0.));
#10397=DIRECTION('',(-0.707106781186547,8.65956056235493E-17,0.707106781186548));
#10398=DIRECTION('center_axis',(0.,0.,-1.));
#10399=DIRECTION('ref_axis',(-1.,0.,0.));
#10400=DIRECTION('center_axis',(0.,0.,-1.));
#10401=DIRECTION('ref_axis',(-1.,0.,0.));
#10402=DIRECTION('center_axis',(0.,0.,1.));
#10403=DIRECTION('ref_axis',(-1.,0.,0.));
#10404=DIRECTION('',(-0.707106781186547,8.65956056235493E-17,0.707106781186548));
#10405=DIRECTION('center_axis',(0.,0.,-1.));
#10406=DIRECTION('ref_axis',(-1.,0.,0.));
#10407=DIRECTION('center_axis',(0.,0.,-1.));
#10408=DIRECTION('ref_axis',(-1.,0.,0.));
#10409=DIRECTION('center_axis',(0.,0.,1.));
#10410=DIRECTION('ref_axis',(-1.,0.,0.));
#10411=DIRECTION('',(-0.707106781186547,8.65956056235493E-17,0.707106781186548));
#10412=DIRECTION('center_axis',(0.,0.,-1.));
#10413=DIRECTION('ref_axis',(-1.,0.,0.));
#10414=DIRECTION('center_axis',(0.,0.,-1.));
#10415=DIRECTION('ref_axis',(-1.,0.,0.));
#10416=DIRECTION('center_axis',(0.,0.,1.));
#10417=DIRECTION('ref_axis',(-1.,0.,0.));
#10418=DIRECTION('',(-0.707106781186547,8.65956056235493E-17,0.707106781186548));
#10419=DIRECTION('center_axis',(0.,0.,-1.));
#10420=DIRECTION('ref_axis',(-1.,0.,0.));
#10421=DIRECTION('center_axis',(0.,0.,-1.));
#10422=DIRECTION('ref_axis',(-1.,0.,0.));
#10423=DIRECTION('center_axis',(0.,0.,1.));
#10424=DIRECTION('ref_axis',(-1.,0.,0.));
#10425=DIRECTION('',(-0.707106781186547,8.65956056235493E-17,0.707106781186548));
#10426=DIRECTION('center_axis',(0.,0.,-1.));
#10427=DIRECTION('ref_axis',(-1.,0.,0.));
#10428=DIRECTION('center_axis',(0.,0.,-1.));
#10429=DIRECTION('ref_axis',(-1.,0.,0.));
#10430=DIRECTION('center_axis',(0.,0.,1.));
#10431=DIRECTION('ref_axis',(-1.,0.,0.));
#10432=DIRECTION('',(-0.707106781186547,8.65956056235493E-17,0.707106781186548));
#10433=DIRECTION('center_axis',(0.,0.,-1.));
#10434=DIRECTION('ref_axis',(-1.,0.,0.));
#10435=DIRECTION('center_axis',(0.,0.,-1.));
#10436=DIRECTION('ref_axis',(-1.,0.,0.));
#10437=DIRECTION('center_axis',(0.,0.,1.));
#10438=DIRECTION('ref_axis',(-1.,0.,0.));
#10439=DIRECTION('',(-0.707106781186547,8.65956056235493E-17,0.707106781186548));
#10440=DIRECTION('center_axis',(0.,0.,-1.));
#10441=DIRECTION('ref_axis',(-1.,0.,0.));
#10442=DIRECTION('center_axis',(0.,0.,-1.));
#10443=DIRECTION('ref_axis',(-1.,0.,0.));
#10444=DIRECTION('center_axis',(0.,0.,1.));
#10445=DIRECTION('ref_axis',(-1.,0.,0.));
#10446=DIRECTION('',(-0.707106781186547,8.65956056235493E-17,0.707106781186548));
#10447=DIRECTION('center_axis',(0.,0.,-1.));
#10448=DIRECTION('ref_axis',(-1.,0.,0.));
#10449=DIRECTION('center_axis',(0.,0.,-1.));
#10450=DIRECTION('ref_axis',(-1.,0.,0.));
#10451=DIRECTION('center_axis',(0.,0.,1.));
#10452=DIRECTION('ref_axis',(-1.,0.,0.));
#10453=DIRECTION('',(-0.707106781186547,8.65956056235493E-17,0.707106781186548));
#10454=DIRECTION('center_axis',(0.,0.,-1.));
#10455=DIRECTION('ref_axis',(-1.,0.,0.));
#10456=DIRECTION('center_axis',(0.,0.,-1.));
#10457=DIRECTION('ref_axis',(-1.,0.,0.));
#10458=DIRECTION('center_axis',(0.,0.,1.));
#10459=DIRECTION('ref_axis',(-1.,0.,0.));
#10460=DIRECTION('',(-0.707106781186547,8.65956056235493E-17,0.707106781186548));
#10461=DIRECTION('center_axis',(0.,0.,-1.));
#10462=DIRECTION('ref_axis',(-1.,0.,0.));
#10463=DIRECTION('center_axis',(0.,0.,-1.));
#10464=DIRECTION('ref_axis',(-1.,0.,0.));
#10465=DIRECTION('center_axis',(0.,0.,1.));
#10466=DIRECTION('ref_axis',(-1.,0.,0.));
#10467=DIRECTION('',(-0.707106781186547,8.65956056235493E-17,0.707106781186548));
#10468=DIRECTION('center_axis',(0.,0.,-1.));
#10469=DIRECTION('ref_axis',(-1.,0.,0.));
#10470=DIRECTION('center_axis',(0.,0.,-1.));
#10471=DIRECTION('ref_axis',(-1.,0.,0.));
#10472=DIRECTION('center_axis',(0.,0.,1.));
#10473=DIRECTION('ref_axis',(-1.,0.,0.));
#10474=DIRECTION('',(-0.707106781186547,8.65956056235493E-17,0.707106781186548));
#10475=DIRECTION('center_axis',(0.,0.,-1.));
#10476=DIRECTION('ref_axis',(-1.,0.,0.));
#10477=DIRECTION('center_axis',(0.,0.,-1.));
#10478=DIRECTION('ref_axis',(-1.,0.,0.));
#10479=DIRECTION('center_axis',(0.,0.,1.));
#10480=DIRECTION('ref_axis',(-1.,0.,0.));
#10481=DIRECTION('',(-0.707106781186547,8.65956056235493E-17,0.707106781186548));
#10482=DIRECTION('center_axis',(0.,0.,-1.));
#10483=DIRECTION('ref_axis',(-1.,0.,0.));
#10484=DIRECTION('center_axis',(0.,0.,-1.));
#10485=DIRECTION('ref_axis',(-1.,0.,0.));
#10486=DIRECTION('center_axis',(0.,0.,1.));
#10487=DIRECTION('ref_axis',(-1.,0.,0.));
#10488=DIRECTION('',(-0.707106781186547,8.65956056235493E-17,0.707106781186548));
#10489=DIRECTION('center_axis',(0.,0.,-1.));
#10490=DIRECTION('ref_axis',(-1.,0.,0.));
#10491=DIRECTION('center_axis',(0.,0.,-1.));
#10492=DIRECTION('ref_axis',(-1.,0.,0.));
#10493=DIRECTION('center_axis',(0.,0.,1.));
#10494=DIRECTION('ref_axis',(-1.,0.,0.));
#10495=DIRECTION('',(-0.707106781186547,8.65956056235493E-17,0.707106781186548));
#10496=DIRECTION('center_axis',(0.,0.,-1.));
#10497=DIRECTION('ref_axis',(-1.,0.,0.));
#10498=DIRECTION('center_axis',(0.,0.,-1.));
#10499=DIRECTION('ref_axis',(-1.,0.,0.));
#10500=DIRECTION('center_axis',(0.,0.,1.));
#10501=DIRECTION('ref_axis',(-1.,0.,0.));
#10502=DIRECTION('',(-0.707106781186547,8.65956056235493E-17,0.707106781186548));
#10503=DIRECTION('center_axis',(0.,0.,-1.));
#10504=DIRECTION('ref_axis',(-1.,0.,0.));
#10505=DIRECTION('center_axis',(0.,0.,-1.));
#10506=DIRECTION('ref_axis',(-1.,0.,0.));
#10507=DIRECTION('center_axis',(0.,0.,1.));
#10508=DIRECTION('ref_axis',(-1.,0.,0.));
#10509=DIRECTION('',(-0.707106781186547,8.65956056235493E-17,0.707106781186548));
#10510=DIRECTION('center_axis',(0.,0.,-1.));
#10511=DIRECTION('ref_axis',(-1.,0.,0.));
#10512=DIRECTION('center_axis',(0.,0.,-1.));
#10513=DIRECTION('ref_axis',(-1.,0.,0.));
#10514=DIRECTION('center_axis',(0.,0.,1.));
#10515=DIRECTION('ref_axis',(-1.,0.,0.));
#10516=DIRECTION('',(-0.707106781186547,8.65956056235493E-17,0.707106781186548));
#10517=DIRECTION('center_axis',(0.,0.,-1.));
#10518=DIRECTION('ref_axis',(-1.,0.,0.));
#10519=DIRECTION('center_axis',(0.,0.,-1.));
#10520=DIRECTION('ref_axis',(-1.,0.,0.));
#10521=DIRECTION('center_axis',(0.,0.,1.));
#10522=DIRECTION('ref_axis',(-1.,0.,0.));
#10523=DIRECTION('',(-0.707106781186547,8.65956056235493E-17,0.707106781186548));
#10524=DIRECTION('center_axis',(0.,0.,-1.));
#10525=DIRECTION('ref_axis',(-1.,0.,0.));
#10526=DIRECTION('center_axis',(0.,0.,-1.));
#10527=DIRECTION('ref_axis',(-1.,0.,0.));
#10528=DIRECTION('center_axis',(0.,0.,1.));
#10529=DIRECTION('ref_axis',(-1.,0.,0.));
#10530=DIRECTION('',(-0.707106781186547,8.65956056235493E-17,0.707106781186548));
#10531=DIRECTION('center_axis',(0.,0.,-1.));
#10532=DIRECTION('ref_axis',(-1.,0.,0.));
#10533=DIRECTION('center_axis',(0.,0.,-1.));
#10534=DIRECTION('ref_axis',(-1.,0.,0.));
#10535=DIRECTION('center_axis',(0.,0.,1.));
#10536=DIRECTION('ref_axis',(-1.,0.,0.));
#10537=DIRECTION('',(-0.707106781186547,8.65956056235493E-17,0.707106781186548));
#10538=DIRECTION('center_axis',(0.,0.,-1.));
#10539=DIRECTION('ref_axis',(-1.,0.,0.));
#10540=DIRECTION('center_axis',(0.,0.,-1.));
#10541=DIRECTION('ref_axis',(-1.,0.,0.));
#10542=DIRECTION('center_axis',(0.,0.,1.));
#10543=DIRECTION('ref_axis',(-1.,0.,0.));
#10544=DIRECTION('',(-0.707106781186547,8.65956056235493E-17,0.707106781186548));
#10545=DIRECTION('center_axis',(0.,0.,-1.));
#10546=DIRECTION('ref_axis',(-1.,0.,0.));
#10547=DIRECTION('center_axis',(0.,0.,-1.));
#10548=DIRECTION('ref_axis',(-1.,0.,0.));
#10549=DIRECTION('center_axis',(0.,0.,1.));
#10550=DIRECTION('ref_axis',(-1.,0.,0.));
#10551=DIRECTION('',(-0.707106781186547,8.65956056235493E-17,0.707106781186548));
#10552=DIRECTION('center_axis',(0.,0.,-1.));
#10553=DIRECTION('ref_axis',(-1.,0.,0.));
#10554=DIRECTION('center_axis',(0.,0.,-1.));
#10555=DIRECTION('ref_axis',(-1.,0.,0.));
#10556=DIRECTION('center_axis',(0.,0.,1.));
#10557=DIRECTION('ref_axis',(-1.,0.,0.));
#10558=DIRECTION('',(-0.707106781186547,8.65956056235493E-17,0.707106781186548));
#10559=DIRECTION('center_axis',(0.,0.,-1.));
#10560=DIRECTION('ref_axis',(-1.,0.,0.));
#10561=DIRECTION('center_axis',(0.,0.,-1.));
#10562=DIRECTION('ref_axis',(-1.,0.,0.));
#10563=DIRECTION('center_axis',(0.,0.,1.));
#10564=DIRECTION('ref_axis',(-1.,0.,0.));
#10565=DIRECTION('',(-0.707106781186547,8.65956056235493E-17,0.707106781186548));
#10566=DIRECTION('center_axis',(0.,0.,-1.));
#10567=DIRECTION('ref_axis',(-1.,0.,0.));
#10568=DIRECTION('center_axis',(0.,0.,-1.));
#10569=DIRECTION('ref_axis',(-1.,0.,0.));
#10570=DIRECTION('center_axis',(0.,0.,1.));
#10571=DIRECTION('ref_axis',(-1.,0.,0.));
#10572=DIRECTION('',(-0.707106781186547,8.65956056235493E-17,0.707106781186548));
#10573=DIRECTION('center_axis',(0.,0.,-1.));
#10574=DIRECTION('ref_axis',(-1.,0.,0.));
#10575=DIRECTION('center_axis',(0.,0.,-1.));
#10576=DIRECTION('ref_axis',(-1.,0.,0.));
#10577=DIRECTION('center_axis',(0.,0.,1.));
#10578=DIRECTION('ref_axis',(-1.,0.,0.));
#10579=DIRECTION('',(-0.707106781186547,8.65956056235493E-17,0.707106781186548));
#10580=DIRECTION('center_axis',(0.,0.,-1.));
#10581=DIRECTION('ref_axis',(-1.,0.,0.));
#10582=DIRECTION('center_axis',(6.123233995737E-17,-6.123233995737E-17,
-1.));
#10583=DIRECTION('ref_axis',(1.,-1.224646799147E-16,6.123233995737E-17));
#10584=DIRECTION('',(1.224646799147E-16,1.,-6.123233995737E-17));
#10585=DIRECTION('',(1.,-1.224646799147E-16,6.123233995737E-17));
#10586=DIRECTION('',(1.224646799147E-16,1.,-6.123233995737E-17));
#10587=DIRECTION('',(1.,-1.224646799147E-16,6.123233995737E-17));
#10588=DIRECTION('center_axis',(0.,0.,1.));
#10589=DIRECTION('ref_axis',(1.,0.,0.));
#10590=DIRECTION('center_axis',(0.,0.,-1.));
#10591=DIRECTION('ref_axis',(-0.999999999999711,-7.59943874266889E-7,0.));
#10592=DIRECTION('',(1.,-6.123233995737E-17,6.123233995737E-17));
#10593=DIRECTION('center_axis',(0.,0.,1.));
#10594=DIRECTION('ref_axis',(3.19826106575328E-15,-1.,0.));
#10595=DIRECTION('center_axis',(-6.123233995737E-17,6.123233995737E-17,
1.));
#10596=DIRECTION('ref_axis',(1.,-6.123233995737E-17,6.123233995737E-17));
#10597=DIRECTION('',(-6.123233995737E-17,6.123233995737E-17,1.));
#10598=DIRECTION('',(0.,0.,-1.));
#10599=DIRECTION('center_axis',(0.,1.,0.));
#10600=DIRECTION('ref_axis',(0.,0.,1.));
#10601=DIRECTION('center_axis',(0.,-1.,0.));
#10602=DIRECTION('ref_axis',(-7.59943874266889E-7,0.,-0.999999999999711));
#10603=DIRECTION('',(0.,0.,1.));
#10604=DIRECTION('center_axis',(-5.49069172690072E-14,1.,-5.49069172689958E-14));
#10605=DIRECTION('ref_axis',(-1.,-4.54863796018245E-14,5.33043510958881E-16));
#10606=DIRECTION('',(-1.,0.,0.));
#10607=DIRECTION('center_axis',(6.123233995737E-17,1.,0.));
#10608=DIRECTION('ref_axis',(0.,0.,1.));
#10609=DIRECTION('',(0.,-1.,0.));
#10610=DIRECTION('',(6.123233995737E-17,1.,0.));
#10611=DIRECTION('center_axis',(-1.,1.224646799147E-16,0.));
#10612=DIRECTION('ref_axis',(0.,0.,1.));
#10613=DIRECTION('center_axis',(-1.,0.,0.));
#10614=DIRECTION('ref_axis',(0.,-1.,5.33043510958881E-16));
#10615=DIRECTION('',(1.,0.,0.));
#10616=DIRECTION('center_axis',(-1.,0.,0.));
#10617=DIRECTION('ref_axis',(0.,-1.,5.33043510958881E-16));
#10618=DIRECTION('',(-1.,1.224646799147E-16,0.));
#10619=DIRECTION('center_axis',(-1.,1.88891648254149E-13,-1.8889164825482E-13));
#10620=DIRECTION('ref_axis',(-1.8889164825482E-13,0.,1.));
#10621=DIRECTION('center_axis',(1.,-9.00474410971748E-14,-9.00474410971748E-14));
#10622=DIRECTION('ref_axis',(-7.4597605856934E-14,-7.59943874266889E-7,
-0.999999999999711));
#10623=DIRECTION('',(0.,1.,0.));
#10624=DIRECTION('',(0.,0.,-1.));
#10625=DIRECTION('center_axis',(0.,0.,1.));
#10626=DIRECTION('ref_axis',(1.,0.,0.));
#10627=DIRECTION('',(1.,0.,0.));
#10628=DIRECTION('',(-1.,0.,0.));
#10629=DIRECTION('',(0.,1.,0.));
#10630=DIRECTION('',(1.,0.,0.));
#10631=DIRECTION('center_axis',(0.,0.,1.));
#10632=DIRECTION('ref_axis',(1.,0.,0.));
#10633=DIRECTION('',(0.,-1.,0.));
#10634=DIRECTION('',(1.,0.,0.));
#10635=DIRECTION('',(0.,1.,0.));
#10636=DIRECTION('',(0.,-1.,0.));
#10637=DIRECTION('',(1.,0.,0.));
#10638=DIRECTION('',(0.,1.,0.));
#10639=DIRECTION('center_axis',(0.,0.,1.));
#10640=DIRECTION('ref_axis',(1.,0.,0.));
#10641=DIRECTION('center_axis',(0.,0.,1.));
#10642=DIRECTION('ref_axis',(1.,0.,0.));
#10643=DIRECTION('center_axis',(0.,0.,1.));
#10644=DIRECTION('ref_axis',(1.,0.,0.));
#10645=DIRECTION('center_axis',(0.,0.,1.));
#10646=DIRECTION('ref_axis',(1.,0.,0.));
#10647=DIRECTION('center_axis',(0.,0.,-1.));
#10648=DIRECTION('ref_axis',(1.,0.,0.));
#10649=DIRECTION('center_axis',(0.,0.,1.));
#10650=DIRECTION('ref_axis',(1.,0.,0.));
#10651=DIRECTION('',(0.,0.,-1.));
#10652=DIRECTION('center_axis',(0.,0.,1.));
#10653=DIRECTION('ref_axis',(1.,0.,0.));
#10654=DIRECTION('',(1.,0.,0.));
#10655=DIRECTION('center_axis',(0.,0.,1.));
#10656=DIRECTION('ref_axis',(1.,0.,0.));
#10657=DIRECTION('',(0.,1.,0.));
#10658=DIRECTION('',(1.,0.,0.));
#10659=DIRECTION('',(0.,-1.,0.));
#10660=DIRECTION('',(1.,0.,0.));
#10661=DIRECTION('',(0.,1.,0.));
#10662=DIRECTION('',(1.,0.,0.));
#10663=DIRECTION('',(0.,-1.,0.));
#10664=DIRECTION('center_axis',(0.,0.,1.));
#10665=DIRECTION('ref_axis',(1.,0.,0.));
#10666=DIRECTION('',(1.,0.,0.));
#10667=DIRECTION('',(0.,1.,0.));
#10668=DIRECTION('',(-1.,0.,0.));
#10669=DIRECTION('',(0.,-1.,0.));
#10670=DIRECTION('center_axis',(0.,0.,1.));
#10671=DIRECTION('ref_axis',(1.,0.,0.));
#10672=DIRECTION('center_axis',(0.,0.,1.));
#10673=DIRECTION('ref_axis',(1.,0.,0.));
#10674=DIRECTION('center_axis',(0.,0.,-1.));
#10675=DIRECTION('ref_axis',(1.,0.,0.));
#10676=DIRECTION('',(0.,0.,-1.));
#10677=DIRECTION('center_axis',(-1.836970198721E-16,-1.,0.));
#10678=DIRECTION('ref_axis',(0.,0.,1.));
#10679=DIRECTION('',(0.,-1.,0.));
#10680=DIRECTION('center_axis',(0.,1.,0.));
#10681=DIRECTION('ref_axis',(7.59943453198726E-7,0.,-0.999999999999711));
#10682=DIRECTION('',(1.,0.,0.));
#10683=DIRECTION('',(0.,-1.,0.));
#10684=DIRECTION('center_axis',(-6.123233995737E-17,1.836970198721E-16,
-1.));
#10685=DIRECTION('ref_axis',(-1.,1.836970198721E-16,6.123233995737E-17));
#10686=DIRECTION('',(-6.123233995737E-17,1.836970198721E-16,-1.));
#10687=DIRECTION('center_axis',(0.,0.,1.));
#10688=DIRECTION('ref_axis',(0.999999999999711,-7.59943411528962E-7,0.));
#10689=DIRECTION('',(6.123233995737E-17,-1.124819836996E-32,1.));
#10690=DIRECTION('center_axis',(-1.,1.836970198721E-16,6.123233995737E-17));
#10691=DIRECTION('ref_axis',(-1.836970198721E-16,-1.,0.));
#10692=DIRECTION('',(1.836970198721E-16,1.,0.));
#10693=DIRECTION('center_axis',(-1.,1.836970198721E-16,6.123233995737E-17));
#10694=DIRECTION('ref_axis',(-1.836970198721E-16,-1.,0.));
#10695=DIRECTION('',(-6.123233995737E-17,1.124819836996E-32,-1.));
#10696=DIRECTION('center_axis',(-1.,1.836970198721E-16,6.123233995737E-17));
#10697=DIRECTION('ref_axis',(-1.836970198721E-16,-1.,0.));
#10698=DIRECTION('center_axis',(-1.,1.836970198721E-16,6.123233995737E-17));
#10699=DIRECTION('ref_axis',(-1.836970198721E-16,-1.,0.));
#10700=DIRECTION('center_axis',(-1.,1.836970198721E-16,6.123233995737E-17));
#10701=DIRECTION('ref_axis',(-1.836970198721E-16,-1.,0.));
#10702=DIRECTION('center_axis',(1.,-1.836970198721E-16,-6.123233995737E-17));
#10703=DIRECTION('ref_axis',(-1.836970198721E-16,-1.,0.));
#10704=DIRECTION('',(1.,-1.836970198721E-16,-6.123233995737E-17));
#10705=DIRECTION('center_axis',(-1.,1.836970198721E-16,6.123233995737E-17));
#10706=DIRECTION('ref_axis',(-1.836970198721E-16,-1.,0.));
#10707=DIRECTION('center_axis',(1.,-1.836970198721E-16,-6.123233995737E-17));
#10708=DIRECTION('ref_axis',(1.73191211247096E-16,0.707106781186532,0.707106781186563));
#10709=DIRECTION('',(-1.,1.836970198721E-16,6.123233995737E-17));
#10710=DIRECTION('center_axis',(-1.,1.836970198721E-16,6.123233995737E-17));
#10711=DIRECTION('ref_axis',(-1.836970198721E-16,-1.,0.));
#10712=DIRECTION('',(-1.,1.836970198721E-16,6.123233995737E-17));
#10713=DIRECTION('center_axis',(-1.,0.,0.));
#10714=DIRECTION('ref_axis',(0.,1.,0.));
#10715=DIRECTION('',(0.,0.,1.));
#10716=DIRECTION('center_axis',(0.,1.,0.));
#10717=DIRECTION('ref_axis',(1.,0.,0.));
#10718=DIRECTION('',(0.,0.,1.));
#10719=DIRECTION('',(0.,0.,1.));
#10720=DIRECTION('center_axis',(1.,0.,0.));
#10721=DIRECTION('ref_axis',(0.,-1.,0.));
#10722=DIRECTION('',(0.,0.,1.));
#10723=DIRECTION('',(0.,0.,1.));
#10724=DIRECTION('center_axis',(-1.,0.,0.));
#10725=DIRECTION('ref_axis',(0.,1.,0.));
#10726=DIRECTION('',(0.,0.,1.));
#10727=DIRECTION('',(0.,0.,1.));
#10728=DIRECTION('center_axis',(-1.836970198721E-16,-1.,0.));
#10729=DIRECTION('ref_axis',(-6.123233995737E-17,1.12481983699642E-32,-1.));
#10730=DIRECTION('',(-6.123233995737E-17,1.124819836996E-32,-1.));
#10731=DIRECTION('',(-1.,0.,0.));
#10732=DIRECTION('center_axis',(0.,0.,-1.));
#10733=DIRECTION('ref_axis',(-1.,0.,0.));
#10734=DIRECTION('',(1.224646799147E-16,1.,1.836970198721E-16));
#10735=DIRECTION('center_axis',(0.,0.,-1.));
#10736=DIRECTION('ref_axis',(0.,-1.,0.));
#10737=DIRECTION('',(-1.,1.836970198721E-16,6.123233995737E-17));
#10738=DIRECTION('center_axis',(1.224646799147E-16,1.,6.123233995737E-17));
#10739=DIRECTION('ref_axis',(-1.,1.224646799147E-16,0.));
#10740=DIRECTION('',(7.498798913309E-33,6.123233995737E-17,-1.));
#10741=DIRECTION('center_axis',(1.224646799147E-16,1.,6.123233995737E-17));
#10742=DIRECTION('ref_axis',(-1.,1.224646799147E-16,0.));
#10743=DIRECTION('',(1.,-1.224646799147E-16,0.));
#10744=DIRECTION('center_axis',(1.224646799147E-16,1.,6.123233995737E-17));
#10745=DIRECTION('ref_axis',(-1.,1.224646799147E-16,0.));
#10746=DIRECTION('',(7.498798913309E-33,6.123233995737E-17,-1.));
#10747=DIRECTION('center_axis',(1.224646799147E-16,1.,6.123233995737E-17));
#10748=DIRECTION('ref_axis',(-1.,1.224646799147E-16,0.));
#10749=DIRECTION('',(1.,-1.224646799147E-16,0.));
#10750=DIRECTION('center_axis',(1.224646799147E-16,1.,6.123233995737E-17));
#10751=DIRECTION('ref_axis',(-1.,1.224646799147E-16,0.));
#10752=DIRECTION('',(-7.498798913309E-33,-6.123233995737E-17,1.));
#10753=DIRECTION('center_axis',(1.224646799147E-16,1.,6.123233995737E-17));
#10754=DIRECTION('ref_axis',(-1.,1.224646799147E-16,0.));
#10755=DIRECTION('',(1.,-1.224646799147E-16,0.));
#10756=DIRECTION('center_axis',(1.224646799147E-16,1.,6.123233995737E-17));
#10757=DIRECTION('ref_axis',(-1.,1.224646799147E-16,0.));
#10758=DIRECTION('',(-7.498798913309E-33,-6.123233995737E-17,1.));
#10759=DIRECTION('center_axis',(1.224646799147E-16,1.,6.123233995737E-17));
#10760=DIRECTION('ref_axis',(-1.,1.224646799147E-16,0.));
#10761=DIRECTION('center_axis',(-1.224646799147E-16,-1.,-6.123233995737E-17));
#10762=DIRECTION('ref_axis',(-1.,1.224646799147E-16,0.));
#10763=DIRECTION('',(1.224646799147E-16,1.,6.123233995737E-17));
#10764=DIRECTION('',(1.224646799147E-16,1.,6.123233995737E-17));
#10765=DIRECTION('center_axis',(1.224646799147E-16,1.,6.123233995737E-17));
#10766=DIRECTION('ref_axis',(-1.,1.224646799147E-16,0.));
#10767=DIRECTION('center_axis',(-1.224646799147E-16,-1.,-6.123233995737E-17));
#10768=DIRECTION('ref_axis',(0.707106781193615,-4.32978028130463E-17,-0.70710678117948));
#10769=DIRECTION('',(1.224646799147E-16,1.,6.123233995737E-17));
#10770=DIRECTION('center_axis',(1.224646799147E-16,1.,6.123233995737E-17));
#10771=DIRECTION('ref_axis',(-1.,1.224646799147E-16,0.));
#10772=DIRECTION('',(1.224646799147E-16,1.,6.123233995737E-17));
#10773=DIRECTION('center_axis',(-1.,1.224646799147E-16,0.));
#10774=DIRECTION('ref_axis',(7.49879891330741E-33,6.123233995737E-17,-1.));
#10775=DIRECTION('',(1.224646799147E-16,1.,6.123233995737E-17));
#10776=DIRECTION('',(1.224646799147E-16,1.,6.123233995737E-17));
#10777=DIRECTION('',(7.498798913309E-33,6.123233995737E-17,-1.));
#10778=DIRECTION('center_axis',(7.498798913309E-33,6.123233995737E-17,-1.));
#10779=DIRECTION('ref_axis',(1.,-1.224646799147E-16,1.58877687214952E-45));
#10780=DIRECTION('',(1.224646799147E-16,1.,6.123233995737E-17));
#10781=DIRECTION('',(1.224646799147E-16,1.,6.123233995737E-17));
#10782=DIRECTION('',(1.,-1.224646799147E-16,0.));
#10783=DIRECTION('center_axis',(-1.224646799147E-16,-1.,-6.123233995737E-17));
#10784=DIRECTION('ref_axis',(-1.,1.224646799147E-16,0.));
#10785=DIRECTION('center_axis',(1.224646799147E-16,1.,6.123233995737E-17));
#10786=DIRECTION('ref_axis',(-1.,1.224646799147E-16,0.));
#10787=DIRECTION('',(-1.224646799147E-16,-1.,-6.123233995737E-17));
#10788=DIRECTION('center_axis',(0.,0.,-1.));
#10789=DIRECTION('ref_axis',(1.,0.,0.));
#10790=DIRECTION('',(0.,0.,1.));
#10791=DIRECTION('center_axis',(0.,-1.,0.));
#10792=DIRECTION('ref_axis',(0.,0.,-1.));
#10793=DIRECTION('center_axis',(0.,-1.,0.));
#10794=DIRECTION('ref_axis',(1.,0.,-2.75405813995413E-14));
#10795=DIRECTION('',(0.,0.,1.));
#10796=DIRECTION('center_axis',(0.,0.,-1.));
#10797=DIRECTION('ref_axis',(-0.707106781178035,-0.70710678119506,0.));
#10798=DIRECTION('',(0.,0.,1.));
#10799=DIRECTION('',(0.,1.,0.));
#10800=DIRECTION('',(1.,-6.123233995737E-17,6.123233995737E-17));
#10801=DIRECTION('',(0.,0.,1.));
#10802=DIRECTION('center_axis',(-1.224646799147E-16,-1.,-6.123233995737E-17));
#10803=DIRECTION('ref_axis',(0.707106781193615,-1.29893408435733E-16,0.70710678117948));
#10804=DIRECTION('',(1.224646799147E-16,1.,6.123233995737E-17));
#10805=DIRECTION('center_axis',(1.224646799147E-16,1.,6.123233995737E-17));
#10806=DIRECTION('ref_axis',(-1.,1.224646799147E-16,0.));
#10807=DIRECTION('center_axis',(0.0659541626178397,-1.91374103277786E-16,
0.997822653798449));
#10808=DIRECTION('ref_axis',(-0.997822653798449,1.1008244878805E-16,0.0659541626178397));
#10809=DIRECTION('',(-0.997822653798449,1.1008244878805E-16,0.0659541626178397));
#10810=DIRECTION('',(1.224646799147E-16,1.,1.836970198721E-16));
#10811=DIRECTION('',(-0.997822653798449,1.1008244878805E-16,0.0659541626178397));
#10812=DIRECTION('center_axis',(-1.224646799147E-16,-1.,-1.836970198721E-16));
#10813=DIRECTION('ref_axis',(-6.123233995737E-17,1.836970198721E-16,-1.));
#10814=DIRECTION('center_axis',(1.224646799147E-16,1.,1.836970198721E-16));
#10815=DIRECTION('ref_axis',(-6.123233995737E-17,1.836970198721E-16,-1.));
#10816=DIRECTION('',(1.224646799147E-16,1.,1.836970198721E-16));
#10817=DIRECTION('center_axis',(1.224646799147E-16,1.,1.836970198721E-16));
#10818=DIRECTION('ref_axis',(-6.123233995737E-17,1.836970198721E-16,-1.));
#10819=DIRECTION('center_axis',(1.,-6.123233995737E-17,6.123233995737E-17));
#10820=DIRECTION('ref_axis',(6.123233995737E-17,1.,0.));
#10821=DIRECTION('',(6.123233995737E-17,-3.749399456655E-33,-1.));
#10822=DIRECTION('',(-6.123233995737E-17,-1.,0.));
#10823=DIRECTION('center_axis',(1.,-6.123233995737E-17,6.123233995737E-17));
#10824=DIRECTION('ref_axis',(6.123233995737E-17,1.,0.));
#10825=DIRECTION('',(-6.123233995737E-17,3.749399456655E-33,1.));
#10826=DIRECTION('center_axis',(1.,-6.123233995737E-17,6.123233995737E-17));
#10827=DIRECTION('ref_axis',(6.123233995737E-17,1.,0.));
#10828=DIRECTION('center_axis',(1.,-6.123233995737E-17,6.123233995737E-17));
#10829=DIRECTION('ref_axis',(6.123233995737E-17,1.,0.));
#10830=DIRECTION('center_axis',(1.,-6.123233995737E-17,6.123233995737E-17));
#10831=DIRECTION('ref_axis',(6.123233995737E-17,1.,0.));
#10832=DIRECTION('center_axis',(-1.,6.123233995737E-17,-6.123233995737E-17));
#10833=DIRECTION('ref_axis',(6.123233995737E-17,1.,0.));
#10834=DIRECTION('',(1.,-6.123233995737E-17,6.123233995737E-17));
#10835=DIRECTION('',(1.,-6.123233995737E-17,6.123233995737E-17));
#10836=DIRECTION('center_axis',(1.,-6.123233995737E-17,6.123233995737E-17));
#10837=DIRECTION('ref_axis',(6.123233995737E-17,1.,0.));
#10838=DIRECTION('center_axis',(-1.,6.123233995737E-17,-6.123233995737E-17));
#10839=DIRECTION('ref_axis',(6.123233995737E-17,1.,0.));
#10840=DIRECTION('center_axis',(1.,-6.123233995737E-17,6.123233995737E-17));
#10841=DIRECTION('ref_axis',(6.123233995737E-17,1.,0.));
#10842=DIRECTION('',(-1.,6.123233995737E-17,-6.123233995737E-17));
#10843=DIRECTION('center_axis',(1.,-1.836970198721E-16,-6.123233995737E-17));
#10844=DIRECTION('ref_axis',(-1.836970198721E-16,-1.,0.));
#10845=DIRECTION('',(1.,-1.836970198721E-16,-6.123233995737E-17));
#10846=DIRECTION('center_axis',(-1.,1.836970198721E-16,6.123233995737E-17));
#10847=DIRECTION('ref_axis',(-1.836970198721E-16,-1.,0.));
#10848=DIRECTION('center_axis',(0.,-1.,0.));
#10849=DIRECTION('ref_axis',(-1.,0.,0.));
#10850=DIRECTION('center_axis',(6.123233995737E-17,-3.749399456655E-33,
-1.));
#10851=DIRECTION('ref_axis',(-6.123233995737E-17,-1.,6.91070043441438E-47));
#10852=DIRECTION('',(-6.123233995737E-17,-1.,0.));
#10853=DIRECTION('center_axis',(-1.,1.77085920244683E-14,-1.77085920245312E-14));
#10854=DIRECTION('ref_axis',(-1.77085920245312E-14,0.,1.));
#10855=DIRECTION('center_axis',(1.,-2.81398253428671E-15,-2.81398253428671E-15));
#10856=DIRECTION('ref_axis',(-2.33117518302919E-15,-7.59943874266889E-7,
-0.999999999999711));
#10857=DIRECTION('',(0.,-1.,0.));
#10858=DIRECTION('center_axis',(-1.,6.123233995737E-17,-6.123233995737E-17));
#10859=DIRECTION('ref_axis',(6.123233995737E-17,1.,0.));
#10860=DIRECTION('center_axis',(1.,-6.123233995737E-17,6.123233995737E-17));
#10861=DIRECTION('ref_axis',(6.123233995737E-17,1.,0.));
#10862=DIRECTION('',(-1.,6.123233995737E-17,-6.123233995737E-17));
#10863=DIRECTION('center_axis',(1.,-1.224646799147E-16,0.));
#10864=DIRECTION('ref_axis',(-7.49879891330741E-33,-6.123233995737E-17,
1.));
#10865=DIRECTION('',(-7.498798913309E-33,-6.123233995737E-17,1.));
#10866=DIRECTION('center_axis',(0.,0.,-1.));
#10867=DIRECTION('ref_axis',(1.,0.,0.));
#10868=DIRECTION('',(0.,0.,-1.));
#10869=DIRECTION('center_axis',(-6.123233995737E-17,-1.,0.));
#10870=DIRECTION('ref_axis',(-6.123233995737E-17,3.74939945665493E-33,1.));
#10871=DIRECTION('',(-6.123233995737E-17,3.749399456655E-33,1.));
#10872=DIRECTION('center_axis',(-1.224646799147E-16,-1.,-6.123233995737E-17));
#10873=DIRECTION('ref_axis',(-1.,1.224646799147E-16,0.));
#10874=DIRECTION('center_axis',(1.224646799147E-16,1.,6.123233995737E-17));
#10875=DIRECTION('ref_axis',(-1.,1.224646799147E-16,0.));
#10876=DIRECTION('center_axis',(-1.224646799147E-16,-1.,-6.123233995737E-17));
#10877=DIRECTION('ref_axis',(0.707106781186544,-1.298934084353E-16,0.707106781186551));
#10878=DIRECTION('',(1.224646799147E-16,1.,6.123233995737E-17));
#10879=DIRECTION('center_axis',(1.224646799147E-16,1.,6.123233995737E-17));
#10880=DIRECTION('ref_axis',(-1.,1.224646799147E-16,0.));
#10881=DIRECTION('center_axis',(1.224646799147E-16,1.,1.836970198721E-16));
#10882=DIRECTION('ref_axis',(-6.123233995737E-17,1.836970198721E-16,-1.));
#10883=DIRECTION('',(6.123233995737E-17,-1.836970198721E-16,1.));
#10884=DIRECTION('center_axis',(1.224646799147E-16,1.,1.836970198721E-16));
#10885=DIRECTION('ref_axis',(-6.123233995737E-17,1.836970198721E-16,-1.));
#10886=DIRECTION('',(1.,-1.224646799147E-16,-6.123233995737E-17));
#10887=DIRECTION('center_axis',(1.224646799147E-16,1.,1.836970198721E-16));
#10888=DIRECTION('ref_axis',(-6.123233995737E-17,1.836970198721E-16,-1.));
#10889=DIRECTION('center_axis',(1.224646799147E-16,1.,1.836970198721E-16));
#10890=DIRECTION('ref_axis',(-6.123233995737E-17,1.836970198721E-16,-1.));
#10891=DIRECTION('center_axis',(-1.224646799147E-16,-1.,-1.836970198721E-16));
#10892=DIRECTION('ref_axis',(-0.707106781186553,-4.3297802811796E-17,0.707106781186542));
#10893=DIRECTION('',(1.224646799147E-16,1.,1.836970198721E-16));
#10894=DIRECTION('center_axis',(1.224646799147E-16,1.,1.836970198721E-16));
#10895=DIRECTION('ref_axis',(-6.123233995737E-17,1.836970198721E-16,-1.));
#10896=DIRECTION('',(1.224646799147E-16,1.,1.836970198721E-16));
#10897=DIRECTION('center_axis',(-1.224646799147E-16,-1.,-1.836970198721E-16));
#10898=DIRECTION('ref_axis',(-6.123233995737E-17,1.836970198721E-16,-1.));
#10899=DIRECTION('',(-1.224646799147E-16,-1.,-1.836970198721E-16));
#10900=DIRECTION('center_axis',(1.224646799147E-16,1.,1.836970198721E-16));
#10901=DIRECTION('ref_axis',(-6.123233995737E-17,1.836970198721E-16,-1.));
#10902=DIRECTION('center_axis',(-1.,1.836970198721E-16,6.123233995737E-17));
#10903=DIRECTION('ref_axis',(-1.836970198721E-16,-1.,0.));
#10904=DIRECTION('',(0.,-1.,0.));
#10905=DIRECTION('',(1.836970198721E-16,1.,0.));
#10906=DIRECTION('',(6.123233995737E-17,-1.124819836996E-32,1.));
#10907=DIRECTION('center_axis',(-1.,1.836970198721E-16,6.123233995737E-17));
#10908=DIRECTION('ref_axis',(-1.836970198721E-16,-1.,0.));
#10909=DIRECTION('center_axis',(1.,-1.224646799147E-16,0.));
#10910=DIRECTION('ref_axis',(-7.49879891330741E-33,-6.123233995737E-17,
1.));
#10911=DIRECTION('',(1.224646799147E-16,1.,6.123233995737E-17));
#10912=DIRECTION('',(-7.498798913309E-33,-6.123233995737E-17,1.));
#10913=DIRECTION('center_axis',(-0.0659541626178397,6.91760713686111E-17,
0.997822653798449));
#10914=DIRECTION('ref_axis',(-0.997822653798449,1.18159504202153E-16,-0.0659541626178397));
#10915=DIRECTION('',(1.224646799147E-16,1.,-6.123233995737E-17));
#10916=DIRECTION('',(-0.997822653798449,1.18159504202153E-16,-0.0659541626178397));
#10917=DIRECTION('',(-0.997822653798449,1.18159504202153E-16,-0.0659541626178397));
#10918=DIRECTION('center_axis',(-1.224646799147E-16,-1.,-1.836970198721E-16));
#10919=DIRECTION('ref_axis',(-6.123233995737E-17,1.836970198721E-16,-1.));
#10920=DIRECTION('',(-1.224646799147E-16,-1.,-1.836970198721E-16));
#10921=DIRECTION('center_axis',(1.224646799147E-16,1.,1.836970198721E-16));
#10922=DIRECTION('ref_axis',(-6.123233995737E-17,1.836970198721E-16,-1.));
#10923=DIRECTION('center_axis',(1.224646799147E-16,1.,1.836970198721E-16));
#10924=DIRECTION('ref_axis',(-6.123233995737E-17,1.836970198721E-16,-1.));
#10925=DIRECTION('',(-6.123233995737E-17,1.836970198721E-16,-1.));
#10926=DIRECTION('',(1.,-1.224646799147E-16,-6.123233995737E-17));
#10927=DIRECTION('',(6.123233995737E-17,-1.836970198721E-16,1.));
#10928=DIRECTION('center_axis',(1.,-6.123233995737E-17,6.123233995737E-17));
#10929=DIRECTION('ref_axis',(6.123233995737E-17,1.,0.));
#10930=DIRECTION('',(6.123233995737E-17,1.,0.));
#10931=DIRECTION('center_axis',(1.,-6.123233995737E-17,6.123233995737E-17));
#10932=DIRECTION('ref_axis',(6.123233995737E-17,1.,0.));
#10933=DIRECTION('center_axis',(1.,0.,0.));
#10934=DIRECTION('ref_axis',(0.,-1.,0.));
#10935=DIRECTION('',(0.,0.,1.));
#10936=DIRECTION('center_axis',(-1.224646799147E-16,-1.,6.123233995737E-17));
#10937=DIRECTION('ref_axis',(-6.123233995737E-17,6.123233995737E-17,1.));
#10938=DIRECTION('center_axis',(1.224646799147E-16,1.,-6.123233995737E-17));
#10939=DIRECTION('ref_axis',(-6.123233995737E-17,6.123233995737E-17,1.));
#10940=DIRECTION('',(1.224646799147E-16,1.,-6.123233995737E-17));
#10941=DIRECTION('center_axis',(1.224646799147E-16,1.,-6.123233995737E-17));
#10942=DIRECTION('ref_axis',(-6.123233995737E-17,6.123233995737E-17,1.));
#10943=DIRECTION('center_axis',(-1.,1.224646799147E-16,-6.123233995737E-17));
#10944=DIRECTION('ref_axis',(6.123233995737E-17,-6.123233995737E-17,-1.));
#10945=DIRECTION('',(6.123233995737E-17,-6.123233995737E-17,-1.));
#10946=DIRECTION('',(1.224646799147E-16,1.,-6.123233995737E-17));
#10947=DIRECTION('',(6.123233995737E-17,-6.123233995737E-17,-1.));
#10948=DIRECTION('center_axis',(1.,-1.224646799147E-16,-6.123233995737E-17));
#10949=DIRECTION('ref_axis',(6.123233995737E-17,-1.836970198721E-16,1.));
#10950=DIRECTION('center_axis',(-1.,6.123233995737E-17,-6.123233995737E-17));
#10951=DIRECTION('ref_axis',(6.123233995737E-17,1.,0.));
#10952=DIRECTION('',(-1.,6.123233995737E-17,-6.123233995737E-17));
#10953=DIRECTION('center_axis',(-1.224646799147E-16,-1.,-6.123233995737E-17));
#10954=DIRECTION('ref_axis',(-1.,1.224646799147E-16,0.));
#10955=DIRECTION('',(1.224646799147E-16,1.,6.123233995737E-17));
#10956=DIRECTION('center_axis',(1.224646799147E-16,1.,6.123233995737E-17));
#10957=DIRECTION('ref_axis',(-1.,1.224646799147E-16,0.));
#10958=DIRECTION('center_axis',(7.498798913309E-33,6.123233995737E-17,-1.));
#10959=DIRECTION('ref_axis',(1.,-1.224646799147E-16,1.58877687214952E-45));
#10960=DIRECTION('',(1.,-1.224646799147E-16,0.));
#10961=DIRECTION('center_axis',(1.224646799147E-16,1.,6.123233995737E-17));
#10962=DIRECTION('ref_axis',(-1.,1.224646799147E-16,0.));
#10963=DIRECTION('',(-1.,1.224646799147E-16,0.));
#10964=DIRECTION('',(1.,-1.224646799147E-16,0.));
#10965=DIRECTION('',(7.498798913309E-33,6.123233995737E-17,-1.));
#10966=DIRECTION('center_axis',(-6.123233995737E-17,1.124819836996E-32,
-1.));
#10967=DIRECTION('ref_axis',(1.836970198721E-16,1.,-4.18063164893781E-45));
#10968=DIRECTION('center_axis',(0.,1.,0.));
#10969=DIRECTION('ref_axis',(1.,0.,0.));
#10970=DIRECTION('center_axis',(-6.123233995737E-17,6.123233995737E-17,
1.));
#10971=DIRECTION('ref_axis',(1.,-6.123233995737E-17,6.123233995737E-17));
#10972=DIRECTION('',(-6.123233995737E-17,6.123233995737E-17,1.));
#10973=DIRECTION('center_axis',(-6.123233995737E-17,1.836970198721E-16,
-1.));
#10974=DIRECTION('ref_axis',(1.,-1.224646799147E-16,-6.123233995737E-17));
#10975=DIRECTION('center_axis',(1.,-1.836970198721E-16,-6.123233995737E-17));
#10976=DIRECTION('ref_axis',(-1.836970198721E-16,-1.,0.));
#10977=DIRECTION('',(1.,-1.836970198721E-16,-6.123233995737E-17));
#10978=DIRECTION('center_axis',(6.123233995737E-17,1.,0.));
#10979=DIRECTION('ref_axis',(0.,0.,1.));
#10980=DIRECTION('center_axis',(-1.,1.224646799147E-16,0.));
#10981=DIRECTION('ref_axis',(0.,0.,1.));
#10982=DIRECTION('center_axis',(-1.836970198721E-16,-1.,0.));
#10983=DIRECTION('ref_axis',(0.,0.,1.));
#10984=DIRECTION('center_axis',(1.224646799147E-16,1.,-6.123233995737E-17));
#10985=DIRECTION('ref_axis',(-6.123233995737E-17,6.123233995737E-17,1.));
#10986=DIRECTION('center_axis',(1.224646799147E-16,1.,-6.123233995737E-17));
#10987=DIRECTION('ref_axis',(-6.123233995737E-17,6.123233995737E-17,1.));
#10988=DIRECTION('center_axis',(1.224646799147E-16,1.,-6.123233995737E-17));
#10989=DIRECTION('ref_axis',(-6.123233995737E-17,6.123233995737E-17,1.));
#10990=DIRECTION('center_axis',(1.224646799147E-16,1.,-6.123233995737E-17));
#10991=DIRECTION('ref_axis',(-6.123233995737E-17,6.123233995737E-17,1.));
#10992=DIRECTION('center_axis',(-1.224646799147E-16,-1.,6.123233995737E-17));
#10993=DIRECTION('ref_axis',(-6.123233995737E-17,6.123233995737E-17,1.));
#10994=DIRECTION('center_axis',(1.224646799147E-16,1.,-6.123233995737E-17));
#10995=DIRECTION('ref_axis',(-6.123233995737E-17,6.123233995737E-17,1.));
#10996=DIRECTION('',(-1.224646799147E-16,-1.,6.123233995737E-17));
#10997=DIRECTION('center_axis',(-1.224646799147E-16,-1.,6.123233995737E-17));
#10998=DIRECTION('ref_axis',(-6.123233995737E-17,6.123233995737E-17,1.));
#10999=DIRECTION('center_axis',(1.224646799147E-16,1.,-6.123233995737E-17));
#11000=DIRECTION('ref_axis',(-6.123233995737E-17,6.123233995737E-17,1.));
#11001=DIRECTION('',(-1.224646799147E-16,-1.,6.123233995737E-17));
#11002=DIRECTION('center_axis',(-1.224646799147E-16,-1.,6.123233995737E-17));
#11003=DIRECTION('ref_axis',(0.707106781186547,-1.29893408435301E-16,-0.707106781186548));
#11004=DIRECTION('center_axis',(1.224646799147E-16,1.,-6.123233995737E-17));
#11005=DIRECTION('ref_axis',(-6.123233995737E-17,6.123233995737E-17,1.));
#11006=DIRECTION('center_axis',(-1.,1.224646799147E-16,0.));
#11007=DIRECTION('ref_axis',(7.49879891330741E-33,6.123233995737E-17,-1.));
#11008=DIRECTION('center_axis',(7.498798913309E-33,6.123233995737E-17,-1.));
#11009=DIRECTION('ref_axis',(1.,-1.224646799147E-16,1.58877687214952E-45));
#11010=DIRECTION('center_axis',(1.224646799147E-16,1.,-6.123233995737E-17));
#11011=DIRECTION('ref_axis',(-6.123233995737E-17,6.123233995737E-17,1.));
#11012=DIRECTION('center_axis',(0.,1.,0.));
#11013=DIRECTION('ref_axis',(1.,0.,0.));
#11014=DIRECTION('center_axis',(0.,1.,0.));
#11015=DIRECTION('ref_axis',(1.,0.,0.));
#11016=DIRECTION('center_axis',(-6.123233995737E-17,1.836970198721E-16,
-1.));
#11017=DIRECTION('ref_axis',(-1.,1.836970198721E-16,6.12323399573701E-17));
#11018=DIRECTION('center_axis',(0.,0.,1.));
#11019=DIRECTION('ref_axis',(1.,-4.03717463500057E-16,0.));
#11020=DIRECTION('center_axis',(0.,0.,1.));
#11021=DIRECTION('ref_axis',(1.,-4.03717463500057E-16,0.));
#11022=DIRECTION('center_axis',(0.,0.,1.));
#11023=DIRECTION('ref_axis',(1.,-4.03717463500057E-16,0.));
#11024=DIRECTION('center_axis',(0.,0.,1.));
#11025=DIRECTION('ref_axis',(1.,-4.03717463500057E-16,0.));
#11026=DIRECTION('center_axis',(0.,0.,1.));
#11027=DIRECTION('ref_axis',(-1.83697019872103E-16,1.,0.));
#11028=DIRECTION('center_axis',(0.,0.,1.));
#11029=DIRECTION('ref_axis',(-1.83697019872103E-16,1.,0.));
#11030=DIRECTION('center_axis',(0.,0.,1.));
#11031=DIRECTION('ref_axis',(-1.83697019872103E-16,1.,0.));
#11032=DIRECTION('center_axis',(0.,0.,1.));
#11033=DIRECTION('ref_axis',(-1.83697019872103E-16,1.,0.));
#11034=DIRECTION('center_axis',(0.,0.,1.));
#11035=DIRECTION('ref_axis',(-1.83697019872103E-16,1.,0.));
#11036=DIRECTION('center_axis',(0.,0.,1.));
#11037=DIRECTION('ref_axis',(-1.83697019872103E-16,1.,0.));
#11038=DIRECTION('center_axis',(0.,0.,1.));
#11039=DIRECTION('ref_axis',(-1.83697019872103E-16,1.,0.));
#11040=DIRECTION('center_axis',(0.,0.,1.));
#11041=DIRECTION('ref_axis',(-1.83697019872103E-16,1.,0.));
#11042=DIRECTION('center_axis',(0.,0.,1.));
#11043=DIRECTION('ref_axis',(-1.83697019872103E-16,1.,0.));
#11044=DIRECTION('center_axis',(0.,0.,1.));
#11045=DIRECTION('ref_axis',(1.,-4.03717463500057E-16,0.));
#11046=DIRECTION('center_axis',(0.,0.,1.));
#11047=DIRECTION('ref_axis',(1.,-4.03717463500057E-16,0.));
#11048=DIRECTION('center_axis',(0.,0.,1.));
#11049=DIRECTION('ref_axis',(1.,-4.03717463500057E-16,0.));
#11050=DIRECTION('center_axis',(0.,0.,1.));
#11051=DIRECTION('ref_axis',(1.,-4.03717463500057E-16,0.));
#11052=DIRECTION('center_axis',(0.,0.,1.));
#11053=DIRECTION('ref_axis',(1.,-4.03717463496825E-16,0.));
#11054=DIRECTION('center_axis',(0.,0.,1.));
#11055=DIRECTION('ref_axis',(1.,-4.03717463496825E-16,0.));
#11056=DIRECTION('center_axis',(0.,0.,1.));
#11057=DIRECTION('ref_axis',(1.,-4.03717463496825E-16,0.));
#11058=DIRECTION('center_axis',(0.,0.,1.));
#11059=DIRECTION('ref_axis',(1.,-4.03717463496825E-16,0.));
#11060=DIRECTION('center_axis',(0.,0.,1.));
#11061=DIRECTION('ref_axis',(1.,-4.03717463496825E-16,0.));
#11062=DIRECTION('center_axis',(0.,0.,1.));
#11063=DIRECTION('ref_axis',(1.,-4.03717463496825E-16,0.));
#11064=DIRECTION('center_axis',(0.,0.,1.));
#11065=DIRECTION('ref_axis',(1.,-4.03717463496825E-16,0.));
#11066=DIRECTION('center_axis',(0.,0.,1.));
#11067=DIRECTION('ref_axis',(1.,-4.03717463496825E-16,0.));
#11068=DIRECTION('center_axis',(0.,0.,1.));
#11069=DIRECTION('ref_axis',(1.,-4.03717463496825E-16,0.));
#11070=DIRECTION('center_axis',(0.,0.,1.));
#11071=DIRECTION('ref_axis',(1.,-4.03717463496825E-16,0.));
#11072=DIRECTION('center_axis',(0.,0.,1.));
#11073=DIRECTION('ref_axis',(1.,-4.03717463496825E-16,0.));
#11074=DIRECTION('center_axis',(0.,0.,1.));
#11075=DIRECTION('ref_axis',(1.,-4.03717463496825E-16,0.));
#11076=DIRECTION('center_axis',(0.,0.,1.));
#11077=DIRECTION('ref_axis',(1.,-4.03717463503288E-16,0.));
#11078=DIRECTION('center_axis',(0.,0.,1.));
#11079=DIRECTION('ref_axis',(1.,-4.03717463503288E-16,0.));
#11080=DIRECTION('center_axis',(0.,0.,1.));
#11081=DIRECTION('ref_axis',(1.,-4.03717463503288E-16,0.));
#11082=DIRECTION('center_axis',(0.,0.,1.));
#11083=DIRECTION('ref_axis',(1.,-4.03717463503288E-16,0.));
#11084=DIRECTION('center_axis',(0.,0.,1.));
#11085=DIRECTION('ref_axis',(1.,-4.03717463495209E-16,0.));
#11086=DIRECTION('center_axis',(0.,0.,1.));
#11087=DIRECTION('ref_axis',(1.,-4.03717463495209E-16,0.));
#11088=DIRECTION('center_axis',(0.,0.,1.));
#11089=DIRECTION('ref_axis',(1.,-4.03717463495209E-16,0.));
#11090=DIRECTION('center_axis',(0.,0.,1.));
#11091=DIRECTION('ref_axis',(1.,-4.03717463495209E-16,0.));
#11092=DIRECTION('center_axis',(0.,0.,1.));
#11093=DIRECTION('ref_axis',(1.,-4.03717463495209E-16,0.));
#11094=DIRECTION('center_axis',(0.,0.,1.));
#11095=DIRECTION('ref_axis',(1.,-4.03717463495209E-16,0.));
#11096=DIRECTION('center_axis',(0.,0.,1.));
#11097=DIRECTION('ref_axis',(1.,-4.03717463495209E-16,0.));
#11098=DIRECTION('center_axis',(0.,0.,1.));
#11099=DIRECTION('ref_axis',(1.,-4.03717463495209E-16,0.));
#11100=DIRECTION('center_axis',(0.,0.,1.));
#11101=DIRECTION('ref_axis',(1.,-4.03717463495209E-16,0.));
#11102=DIRECTION('center_axis',(0.,0.,1.));
#11103=DIRECTION('ref_axis',(1.,-4.03717463495209E-16,0.));
#11104=DIRECTION('center_axis',(0.,0.,1.));
#11105=DIRECTION('ref_axis',(1.,-4.03717463495209E-16,0.));
#11106=DIRECTION('center_axis',(0.,0.,1.));
#11107=DIRECTION('ref_axis',(1.,-4.03717463495209E-16,0.));
#11108=DIRECTION('center_axis',(0.,0.,1.));
#11109=DIRECTION('ref_axis',(1.,-4.03717463495209E-16,0.));
#11110=DIRECTION('center_axis',(0.,0.,1.));
#11111=DIRECTION('ref_axis',(1.,-4.03717463495209E-16,0.));
#11112=DIRECTION('center_axis',(0.,0.,1.));
#11113=DIRECTION('ref_axis',(1.,-4.03717463495209E-16,0.));
#11114=DIRECTION('center_axis',(0.,0.,1.));
#11115=DIRECTION('ref_axis',(1.,-4.03717463495209E-16,0.));
#11116=DIRECTION('center_axis',(0.,0.,1.));
#11117=DIRECTION('ref_axis',(1.,-4.03717463500057E-16,0.));
#11118=DIRECTION('center_axis',(0.,0.,1.));
#11119=DIRECTION('ref_axis',(1.,-4.03717463500057E-16,0.));
#11120=DIRECTION('center_axis',(0.,0.,1.));
#11121=DIRECTION('ref_axis',(1.,-4.03717463500057E-16,0.));
#11122=DIRECTION('center_axis',(0.,0.,1.));
#11123=DIRECTION('ref_axis',(1.,-4.03717463500057E-16,0.));
#11124=DIRECTION('center_axis',(0.,0.,1.));
#11125=DIRECTION('ref_axis',(1.,-4.0371746349521E-16,0.));
#11126=DIRECTION('center_axis',(0.,0.,1.));
#11127=DIRECTION('ref_axis',(1.,-4.0371746349521E-16,0.));
#11128=DIRECTION('center_axis',(0.,0.,1.));
#11129=DIRECTION('ref_axis',(1.,-4.0371746349521E-16,0.));
#11130=DIRECTION('center_axis',(0.,0.,1.));
#11131=DIRECTION('ref_axis',(1.,-4.0371746349521E-16,0.));
#11132=DIRECTION('center_axis',(0.,0.,1.));
#11133=DIRECTION('ref_axis',(1.,-4.03717463500057E-16,0.));
#11134=DIRECTION('center_axis',(0.,0.,1.));
#11135=DIRECTION('ref_axis',(1.,-4.03717463500057E-16,0.));
#11136=DIRECTION('center_axis',(0.,0.,1.));
#11137=DIRECTION('ref_axis',(1.,-4.03717463500057E-16,0.));
#11138=DIRECTION('center_axis',(0.,0.,1.));
#11139=DIRECTION('ref_axis',(1.,-4.03717463500057E-16,0.));
#11140=DIRECTION('center_axis',(0.,0.,1.));
#11141=DIRECTION('ref_axis',(1.,-4.0371746349521E-16,0.));
#11142=DIRECTION('center_axis',(0.,0.,1.));
#11143=DIRECTION('ref_axis',(1.,-4.0371746349521E-16,0.));
#11144=DIRECTION('center_axis',(0.,0.,1.));
#11145=DIRECTION('ref_axis',(1.,-4.0371746349521E-16,0.));
#11146=DIRECTION('center_axis',(0.,0.,1.));
#11147=DIRECTION('ref_axis',(1.,-4.0371746349521E-16,0.));
#11148=DIRECTION('center_axis',(0.,0.,1.));
#11149=DIRECTION('ref_axis',(1.,-4.03717463500057E-16,0.));
#11150=DIRECTION('center_axis',(0.,0.,1.));
#11151=DIRECTION('ref_axis',(1.,-4.03717463500057E-16,0.));
#11152=DIRECTION('center_axis',(0.,0.,1.));
#11153=DIRECTION('ref_axis',(1.,-4.03717463500057E-16,0.));
#11154=DIRECTION('center_axis',(0.,0.,1.));
#11155=DIRECTION('ref_axis',(1.,-4.03717463500057E-16,0.));
#11156=DIRECTION('center_axis',(0.,0.,1.));
#11157=DIRECTION('ref_axis',(1.,-4.0371746349521E-16,0.));
#11158=DIRECTION('center_axis',(0.,0.,1.));
#11159=DIRECTION('ref_axis',(1.,-4.0371746349521E-16,0.));
#11160=DIRECTION('center_axis',(0.,0.,1.));
#11161=DIRECTION('ref_axis',(1.,-4.0371746349521E-16,0.));
#11162=DIRECTION('center_axis',(0.,0.,1.));
#11163=DIRECTION('ref_axis',(1.,-4.0371746349521E-16,0.));
#11164=DIRECTION('center_axis',(0.,0.,1.));
#11165=DIRECTION('ref_axis',(1.,0.,0.));
#11166=DIRECTION('center_axis',(0.,0.,1.));
#11167=DIRECTION('ref_axis',(1.,0.,0.));
#11168=DIRECTION('center_axis',(0.,0.,1.));
#11169=DIRECTION('ref_axis',(1.,0.,0.));
#11170=DIRECTION('center_axis',(0.,0.,1.));
#11171=DIRECTION('ref_axis',(1.,0.,0.));
#11172=DIRECTION('center_axis',(0.,0.,1.));
#11173=DIRECTION('ref_axis',(1.,0.,0.));
#11174=DIRECTION('axis',(0.,0.,1.));
#11175=DIRECTION('refdir',(1.,0.,0.));
#11176=DIRECTION('center_axis',(-6.123233995737E-17,-1.,3.673940397442E-16));
#11177=DIRECTION('ref_axis',(-1.224646799147E-16,-3.673940397442E-16,-1.));
#11178=DIRECTION('center_axis',(6.68320851892646E-15,1.,-6.68320851892617E-15));
#11179=DIRECTION('ref_axis',(-7.5994338486621E-7,6.66570403897769E-15,0.999999999999711));
#11180=DIRECTION('',(-6.25692343980676E-17,-1.,0.));
#11181=DIRECTION('center_axis',(0.,1.,0.));
#11182=DIRECTION('ref_axis',(-7.59943380786668E-7,0.,0.999999999999711));
#11183=DIRECTION('',(2.449293598295E-16,1.,-3.673940397442E-16));
#11184=DIRECTION('center_axis',(1.15591945144588E-13,-1.,1.09454745156126E-13));
#11185=DIRECTION('ref_axis',(0.,-1.09454745156126E-13,-1.));
#11186=DIRECTION('',(0.,0.,-1.));
#11187=DIRECTION('center_axis',(0.,-1.,0.));
#11188=DIRECTION('ref_axis',(-1.,0.,-5.11721770520529E-14));
#11189=DIRECTION('',(-1.,0.,0.));
#11190=DIRECTION('center_axis',(-1.224646799147E-16,-3.673940397442E-16,
-1.));
#11191=DIRECTION('ref_axis',(-1.,2.449293598295E-16,1.224646799147E-16));
#11192=DIRECTION('',(-1.,2.449293598295E-16,1.224646799147E-16));
#11193=DIRECTION('',(1.,-2.449293598295E-16,-1.224646799147E-16));
#11194=DIRECTION('',(-2.449293598295E-16,-1.,3.673940397442E-16));
#11195=DIRECTION('center_axis',(-1.224646799147E-16,-3.673940397442E-16,
-1.));
#11196=DIRECTION('ref_axis',(-1.,2.449293598295E-16,1.224646799147E-16));
#11197=DIRECTION('center_axis',(-1.224646799147E-16,-3.673940397442E-16,
-1.));
#11198=DIRECTION('ref_axis',(-1.,2.449293598295E-16,1.224646799147E-16));
#11199=DIRECTION('center_axis',(-1.224646799147E-16,-3.673940397442E-16,
-1.));
#11200=DIRECTION('ref_axis',(-1.,2.449293598295E-16,1.224646799147E-16));
#11201=DIRECTION('center_axis',(1.224646799147E-16,3.673940397442E-16,1.));
#11202=DIRECTION('ref_axis',(-1.,2.449293598295E-16,1.224646799147E-16));
#11203=DIRECTION('',(1.224646799147E-16,3.673940397442E-16,1.));
#11204=DIRECTION('center_axis',(-1.224646799147E-16,-3.673940397442E-16,
-1.));
#11205=DIRECTION('ref_axis',(-1.,2.449293598295E-16,1.224646799147E-16));
#11206=DIRECTION('center_axis',(1.224646799147E-16,3.673940397442E-16,1.));
#11207=DIRECTION('ref_axis',(-1.,2.449293598295E-16,1.224646799147E-16));
#11208=DIRECTION('',(1.224646799147E-16,3.673940397442E-16,1.));
#11209=DIRECTION('center_axis',(-1.224646799147E-16,-3.673940397442E-16,
-1.));
#11210=DIRECTION('ref_axis',(-1.,2.449293598295E-16,1.224646799147E-16));
#11211=DIRECTION('center_axis',(1.224646799147E-16,3.673940397442E-16,1.));
#11212=DIRECTION('ref_axis',(-1.,2.449293598295E-16,1.224646799147E-16));
#11213=DIRECTION('',(1.224646799147E-16,3.673940397442E-16,1.));
#11214=DIRECTION('center_axis',(-1.224646799147E-16,-3.673940397442E-16,
-1.));
#11215=DIRECTION('ref_axis',(-1.,2.449293598295E-16,1.224646799147E-16));
#11216=DIRECTION('center_axis',(1.,-6.123233995737E-17,-1.836970198721E-16));
#11217=DIRECTION('ref_axis',(-6.12323399573699E-17,-1.,3.673940397442E-16));
#11218=DIRECTION('',(-1.836970198721E-16,-3.673940397442E-16,-1.));
#11219=DIRECTION('center_axis',(1.,-6.123233995737E-17,-1.836970198721E-16));
#11220=DIRECTION('ref_axis',(-6.12323399573699E-17,-1.,3.673940397442E-16));
#11221=DIRECTION('',(6.123233995737E-17,1.,-3.673940397442E-16));
#11222=DIRECTION('center_axis',(1.,-6.123233995737E-17,-1.836970198721E-16));
#11223=DIRECTION('ref_axis',(-6.12323399573699E-17,-1.,3.673940397442E-16));
#11224=DIRECTION('',(1.836970198721E-16,3.673940397442E-16,1.));
#11225=DIRECTION('center_axis',(1.,-6.123233995737E-17,-1.836970198721E-16));
#11226=DIRECTION('ref_axis',(-6.12323399573699E-17,-1.,3.673940397442E-16));
#11227=DIRECTION('center_axis',(1.,-6.123233995737E-17,-1.836970198721E-16));
#11228=DIRECTION('ref_axis',(-6.12323399573699E-17,-1.,3.673940397442E-16));
#11229=DIRECTION('center_axis',(1.,-6.123233995737E-17,-1.836970198721E-16));
#11230=DIRECTION('ref_axis',(-6.12323399573699E-17,-1.,3.673940397442E-16));
#11231=DIRECTION('center_axis',(-6.123233995737E-17,-1.,3.673940397442E-16));
#11232=DIRECTION('ref_axis',(1.836970198721E-16,3.673940397442E-16,1.));
#11233=DIRECTION('',(1.,-6.123233995737E-17,-1.836970198721E-16));
#11234=DIRECTION('',(1.836970198721E-16,3.673940397442E-16,1.));
#11235=DIRECTION('',(1.,-6.123233995737E-17,-1.836970198721E-16));
#11236=DIRECTION('center_axis',(2.449293598295E-16,1.,-3.673940397442E-16));
#11237=DIRECTION('ref_axis',(-1.,2.449293598295E-16,1.224646799147E-16));
#11238=DIRECTION('',(0.,0.,1.));
#11239=DIRECTION('',(-1.,2.449293598295E-16,1.224646799147E-16));
#11240=DIRECTION('center_axis',(1.836970198721E-16,3.673940397442E-16,1.));
#11241=DIRECTION('ref_axis',(6.123233995737E-17,1.,-3.673940397442E-16));
#11242=DIRECTION('',(1.,-6.123233995737E-17,-1.836970198721E-16));
#11243=DIRECTION('',(6.123233995737E-17,1.,-3.673940397442E-16));
#11244=DIRECTION('',(1.,-6.123233995737E-17,-1.836970198721E-16));
#11245=DIRECTION('center_axis',(-2.449293598295E-16,-1.,3.673940397442E-16));
#11246=DIRECTION('ref_axis',(1.,-2.449293598295E-16,-1.224646799147E-16));
#11247=DIRECTION('',(0.,0.,1.));
#11248=DIRECTION('',(1.,-2.449293598295E-16,-1.224646799147E-16));
#11249=DIRECTION('',(0.,0.,-1.));
#11250=DIRECTION('center_axis',(1.836970198721E-16,1.,-3.673940397442E-16));
#11251=DIRECTION('ref_axis',(-1.224646799147E-16,-3.673940397442E-16,-1.));
#11252=DIRECTION('center_axis',(0.,-1.,0.));
#11253=DIRECTION('ref_axis',(7.59942931015882E-7,0.,0.999999999999711));
#11254=DIRECTION('',(1.836970198721E-16,1.,-3.673940397442E-16));
#11255=DIRECTION('center_axis',(-8.79369541963423E-17,-1.,-8.79369541963398E-17));
#11256=DIRECTION('ref_axis',(7.59942931015882E-7,-7.28492244697341E-17,
0.999999999999711));
#11257=DIRECTION('center_axis',(-1.,1.836970198721E-16,6.123233995737E-17));
#11258=DIRECTION('ref_axis',(1.836970198721E-16,1.,-3.673940397442E-16));
#11259=DIRECTION('',(1.836970198721E-16,1.,-3.673940397442E-16));
#11260=DIRECTION('',(6.123233995737E-17,3.673940397442E-16,1.));
#11261=DIRECTION('center_axis',(-1.,1.836970198721E-16,6.123233995737E-17));
#11262=DIRECTION('ref_axis',(1.836970198721E-16,1.,-3.673940397442E-16));
#11263=DIRECTION('',(-1.836970198721E-16,-1.,3.673940397442E-16));
#11264=DIRECTION('center_axis',(-1.,1.836970198721E-16,6.123233995737E-17));
#11265=DIRECTION('ref_axis',(1.836970198721E-16,1.,-3.673940397442E-16));
#11266=DIRECTION('',(-6.123233995737E-17,-3.673940397442E-16,-1.));
#11267=DIRECTION('center_axis',(-1.,1.836970198721E-16,6.123233995737E-17));
#11268=DIRECTION('ref_axis',(1.836970198721E-16,1.,-3.673940397442E-16));
#11269=DIRECTION('center_axis',(-1.,1.836970198721E-16,6.123233995737E-17));
#11270=DIRECTION('ref_axis',(1.836970198721E-16,1.,-3.673940397442E-16));
#11271=DIRECTION('center_axis',(-1.,1.836970198721E-16,6.123233995737E-17));
#11272=DIRECTION('ref_axis',(1.836970198721E-16,1.,-3.673940397442E-16));
#11273=DIRECTION('center_axis',(1.836970198721E-16,1.,-3.673940397442E-16));
#11274=DIRECTION('ref_axis',(-1.224646799147E-16,-3.673940397442E-16,-1.));
#11275=DIRECTION('center_axis',(1.60818637340471E-14,1.,3.8825053534958E-14));
#11276=DIRECTION('ref_axis',(1.,-2.27431898009125E-14,3.98005821515969E-14));
#11277=DIRECTION('',(-2.449293598295E-16,-1.,3.673940397442E-16));
#11278=DIRECTION('center_axis',(1.97196774031152E-16,1.,-3.58056883217721E-16));
#11279=DIRECTION('ref_axis',(1.,-1.99891316609578E-16,2.2743189800912E-14));
#11280=DIRECTION('center_axis',(1.,-1.836970198721E-16,-6.123233995737E-17));
#11281=DIRECTION('ref_axis',(1.836970198721E-16,1.,-3.673940397442E-16));
#11282=DIRECTION('center_axis',(-1.,1.836970198721E-16,6.123233995737E-17));
#11283=DIRECTION('ref_axis',(1.836970198721E-16,1.,-3.673940397442E-16));
#11284=DIRECTION('',(1.,-1.836970198721E-16,-6.123233995737E-17));
#11285=DIRECTION('center_axis',(1.,-1.836970198721E-16,-6.123233995737E-17));
#11286=DIRECTION('ref_axis',(1.836970198721E-16,1.,-3.673940397442E-16));
#11287=DIRECTION('center_axis',(-1.,1.836970198721E-16,6.123233995737E-17));
#11288=DIRECTION('ref_axis',(1.836970198721E-16,1.,-3.673940397442E-16));
#11289=DIRECTION('',(1.,-1.836970198721E-16,-6.123233995737E-17));
#11290=DIRECTION('center_axis',(6.123233995737E-17,3.673940397442E-16,1.));
#11291=DIRECTION('ref_axis',(-1.836970198721E-16,-1.,3.673940397442E-16));
#11292=DIRECTION('',(-1.,1.836970198721E-16,6.123233995737E-17));
#11293=DIRECTION('',(-1.,1.836970198721E-16,6.123233995737E-17));
#11294=DIRECTION('',(-1.836970198721E-16,-1.,3.673940397442E-16));
#11295=DIRECTION('center_axis',(-1.,1.836970198721E-16,6.123233995737E-17));
#11296=DIRECTION('ref_axis',(1.836970198721E-16,1.,-3.673940397442E-16));
#11297=DIRECTION('',(-6.123233995737E-17,-3.673940397442E-16,-1.));
#11298=DIRECTION('center_axis',(-1.,1.836970198721E-16,6.123233995737E-17));
#11299=DIRECTION('ref_axis',(1.836970198721E-16,1.,-3.673940397442E-16));
#11300=DIRECTION('center_axis',(-1.,1.836970198721E-16,6.123233995737E-17));
#11301=DIRECTION('ref_axis',(1.836970198721E-16,1.,-3.673940397442E-16));
#11302=DIRECTION('',(6.123233995737E-17,3.673940397442E-16,1.));
#11303=DIRECTION('center_axis',(-1.,1.836970198721E-16,6.123233995737E-17));
#11304=DIRECTION('ref_axis',(1.836970198721E-16,1.,-3.673940397442E-16));
#11305=DIRECTION('center_axis',(1.836970198721E-16,1.,-3.673940397442E-16));
#11306=DIRECTION('ref_axis',(6.123233995737E-17,3.673940397442E-16,1.));
#11307=DIRECTION('',(-1.,1.836970198721E-16,6.123233995737E-17));
#11308=DIRECTION('',(-1.,0.,0.));
#11309=DIRECTION('center_axis',(1.,-1.836970198721E-16,-6.123233995737E-17));
#11310=DIRECTION('ref_axis',(-1.73191211246666E-16,-0.707106781183015,-0.70710678119008));
#11311=DIRECTION('center_axis',(-1.836970198721E-16,-1.,3.673940397442E-16));
#11312=DIRECTION('ref_axis',(-6.123233995737E-17,-3.673940397442E-16,-1.));
#11313=DIRECTION('',(1.,0.,0.));
#11314=DIRECTION('',(-1.,1.836970198721E-16,6.123233995737E-17));
#11315=DIRECTION('center_axis',(1.,-1.836970198721E-16,-6.123233995737E-17));
#11316=DIRECTION('ref_axis',(1.836970198721E-16,1.,-3.673940397442E-16));
#11317=DIRECTION('center_axis',(-1.224646799147E-16,-3.673940397442E-16,
-1.));
#11318=DIRECTION('ref_axis',(-1.,2.449293598295E-16,1.224646799147E-16));
#11319=DIRECTION('',(2.449293598295E-16,1.,-3.673940397442E-16));
#11320=DIRECTION('center_axis',(0.,-1.,0.));
#11321=DIRECTION('ref_axis',(0.,0.,-1.));
#11322=DIRECTION('center_axis',(0.,-1.,0.));
#11323=DIRECTION('ref_axis',(-1.,0.,0.));
#11324=DIRECTION('center_axis',(-1.,6.123233995737E-17,1.836970198721E-16));
#11325=DIRECTION('ref_axis',(-6.12323399573699E-17,-1.,3.673940397442E-16));
#11326=DIRECTION('',(-1.,6.123233995737E-17,1.836970198721E-16));
#11327=DIRECTION('center_axis',(1.,-6.123233995737E-17,-1.836970198721E-16));
#11328=DIRECTION('ref_axis',(-6.12323399573699E-17,-1.,3.673940397442E-16));
#11329=DIRECTION('center_axis',(-1.,6.123233995737E-17,1.836970198721E-16));
#11330=DIRECTION('ref_axis',(-6.12323399573699E-17,-1.,3.673940397442E-16));
#11331=DIRECTION('',(1.,-6.123233995737E-17,-1.836970198721E-16));
#11332=DIRECTION('center_axis',(1.,-6.123233995737E-17,-1.836970198721E-16));
#11333=DIRECTION('ref_axis',(-6.12323399573699E-17,-1.,3.673940397442E-16));
#11334=DIRECTION('center_axis',(-1.,6.123233995737E-17,1.836970198721E-16));
#11335=DIRECTION('ref_axis',(-8.6595605623548E-17,0.707106781186538,-0.707106781186557));
#11336=DIRECTION('center_axis',(1.,-6.123233995737E-17,-1.836970198721E-16));
#11337=DIRECTION('ref_axis',(-6.12323399573699E-17,-1.,3.673940397442E-16));
#11338=DIRECTION('center_axis',(1.,-6.123233995737E-17,-1.836970198721E-16));
#11339=DIRECTION('ref_axis',(-6.12323399573699E-17,-1.,3.673940397442E-16));
#11340=DIRECTION('',(-6.123233995737E-17,-1.,3.673940397442E-16));
#11341=DIRECTION('',(-1.836970198721E-16,-3.673940397442E-16,-1.));
#11342=DIRECTION('center_axis',(1.,-6.123233995737E-17,-1.836970198721E-16));
#11343=DIRECTION('ref_axis',(-6.12323399573699E-17,-1.,3.673940397442E-16));
#11344=DIRECTION('center_axis',(1.,-6.123233995737E-17,-1.836970198721E-16));
#11345=DIRECTION('ref_axis',(-6.12323399573699E-17,-1.,3.673940397442E-16));
#11346=DIRECTION('center_axis',(-1.,6.123233995737E-17,1.836970198721E-16));
#11347=DIRECTION('ref_axis',(-6.12323399573699E-17,-1.,3.673940397442E-16));
#11348=DIRECTION('',(-1.,6.123233995737E-17,1.836970198721E-16));
#11349=DIRECTION('center_axis',(6.123233995737E-17,1.,-3.673940397442E-16));
#11350=DIRECTION('ref_axis',(-1.836970198721E-16,-3.673940397442E-16,-1.));
#11351=DIRECTION('center_axis',(1.,-1.836970198721E-16,-6.123233995737E-17));
#11352=DIRECTION('ref_axis',(1.836970198721E-16,1.,-3.673940397442E-16));
#11353=DIRECTION('',(1.,-1.836970198721E-16,-6.123233995737E-17));
#11354=DIRECTION('center_axis',(-1.,6.123233995737E-17,1.836970198721E-16));
#11355=DIRECTION('ref_axis',(-6.12323399573699E-17,-1.,3.673940397442E-16));
#11356=DIRECTION('',(-1.,6.123233995737E-17,1.836970198721E-16));
#11357=DIRECTION('center_axis',(0.,1.,0.));
#11358=DIRECTION('ref_axis',(0.,0.,1.));
#11359=DIRECTION('center_axis',(0.,1.,0.));
#11360=DIRECTION('ref_axis',(0.,0.,1.));
#11361=DIRECTION('center_axis',(-6.123233995737E-17,-1.,3.673940397442E-16));
#11362=DIRECTION('ref_axis',(-1.224646799147E-16,-3.673940397442E-16,-1.));
#11363=DIRECTION('axis',(0.,0.,1.));
#11364=DIRECTION('refdir',(1.,0.,0.));
#11365=DIRECTION('center_axis',(1.224646799147E-16,1.,-6.123233995737E-17));
#11366=DIRECTION('ref_axis',(1.,-1.224646799147E-16,7.49879891330741E-33));
#11367=DIRECTION('center_axis',(-1.224646799147E-16,-1.,6.123233995737E-17));
#11368=DIRECTION('ref_axis',(1.,-1.224646799147E-16,7.49879891330741E-33));
#11369=DIRECTION('',(-1.224646799147E-16,-1.,6.123233995737E-17));
#11370=DIRECTION('center_axis',(1.224646799147E-16,1.,-6.123233995737E-17));
#11371=DIRECTION('ref_axis',(1.,-1.224646799147E-16,7.49879891330741E-33));
#11372=DIRECTION('center_axis',(1.224646799147E-16,1.,-6.123233995737E-17));
#11373=DIRECTION('ref_axis',(1.,-1.224646799147E-16,7.49879891330741E-33));
#11374=DIRECTION('center_axis',(-1.224646799147E-16,-1.,6.123233995737E-17));
#11375=DIRECTION('ref_axis',(1.,-1.224646799147E-16,7.49879891330741E-33));
#11376=DIRECTION('',(-1.224646799147E-16,-1.,6.123233995737E-17));
#11377=DIRECTION('center_axis',(1.224646799147E-16,1.,-6.123233995737E-17));
#11378=DIRECTION('ref_axis',(1.,-1.224646799147E-16,7.49879891330741E-33));
#11379=DIRECTION('center_axis',(1.224646799147E-16,1.,-6.123233995737E-17));
#11380=DIRECTION('ref_axis',(1.,-1.224646799147E-16,7.49879891330741E-33));
#11381=DIRECTION('center_axis',(-1.224646799147E-16,-1.,6.123233995737E-17));
#11382=DIRECTION('ref_axis',(1.,-1.224646799147E-16,7.49879891330741E-33));
#11383=DIRECTION('',(-1.224646799147E-16,-1.,6.123233995737E-17));
#11384=DIRECTION('center_axis',(1.224646799147E-16,1.,-6.123233995737E-17));
#11385=DIRECTION('ref_axis',(1.,-1.224646799147E-16,7.49879891330741E-33));
#11386=DIRECTION('center_axis',(1.224646799147E-16,1.,-6.123233995737E-17));
#11387=DIRECTION('ref_axis',(1.,-1.224646799147E-16,7.49879891330741E-33));
#11388=DIRECTION('center_axis',(-1.224646799147E-16,-1.,6.123233995737E-17));
#11389=DIRECTION('ref_axis',(1.,-1.224646799147E-16,7.49879891330741E-33));
#11390=DIRECTION('',(-1.224646799147E-16,-1.,6.123233995737E-17));
#11391=DIRECTION('center_axis',(1.224646799147E-16,1.,-6.123233995737E-17));
#11392=DIRECTION('ref_axis',(1.,-1.224646799147E-16,7.49879891330741E-33));
#11393=DIRECTION('center_axis',(1.224646799147E-16,1.,-6.123233995737E-17));
#11394=DIRECTION('ref_axis',(1.,-1.224646799147E-16,7.49879891330741E-33));
#11395=DIRECTION('center_axis',(-1.224646799147E-16,-1.,6.123233995737E-17));
#11396=DIRECTION('ref_axis',(1.,-1.224646799147E-16,7.49879891330741E-33));
#11397=DIRECTION('',(-1.224646799147E-16,-1.,6.123233995737E-17));
#11398=DIRECTION('center_axis',(1.224646799147E-16,1.,-6.123233995737E-17));
#11399=DIRECTION('ref_axis',(1.,-1.224646799147E-16,7.49879891330741E-33));
#11400=DIRECTION('center_axis',(1.224646799147E-16,1.,-6.123233995737E-17));
#11401=DIRECTION('ref_axis',(1.,-1.224646799147E-16,7.49879891330741E-33));
#11402=DIRECTION('center_axis',(-1.224646799147E-16,-1.,6.123233995737E-17));
#11403=DIRECTION('ref_axis',(1.,-1.224646799147E-16,7.49879891330741E-33));
#11404=DIRECTION('',(-1.224646799147E-16,-1.,6.123233995737E-17));
#11405=DIRECTION('center_axis',(1.224646799147E-16,1.,-6.123233995737E-17));
#11406=DIRECTION('ref_axis',(1.,-1.224646799147E-16,7.49879891330741E-33));
#11407=DIRECTION('center_axis',(1.224646799147E-16,1.,-6.123233995737E-17));
#11408=DIRECTION('ref_axis',(1.,-1.224646799147E-16,7.49879891330741E-33));
#11409=DIRECTION('center_axis',(-1.224646799147E-16,-1.,6.123233995737E-17));
#11410=DIRECTION('ref_axis',(1.,-1.224646799147E-16,7.49879891330741E-33));
#11411=DIRECTION('',(-1.224646799147E-16,-1.,6.123233995737E-17));
#11412=DIRECTION('center_axis',(1.224646799147E-16,1.,-6.123233995737E-17));
#11413=DIRECTION('ref_axis',(1.,-1.224646799147E-16,7.49879891330741E-33));
#11414=DIRECTION('center_axis',(1.224646799147E-16,1.,-6.123233995737E-17));
#11415=DIRECTION('ref_axis',(1.,-1.224646799147E-16,7.49879891330741E-33));
#11416=DIRECTION('center_axis',(-1.224646799147E-16,-1.,6.123233995737E-17));
#11417=DIRECTION('ref_axis',(1.,-1.224646799147E-16,7.49879891330741E-33));
#11418=DIRECTION('',(-1.224646799147E-16,-1.,6.123233995737E-17));
#11419=DIRECTION('center_axis',(1.224646799147E-16,1.,-6.123233995737E-17));
#11420=DIRECTION('ref_axis',(1.,-1.224646799147E-16,7.49879891330741E-33));
#11421=DIRECTION('center_axis',(1.224646799147E-16,1.,-6.123233995737E-17));
#11422=DIRECTION('ref_axis',(1.,-1.224646799147E-16,7.49879891330741E-33));
#11423=DIRECTION('center_axis',(-1.224646799147E-16,-1.,6.123233995737E-17));
#11424=DIRECTION('ref_axis',(1.,-1.224646799147E-16,7.49879891330741E-33));
#11425=DIRECTION('',(-1.224646799147E-16,-1.,6.123233995737E-17));
#11426=DIRECTION('center_axis',(1.224646799147E-16,1.,-6.123233995737E-17));
#11427=DIRECTION('ref_axis',(1.,-1.224646799147E-16,7.49879891330741E-33));
#11428=DIRECTION('center_axis',(0.,-1.,0.));
#11429=DIRECTION('ref_axis',(1.,0.,-1.83697019872103E-16));
#11430=DIRECTION('center_axis',(-1.224646799147E-16,-1.,6.123233995737E-17));
#11431=DIRECTION('ref_axis',(1.,0.,-1.83697019872103E-16));
#11432=DIRECTION('',(0.,-1.,0.));
#11433=DIRECTION('center_axis',(1.224646799147E-16,1.,-6.123233995737E-17));
#11434=DIRECTION('ref_axis',(1.,0.,-1.83697019872103E-16));
#11435=DIRECTION('center_axis',(1.,0.,-1.83697019872103E-16));
#11436=DIRECTION('ref_axis',(1.83697019872103E-16,6.123233995737E-17,1.));
#11437=DIRECTION('',(-1.83697019872103E-16,-6.123233995737E-17,-1.));
#11438=DIRECTION('',(0.,-1.,0.));
#11439=DIRECTION('',(1.83697019872103E-16,6.123233995737E-17,1.));
#11440=DIRECTION('',(0.,-1.,0.));
#11441=DIRECTION('center_axis',(-1.83697019872103E-16,0.,-1.));
#11442=DIRECTION('ref_axis',(1.,-1.224646799147E-16,-1.83697019872103E-16));
#11443=DIRECTION('',(-1.,1.224646799147E-16,1.83697019872103E-16));
#11444=DIRECTION('',(1.,-1.224646799147E-16,-1.83697019872103E-16));
#11445=DIRECTION('',(0.,-1.,0.));
#11446=DIRECTION('center_axis',(-1.,0.,1.83697019872103E-16));
#11447=DIRECTION('ref_axis',(-1.83697019872103E-16,-6.123233995737E-17,
-1.));
#11448=DIRECTION('',(1.83697019872103E-16,6.123233995737E-17,1.));
#11449=DIRECTION('',(-1.83697019872103E-16,-6.123233995737E-17,-1.));
#11450=DIRECTION('',(0.,-1.,0.));
#11451=DIRECTION('center_axis',(1.83697019872103E-16,0.,1.));
#11452=DIRECTION('ref_axis',(-1.,1.224646799147E-16,1.83697019872103E-16));
#11453=DIRECTION('',(1.,-1.224646799147E-16,-1.83697019872103E-16));
#11454=DIRECTION('',(-1.,1.224646799147E-16,1.83697019872103E-16));
#11455=DIRECTION('center_axis',(0.,-1.,0.));
#11456=DIRECTION('ref_axis',(1.,0.,-1.83697019872103E-16));
#11457=DIRECTION('center_axis',(-1.224646799147E-16,-1.,6.123233995737E-17));
#11458=DIRECTION('ref_axis',(1.,0.,-1.83697019872103E-16));
#11459=DIRECTION('',(0.,-1.,0.));
#11460=DIRECTION('center_axis',(1.224646799147E-16,1.,-6.123233995737E-17));
#11461=DIRECTION('ref_axis',(1.,0.,-1.83697019872103E-16));
#11462=DIRECTION('center_axis',(0.,-1.,0.));
#11463=DIRECTION('ref_axis',(1.,0.,7.49879891330741E-33));
#11464=DIRECTION('center_axis',(-1.224646799147E-16,-1.,6.123233995737E-17));
#11465=DIRECTION('ref_axis',(1.,0.,7.49879891330741E-33));
#11466=DIRECTION('',(0.,-1.,0.));
#11467=DIRECTION('center_axis',(1.224646799147E-16,1.,-6.123233995737E-17));
#11468=DIRECTION('ref_axis',(1.,0.,7.49879891330741E-33));
#11469=DIRECTION('center_axis',(0.,-1.,0.));
#11470=DIRECTION('ref_axis',(1.,0.,7.49879891330741E-33));
#11471=DIRECTION('center_axis',(-1.224646799147E-16,-1.,6.123233995737E-17));
#11472=DIRECTION('ref_axis',(1.,0.,7.49879891330741E-33));
#11473=DIRECTION('',(0.,-1.,0.));
#11474=DIRECTION('center_axis',(1.224646799147E-16,1.,-6.123233995737E-17));
#11475=DIRECTION('ref_axis',(1.,0.,7.49879891330741E-33));
#11476=DIRECTION('center_axis',(-1.,0.,0.));
#11477=DIRECTION('ref_axis',(0.,0.,1.));
#11478=DIRECTION('center_axis',(1.,0.,0.));
#11479=DIRECTION('ref_axis',(0.,0.999999999999711,-7.5994288730634E-7));
#11480=DIRECTION('',(0.,-1.,0.));
#11481=DIRECTION('center_axis',(-1.,0.,0.));
#11482=DIRECTION('ref_axis',(0.,-2.27431898009122E-14,-1.));
#11483=DIRECTION('',(0.,0.,-1.));
#11484=DIRECTION('center_axis',(1.,-1.224646799147E-16,1.224646799147E-16));
#11485=DIRECTION('ref_axis',(1.224646799147E-16,-6.123233995737E-17,-1.));
#11486=DIRECTION('',(-1.224646799147E-16,-1.,6.123233995737E-17));
#11487=DIRECTION('',(1.224646799147E-16,-6.123233995737E-17,-1.));
#11488=DIRECTION('',(1.224646799147E-16,-6.123233995737E-17,-1.));
#11489=DIRECTION('center_axis',(-1.224646799147E-16,6.123233995737E-17,
1.));
#11490=DIRECTION('ref_axis',(1.,-1.224646799147E-16,1.224646799147E-16));
#11491=DIRECTION('',(-1.224646799147E-16,-1.,6.123233995737E-17));
#11492=DIRECTION('',(1.,-1.224646799147E-16,1.224646799147E-16));
#11493=DIRECTION('',(-1.224646799147E-16,-1.,6.123233995737E-17));
#11494=DIRECTION('',(1.,-1.224646799147E-16,1.224646799147E-16));
#11495=DIRECTION('center_axis',(-1.224646799147E-16,-1.,6.123233995737E-17));
#11496=DIRECTION('ref_axis',(1.,-1.224646799147E-16,1.224646799147E-16));
#11497=DIRECTION('',(1.,-1.224646799147E-16,1.224646799147E-16));
#11498=DIRECTION('center_axis',(-1.224646799147E-16,-1.,6.123233995737E-17));
#11499=DIRECTION('ref_axis',(1.,-1.224646799147E-16,1.224646799147E-16));
#11500=DIRECTION('',(1.224646799147E-16,-6.123233995737E-17,-1.));
#11501=DIRECTION('',(-1.,0.,0.));
#11502=DIRECTION('',(-1.224646799147E-16,6.123233995737E-17,1.));
#11503=DIRECTION('center_axis',(-1.224646799147E-16,-1.,6.123233995737E-17));
#11504=DIRECTION('ref_axis',(1.,-1.224646799147E-16,1.224646799147E-16));
#11505=DIRECTION('',(1.,-1.224646799147E-16,1.224646799147E-16));
#11506=DIRECTION('center_axis',(-1.224646799147E-16,-1.,6.123233995737E-17));
#11507=DIRECTION('ref_axis',(1.,-1.224646799147E-16,1.224646799147E-16));
#11508=DIRECTION('',(1.224646799147E-16,-6.123233995737E-17,-1.));
#11509=DIRECTION('',(-1.224646799147E-16,6.123233995737E-17,1.));
#11510=DIRECTION('',(1.,-1.224646799147E-16,1.224646799147E-16));
#11511=DIRECTION('',(1.,-1.224646799147E-16,1.224646799147E-16));
#11512=DIRECTION('',(-1.224646799147E-16,6.123233995737E-17,1.));
#11513=DIRECTION('center_axis',(-1.224646799147E-16,-1.,6.123233995737E-17));
#11514=DIRECTION('ref_axis',(1.,-1.224646799147E-16,1.224646799147E-16));
#11515=DIRECTION('center_axis',(1.224646799147E-16,1.,-6.123233995737E-17));
#11516=DIRECTION('ref_axis',(1.,-1.224646799147E-16,1.224646799147E-16));
#11517=DIRECTION('',(-1.224646799147E-16,-1.,6.123233995737E-17));
#11518=DIRECTION('',(-1.224646799147E-16,-1.,6.123233995737E-17));
#11519=DIRECTION('center_axis',(-1.224646799147E-16,-1.,6.123233995737E-17));
#11520=DIRECTION('ref_axis',(1.,-1.224646799147E-16,1.224646799147E-16));
#11521=DIRECTION('center_axis',(-1.224646799147E-16,6.123233995737E-17,
1.));
#11522=DIRECTION('ref_axis',(1.,-1.224646799147E-16,1.224646799147E-16));
#11523=DIRECTION('',(-1.224646799147E-16,-1.,6.123233995737E-17));
#11524=DIRECTION('',(1.,-1.224646799147E-16,1.224646799147E-16));
#11525=DIRECTION('center_axis',(1.,-1.224646799147E-16,1.224646799147E-16));
#11526=DIRECTION('ref_axis',(-1.224646799147E-16,-1.,6.123233995737E-17));
#11527=DIRECTION('center_axis',(1.,7.76501070699166E-14,3.21637274680978E-14));
#11528=DIRECTION('ref_axis',(-2.27431898009115E-14,4.5486379601823E-14,
1.));
#11529=DIRECTION('center_axis',(1.,-8.88405851598319E-17,8.88405851598124E-17));
#11530=DIRECTION('ref_axis',(-8.88405851598126E-17,0.,1.));
#11531=DIRECTION('',(1.,-1.224646799147E-16,1.224646799147E-16));
#11532=DIRECTION('center_axis',(1.,-1.88891648250534E-13,1.88891648249858E-13));
#11533=DIRECTION('ref_axis',(1.88891648249858E-13,0.,-1.));
#11534=DIRECTION('center_axis',(-1.,0.,0.));
#11535=DIRECTION('ref_axis',(0.,0.999999999999711,7.59942884392371E-7));
#11536=DIRECTION('',(0.,-1.,0.));
#11537=DIRECTION('',(0.,0.,1.));
#11538=DIRECTION('center_axis',(1.,-1.224646799147E-16,1.224646799147E-16));
#11539=DIRECTION('ref_axis',(-1.224646799147E-16,-1.,6.123233995737E-17));
#11540=DIRECTION('',(1.,-1.224646799147E-16,1.224646799147E-16));
#11541=DIRECTION('center_axis',(-1.,0.,0.));
#11542=DIRECTION('ref_axis',(0.,0.999999999999711,7.59942884392371E-7));
#11543=DIRECTION('',(-1.,1.224646799147E-16,-1.224646799147E-16));
#11544=DIRECTION('center_axis',(-1.224646799147E-16,1.224646799147E-16,
1.));
#11545=DIRECTION('ref_axis',(1.,-1.224646799147E-16,1.224646799147E-16));
#11546=DIRECTION('center_axis',(1.224646799147E-16,-1.224646799147E-16,
-1.));
#11547=DIRECTION('ref_axis',(1.,-1.224646799147E-16,1.224646799147E-16));
#11548=DIRECTION('',(-1.224646799147E-16,1.224646799147E-16,1.));
#11549=DIRECTION('center_axis',(1.224646799147E-16,-1.224646799147E-16,
-1.));
#11550=DIRECTION('ref_axis',(1.,-1.224646799147E-16,1.224646799147E-16));
#11551=DIRECTION('center_axis',(1.224646799147E-16,-1.224646799147E-16,
-1.));
#11552=DIRECTION('ref_axis',(1.,-1.224646799147E-16,1.224646799147E-16));
#11553=DIRECTION('',(-1.224646799147E-16,-1.,1.224646799147E-16));
#11554=DIRECTION('center_axis',(1.224646799147E-16,-1.224646799147E-16,
-1.));
#11555=DIRECTION('ref_axis',(1.,-1.224646799147E-16,1.224646799147E-16));
#11556=DIRECTION('',(-1.,1.224646799147E-16,-1.224646799147E-16));
#11557=DIRECTION('center_axis',(1.224646799147E-16,-1.224646799147E-16,
-1.));
#11558=DIRECTION('ref_axis',(1.,-1.224646799147E-16,1.224646799147E-16));
#11559=DIRECTION('',(1.224646799147E-16,1.,-1.224646799147E-16));
#11560=DIRECTION('center_axis',(1.224646799147E-16,-1.224646799147E-16,
-1.));
#11561=DIRECTION('ref_axis',(1.,-1.224646799147E-16,1.224646799147E-16));
#11562=DIRECTION('center_axis',(1.224646799147E-16,-1.224646799147E-16,
-1.));
#11563=DIRECTION('ref_axis',(1.,-1.224646799147E-16,1.224646799147E-16));
#11564=DIRECTION('center_axis',(1.,0.,0.));
#11565=DIRECTION('ref_axis',(0.,0.,-1.));
#11566=DIRECTION('',(0.,0.,-1.));
#11567=DIRECTION('',(0.,1.,0.));
#11568=DIRECTION('center_axis',(-1.224646799147E-16,1.224646799147E-16,
1.));
#11569=DIRECTION('ref_axis',(1.,-1.224646799147E-16,1.224646799147E-16));
#11570=DIRECTION('',(-1.224646799147E-16,1.224646799147E-16,1.));
#11571=DIRECTION('center_axis',(1.224646799147E-16,-1.224646799147E-16,
-1.));
#11572=DIRECTION('ref_axis',(1.,-1.224646799147E-16,1.224646799147E-16));
#11573=DIRECTION('center_axis',(1.,-1.224646799147E-16,1.224646799147E-16));
#11574=DIRECTION('ref_axis',(1.224646799147E-16,-6.123233995737E-17,-1.));
#11575=DIRECTION('',(-1.224646799147E-16,-1.,6.123233995737E-17));
#11576=DIRECTION('',(1.224646799147E-16,-6.123233995737E-17,-1.));
#11577=DIRECTION('center_axis',(-1.224646799147E-16,6.123233995737E-17,
1.));
#11578=DIRECTION('ref_axis',(1.,-1.224646799147E-16,1.224646799147E-16));
#11579=DIRECTION('',(-1.224646799147E-16,-1.,6.123233995737E-17));
#11580=DIRECTION('',(-1.224646799147E-16,-1.,6.123233995737E-17));
#11581=DIRECTION('',(1.,-1.224646799147E-16,1.224646799147E-16));
#11582=DIRECTION('center_axis',(-1.224646799147E-16,1.224646799147E-16,
1.));
#11583=DIRECTION('ref_axis',(1.,-1.224646799147E-16,1.224646799147E-16));
#11584=DIRECTION('',(-1.224646799147E-16,1.224646799147E-16,1.));
#11585=DIRECTION('center_axis',(1.224646799147E-16,-1.224646799147E-16,
-1.));
#11586=DIRECTION('ref_axis',(1.,-1.224646799147E-16,1.224646799147E-16));
#11587=DIRECTION('center_axis',(1.,-1.224646799147E-16,1.224646799147E-16));
#11588=DIRECTION('ref_axis',(1.224646799147E-16,1.,-1.224646799147E-16));
#11589=DIRECTION('',(1.224646799147E-16,-1.224646799147E-16,-1.));
#11590=DIRECTION('',(1.224646799147E-16,1.,-1.224646799147E-16));
#11591=DIRECTION('center_axis',(1.224646799147E-16,1.,-6.123233995737E-17));
#11592=DIRECTION('ref_axis',(1.,-1.224646799147E-16,1.224646799147E-16));
#11593=DIRECTION('',(-1.224646799147E-16,-1.,6.123233995737E-17));
#11594=DIRECTION('center_axis',(-1.224646799147E-16,-1.,6.123233995737E-17));
#11595=DIRECTION('ref_axis',(1.,-1.224646799147E-16,1.224646799147E-16));
#11596=DIRECTION('center_axis',(-1.224646799147E-16,1.224646799147E-16,
1.));
#11597=DIRECTION('ref_axis',(1.,-1.224646799147E-16,1.224646799147E-16));
#11598=DIRECTION('',(1.224646799147E-16,-1.224646799147E-16,-1.));
#11599=DIRECTION('center_axis',(1.224646799147E-16,-1.224646799147E-16,
-1.));
#11600=DIRECTION('ref_axis',(1.,-1.224646799147E-16,1.224646799147E-16));
#11601=DIRECTION('',(1.224646799147E-16,-1.224646799147E-16,-1.));
#11602=DIRECTION('center_axis',(1.,-1.224646799147E-16,0.));
#11603=DIRECTION('ref_axis',(-1.224646799147E-16,-1.,0.));
#11604=DIRECTION('',(-1.224646799147E-16,-1.,0.));
#11605=DIRECTION('',(0.,0.,1.));
#11606=DIRECTION('',(-1.224646799147E-16,-1.,0.));
#11607=DIRECTION('center_axis',(0.,0.,-1.));
#11608=DIRECTION('ref_axis',(-1.,1.224646799147E-16,0.));
#11609=DIRECTION('',(0.,0.,1.));
#11610=DIRECTION('center_axis',(0.,0.,1.));
#11611=DIRECTION('ref_axis',(-1.,1.224646799147E-16,0.));
#11612=DIRECTION('',(0.,0.,1.));
#11613=DIRECTION('center_axis',(0.,0.,1.));
#11614=DIRECTION('ref_axis',(-1.,1.224646799147E-16,0.));
#11615=DIRECTION('center_axis',(0.,0.,1.));
#11616=DIRECTION('ref_axis',(-1.,1.224646799147E-16,0.));
#11617=DIRECTION('',(-1.,1.224646799147E-16,0.));
#11618=DIRECTION('center_axis',(0.,0.,1.));
#11619=DIRECTION('ref_axis',(-1.,1.224646799147E-16,0.));
#11620=DIRECTION('',(1.,-1.224646799147E-16,0.));
#11621=DIRECTION('',(1.224646799147E-16,1.,0.));
#11622=DIRECTION('center_axis',(0.,0.,1.));
#11623=DIRECTION('ref_axis',(-1.,1.224646799147E-16,0.));
#11624=DIRECTION('center_axis',(0.,0.,1.));
#11625=DIRECTION('ref_axis',(-1.,1.224646799147E-16,0.));
#11626=DIRECTION('center_axis',(0.,0.,1.));
#11627=DIRECTION('ref_axis',(-1.,1.224646799147E-16,0.));
#11628=DIRECTION('center_axis',(0.,0.,-1.));
#11629=DIRECTION('ref_axis',(-1.,1.224646799147E-16,0.));
#11630=DIRECTION('',(0.,0.,-1.));
#11631=DIRECTION('center_axis',(0.,0.,1.));
#11632=DIRECTION('ref_axis',(-1.,1.224646799147E-16,0.));
#11633=DIRECTION('center_axis',(0.,0.,-1.));
#11634=DIRECTION('ref_axis',(-1.,1.224646799147E-16,0.));
#11635=DIRECTION('',(0.,0.,-1.));
#11636=DIRECTION('center_axis',(0.,0.,1.));
#11637=DIRECTION('ref_axis',(-1.,1.224646799147E-16,0.));
#11638=DIRECTION('center_axis',(-1.,1.224646799147E-16,-1.224646799147E-16));
#11639=DIRECTION('ref_axis',(-1.224646799147E-16,-1.,1.224646799147E-16));
#11640=DIRECTION('',(-1.224646799147E-16,-1.,1.224646799147E-16));
#11641=DIRECTION('center_axis',(1.224646799147E-16,1.,0.));
#11642=DIRECTION('ref_axis',(1.,-1.224646799147E-16,0.));
#11643=DIRECTION('',(0.,0.,1.));
#11644=DIRECTION('',(1.,-1.224646799147E-16,0.));
#11645=DIRECTION('center_axis',(-1.,1.224646799147E-16,-1.224646799147E-16));
#11646=DIRECTION('ref_axis',(-1.224646799147E-16,6.123233995737E-17,1.));
#11647=DIRECTION('',(-1.224646799147E-16,-1.,6.123233995737E-17));
#11648=DIRECTION('',(-1.224646799147E-16,6.123233995737E-17,1.));
#11649=DIRECTION('center_axis',(1.224646799147E-16,1.,-1.224646799147E-16));
#11650=DIRECTION('ref_axis',(-1.,1.224646799147E-16,-1.224646799147E-16));
#11651=DIRECTION('',(-1.,1.224646799147E-16,-1.224646799147E-16));
#11652=DIRECTION('',(1.224646799147E-16,-1.224646799147E-16,-1.));
#11653=DIRECTION('center_axis',(-1.,1.224646799147E-16,0.));
#11654=DIRECTION('ref_axis',(-1.224646799147E-16,-1.,6.123233995737E-17));
#11655=DIRECTION('center_axis',(1.,9.00474410970548E-14,-9.00474410970515E-14));
#11656=DIRECTION('ref_axis',(-7.4597605857007E-14,0.999999999999711,-7.5994288730634E-7));
#11657=DIRECTION('',(1.,0.,0.));
#11658=DIRECTION('center_axis',(-1.,1.88891648251721E-13,1.88891648248664E-13));
#11659=DIRECTION('ref_axis',(1.88891648248664E-13,0.,1.));
#11660=DIRECTION('',(0.,0.,1.));
#11661=DIRECTION('center_axis',(-1.,0.,0.));
#11662=DIRECTION('ref_axis',(0.,0.,-1.));
#11663=DIRECTION('',(0.,1.,0.));
#11664=DIRECTION('center_axis',(-1.224646799147E-16,1.224646799147E-16,
1.));
#11665=DIRECTION('ref_axis',(-0.707106781186548,-0.707106781186547,1.61757895674075E-32));
#11666=DIRECTION('center_axis',(1.224646799147E-16,-1.224646799147E-16,
-1.));
#11667=DIRECTION('ref_axis',(1.,-1.224646799147E-16,1.224646799147E-16));
#11668=DIRECTION('center_axis',(-1.224646799147E-16,6.123233995737E-17,
1.));
#11669=DIRECTION('ref_axis',(1.,-1.224646799147E-16,1.224646799147E-16));
#11670=DIRECTION('',(1.,-1.224646799147E-16,1.224646799147E-16));
#11671=DIRECTION('center_axis',(0.,0.,-1.));
#11672=DIRECTION('ref_axis',(-1.,1.224646799147E-16,0.));
#11673=DIRECTION('',(0.,0.,-1.));
#11674=DIRECTION('center_axis',(0.,0.,1.));
#11675=DIRECTION('ref_axis',(-1.,1.224646799147E-16,0.));
#11676=DIRECTION('center_axis',(0.,0.,1.));
#11677=DIRECTION('ref_axis',(-1.,1.224646799147E-16,0.));
#11678=DIRECTION('',(-1.,1.224646799147E-16,0.));
#11679=DIRECTION('',(1.224646799147E-16,1.,0.));
#11680=DIRECTION('center_axis',(0.,0.,1.));
#11681=DIRECTION('ref_axis',(-1.,1.224646799147E-16,0.));
#11682=DIRECTION('center_axis',(1.,-1.224646799147E-16,1.224646799147E-16));
#11683=DIRECTION('ref_axis',(1.224646799147E-16,-6.123233995737E-17,-1.));
#11684=DIRECTION('',(1.224646799147E-16,-6.123233995737E-17,-1.));
#11685=DIRECTION('center_axis',(1.224646799147E-16,1.,-6.123233995737E-17));
#11686=DIRECTION('ref_axis',(-0.707106781186547,4.3297802811748E-17,-0.707106781186548));
#11687=DIRECTION('center_axis',(-1.224646799147E-16,-1.,6.123233995737E-17));
#11688=DIRECTION('ref_axis',(1.,-1.224646799147E-16,1.224646799147E-16));
#11689=DIRECTION('center_axis',(1.224646799147E-16,-1.224646799147E-16,
-1.));
#11690=DIRECTION('ref_axis',(1.,-1.224646799147E-16,1.224646799147E-16));
#11691=DIRECTION('center_axis',(-1.,1.224646799147E-16,-1.224646799147E-16));
#11692=DIRECTION('ref_axis',(-1.224646799147E-16,6.123233995737E-17,1.));
#11693=DIRECTION('',(-1.224646799147E-16,6.123233995737E-17,1.));
#11694=DIRECTION('center_axis',(-1.,1.224646799147E-16,0.));
#11695=DIRECTION('ref_axis',(1.224646799147E-16,1.,0.));
#11696=DIRECTION('center_axis',(-1.,1.224646799147E-16,0.));
#11697=DIRECTION('ref_axis',(-1.224646799147E-16,-1.,6.123233995737E-17));
#11698=DIRECTION('center_axis',(-1.,1.224646799147E-16,-1.224646799147E-16));
#11699=DIRECTION('ref_axis',(-1.224646799147E-16,6.123233995737E-17,1.));
#11700=DIRECTION('',(-1.224646799147E-16,-1.,6.123233995737E-17));
#11701=DIRECTION('',(-1.224646799147E-16,6.123233995737E-17,1.));
#11702=DIRECTION('center_axis',(-1.224646799147E-16,-1.,6.123233995737E-17));
#11703=DIRECTION('ref_axis',(1.,-1.224646799147E-16,1.224646799147E-16));
#11704=DIRECTION('center_axis',(-1.224646799147E-16,-1.,6.123233995737E-17));
#11705=DIRECTION('ref_axis',(1.,-1.224646799147E-16,1.224646799147E-16));
#11706=DIRECTION('center_axis',(1.224646799147E-16,1.,-6.123233995737E-17));
#11707=DIRECTION('ref_axis',(1.,-1.224646799147E-16,1.224646799147E-16));
#11708=DIRECTION('center_axis',(0.,0.,-1.));
#11709=DIRECTION('ref_axis',(-1.,1.224646799147E-16,0.));
#11710=DIRECTION('axis',(0.,0.,1.));
#11711=DIRECTION('refdir',(1.,0.,0.));
#11712=DIRECTION('center_axis',(-3.0079584063794E-15,-1.,0.));
#11713=DIRECTION('ref_axis',(1.,-3.0079584063794E-15,0.));
#11714=DIRECTION('',(-1.,3.0079584063794E-15,0.));
#11715=DIRECTION('',(0.,0.,1.));
#11716=DIRECTION('',(1.,-3.0079584063794E-15,0.));
#11717=DIRECTION('',(0.,0.,1.));
#11718=DIRECTION('center_axis',(0.,0.,1.));
#11719=DIRECTION('ref_axis',(-1.06436034317143E-14,1.,0.));
#11720=DIRECTION('center_axis',(0.,0.,-1.));
#11721=DIRECTION('ref_axis',(-0.49879737319366,-0.866718628215123,0.));
#11722=DIRECTION('center_axis',(0.,0.,1.));
#11723=DIRECTION('ref_axis',(-0.49879737319366,-0.866718628215123,0.));
#11724=DIRECTION('center_axis',(0.,0.,1.));
#11725=DIRECTION('ref_axis',(-0.999999999999999,4.37114093965714E-8,0.));
#11726=DIRECTION('center_axis',(0.,0.,1.));
#11727=DIRECTION('ref_axis',(-0.999999999999999,4.37114093965714E-8,0.));
#11728=DIRECTION('',(0.,0.,1.));
#11729=DIRECTION('center_axis',(0.,0.,-1.));
#11730=DIRECTION('ref_axis',(-0.999999999999999,4.37114093965714E-8,0.));
#11731=DIRECTION('center_axis',(0.,0.,1.));
#11732=DIRECTION('ref_axis',(-4.37114128559821E-8,-0.999999999999999,0.));
#11733=DIRECTION('center_axis',(0.,0.,-1.));
#11734=DIRECTION('ref_axis',(0.498797411079157,0.866718606411984,0.));
#11735=DIRECTION('',(0.,0.,1.));
#11736=DIRECTION('center_axis',(0.,0.,1.));
#11737=DIRECTION('ref_axis',(0.498797411079157,0.866718606411984,0.));
#11738=DIRECTION('',(0.,0.,1.));
#11739=DIRECTION('center_axis',(4.37114093965714E-8,0.999999999999999,0.));
#11740=DIRECTION('ref_axis',(-0.999999999999999,4.37114093965714E-8,0.));
#11741=DIRECTION('',(0.999999999999999,-4.37114093965714E-8,0.));
#11742=DIRECTION('',(-0.999999999999999,4.37114093965714E-8,0.));
#11743=DIRECTION('center_axis',(0.,0.,1.));
#11744=DIRECTION('ref_axis',(-0.999999999999999,4.37114093965714E-8,0.));
#11745=DIRECTION('center_axis',(0.,0.,1.));
#11746=DIRECTION('ref_axis',(-0.999999999999999,4.37114093965714E-8,0.));
#11747=DIRECTION('',(0.,0.,1.));
#11748=DIRECTION('center_axis',(0.,0.,-1.));
#11749=DIRECTION('ref_axis',(-0.999999999999999,4.37114093965714E-8,0.));
#11750=DIRECTION('center_axis',(0.,0.,1.));
#11751=DIRECTION('ref_axis',(8.65333612334494E-16,1.,0.));
#11752=DIRECTION('center_axis',(0.,0.,-1.));
#11753=DIRECTION('ref_axis',(-0.498797373193664,-0.866718628215121,0.));
#11754=DIRECTION('',(0.,0.,1.));
#11755=DIRECTION('center_axis',(0.,0.,1.));
#11756=DIRECTION('ref_axis',(-0.498797373193664,-0.866718628215121,0.));
#11757=DIRECTION('',(0.,0.,1.));
#11758=DIRECTION('center_axis',(-3.0079584063794E-15,-1.,0.));
#11759=DIRECTION('ref_axis',(1.,-3.0079584063794E-15,0.));
#11760=DIRECTION('',(-1.,3.0079584063794E-15,0.));
#11761=DIRECTION('',(1.,-3.0079584063794E-15,0.));
#11762=DIRECTION('center_axis',(0.,0.,1.));
#11763=DIRECTION('ref_axis',(-0.999999999999999,4.37114093965714E-8,0.));
#11764=DIRECTION('center_axis',(0.,0.,1.));
#11765=DIRECTION('ref_axis',(-0.999999999999999,4.37114093965714E-8,0.));
#11766=DIRECTION('',(0.,0.,1.));
#11767=DIRECTION('center_axis',(0.,0.,-1.));
#11768=DIRECTION('ref_axis',(-0.999999999999999,4.37114093965714E-8,0.));
#11769=DIRECTION('center_axis',(0.,0.,1.));
#11770=DIRECTION('ref_axis',(-4.37114030777123E-8,-0.999999999999999,0.));
#11771=DIRECTION('center_axis',(0.,0.,-1.));
#11772=DIRECTION('ref_axis',(0.498797411079157,0.866718606411984,0.));
#11773=DIRECTION('',(0.,0.,1.));
#11774=DIRECTION('center_axis',(0.,0.,1.));
#11775=DIRECTION('ref_axis',(0.498797411079157,0.866718606411984,0.));
#11776=DIRECTION('',(0.,0.,1.));
#11777=DIRECTION('center_axis',(4.37114093965714E-8,0.999999999999999,0.));
#11778=DIRECTION('ref_axis',(-0.999999999999999,4.37114093965714E-8,0.));
#11779=DIRECTION('',(0.999999999999999,-4.37114093965714E-8,0.));
#11780=DIRECTION('',(-0.999999999999999,4.37114093965714E-8,0.));
#11781=DIRECTION('center_axis',(0.,0.,1.));
#11782=DIRECTION('ref_axis',(-0.999999999999999,4.37114093965714E-8,0.));
#11783=DIRECTION('center_axis',(0.,0.,1.));
#11784=DIRECTION('ref_axis',(-0.999999999999999,4.37114093965714E-8,0.));
#11785=DIRECTION('',(0.,0.,1.));
#11786=DIRECTION('center_axis',(0.,0.,-1.));
#11787=DIRECTION('ref_axis',(-0.999999999999999,4.37114093965714E-8,0.));
#11788=DIRECTION('center_axis',(0.,0.,1.));
#11789=DIRECTION('ref_axis',(2.68253419823693E-15,1.,0.));
#11790=DIRECTION('center_axis',(0.,0.,-1.));
#11791=DIRECTION('ref_axis',(-0.498797373193664,-0.866718628215121,0.));
#11792=DIRECTION('',(0.,0.,1.));
#11793=DIRECTION('center_axis',(0.,0.,1.));
#11794=DIRECTION('ref_axis',(-0.498797373193664,-0.866718628215121,0.));
#11795=DIRECTION('',(0.,0.,1.));
#11796=DIRECTION('center_axis',(-3.0079584063794E-15,-1.,0.));
#11797=DIRECTION('ref_axis',(1.,-3.0079584063794E-15,0.));
#11798=DIRECTION('',(-1.,3.0079584063794E-15,0.));
#11799=DIRECTION('',(1.,-3.0079584063794E-15,0.));
#11800=DIRECTION('center_axis',(0.,0.,1.));
#11801=DIRECTION('ref_axis',(0.663190396901882,0.748450731482791,0.));
#11802=DIRECTION('center_axis',(0.,0.,-1.));
#11803=DIRECTION('ref_axis',(0.663190396901882,0.748450731482791,0.));
#11804=DIRECTION('',(0.,0.,1.));
#11805=DIRECTION('center_axis',(0.,0.,1.));
#11806=DIRECTION('ref_axis',(0.663190396901882,0.748450731482791,0.));
#11807=DIRECTION('',(0.,0.,1.));
#11808=DIRECTION('center_axis',(9.16872873137949E-19,-1.,0.));
#11809=DIRECTION('ref_axis',(1.,9.16872873137949E-19,0.));
#11810=DIRECTION('',(-1.,-9.16872873137949E-19,0.));
#11811=DIRECTION('',(1.,9.16872873137949E-19,0.));
#11812=DIRECTION('',(0.,0.,1.));
#11813=DIRECTION('center_axis',(0.,0.,1.));
#11814=DIRECTION('ref_axis',(-0.630537098157895,-0.776159112454799,0.));
#11815=DIRECTION('center_axis',(0.,0.,-1.));
#11816=DIRECTION('ref_axis',(-0.630537098157895,-0.776159112454799,0.));
#11817=DIRECTION('center_axis',(0.,0.,1.));
#11818=DIRECTION('ref_axis',(-0.630537098157895,-0.776159112454799,0.));
#11819=DIRECTION('',(0.,0.,1.));
#11820=DIRECTION('center_axis',(-1.24420946712626E-14,1.,0.));
#11821=DIRECTION('ref_axis',(-1.,-1.24420946712626E-14,0.));
#11822=DIRECTION('',(1.,1.24420946712626E-14,0.));
#11823=DIRECTION('',(-1.,-1.24420946712626E-14,0.));
#11824=DIRECTION('center_axis',(0.,0.,1.));
#11825=DIRECTION('ref_axis',(-4.37114137213157E-8,-0.999999999999999,0.));
#11826=DIRECTION('center_axis',(0.,0.,-1.));
#11827=DIRECTION('ref_axis',(0.498797411079157,0.866718606411984,0.));
#11828=DIRECTION('',(0.,0.,1.));
#11829=DIRECTION('center_axis',(0.,0.,1.));
#11830=DIRECTION('ref_axis',(0.498797411079157,0.866718606411984,0.));
#11831=DIRECTION('',(0.,0.,1.));
#11832=DIRECTION('center_axis',(4.37114093965714E-8,0.999999999999999,0.));
#11833=DIRECTION('ref_axis',(-0.999999999999999,4.37114093965714E-8,0.));
#11834=DIRECTION('',(0.999999999999999,-4.37114093965714E-8,0.));
#11835=DIRECTION('',(-0.999999999999999,4.37114093965714E-8,0.));
#11836=DIRECTION('center_axis',(2.32214716629738E-16,1.,0.));
#11837=DIRECTION('ref_axis',(-1.,2.32214716629738E-16,0.));
#11838=DIRECTION('',(1.,-2.32214716629738E-16,0.));
#11839=DIRECTION('',(0.,0.,1.));
#11840=DIRECTION('',(-1.,2.32214716629738E-16,0.));
#11841=DIRECTION('',(0.,0.,1.));
#11842=DIRECTION('center_axis',(0.,0.,1.));
#11843=DIRECTION('ref_axis',(-7.44186906607665E-15,-1.,0.));
#11844=DIRECTION('center_axis',(0.,0.,-1.));
#11845=DIRECTION('ref_axis',(0.498797373193671,0.866718628215117,0.));
#11846=DIRECTION('center_axis',(0.,0.,1.));
#11847=DIRECTION('ref_axis',(0.498797373193671,0.866718628215117,0.));
#11848=DIRECTION('center_axis',(-1.24420946712626E-14,1.,0.));
#11849=DIRECTION('ref_axis',(-1.,-1.24420946712626E-14,0.));
#11850=DIRECTION('',(1.,1.24420946712626E-14,0.));
#11851=DIRECTION('',(0.,0.,1.));
#11852=DIRECTION('',(-1.,-1.24420946712626E-14,0.));
#11853=DIRECTION('',(0.,0.,1.));
#11854=DIRECTION('center_axis',(0.,0.,1.));
#11855=DIRECTION('ref_axis',(-0.630537098157895,-0.776159112454799,0.));
#11856=DIRECTION('center_axis',(0.,0.,-1.));
#11857=DIRECTION('ref_axis',(-0.630537098157895,-0.776159112454799,0.));
#11858=DIRECTION('',(0.,0.,1.));
#11859=DIRECTION('center_axis',(0.,0.,1.));
#11860=DIRECTION('ref_axis',(-0.630537098157895,-0.776159112454799,0.));
#11861=DIRECTION('center_axis',(9.16872873137949E-19,-1.,0.));
#11862=DIRECTION('ref_axis',(1.,9.16872873137949E-19,0.));
#11863=DIRECTION('',(-1.,-9.16872873137949E-19,0.));
#11864=DIRECTION('',(0.,0.,1.));
#11865=DIRECTION('',(1.,9.16872873137949E-19,0.));
#11866=DIRECTION('center_axis',(0.,0.,1.));
#11867=DIRECTION('ref_axis',(0.663190396901882,0.748450731482791,0.));
#11868=DIRECTION('center_axis',(0.,0.,-1.));
#11869=DIRECTION('ref_axis',(0.663190396901882,0.748450731482791,0.));
#11870=DIRECTION('center_axis',(0.,0.,1.));
#11871=DIRECTION('ref_axis',(0.663190396901882,0.748450731482791,0.));
#11872=DIRECTION('center_axis',(0.,0.,1.));
#11873=DIRECTION('ref_axis',(0.663190396901882,0.748450731482791,0.));
#11874=DIRECTION('center_axis',(0.,0.,-1.));
#11875=DIRECTION('ref_axis',(0.663190396901882,0.748450731482791,0.));
#11876=DIRECTION('',(0.,0.,1.));
#11877=DIRECTION('center_axis',(0.,0.,1.));
#11878=DIRECTION('ref_axis',(0.663190396901882,0.748450731482791,0.));
#11879=DIRECTION('',(0.,0.,1.));
#11880=DIRECTION('center_axis',(9.16872873137949E-19,-1.,0.));
#11881=DIRECTION('ref_axis',(1.,9.16872873137949E-19,0.));
#11882=DIRECTION('',(-1.,-9.16872873137949E-19,0.));
#11883=DIRECTION('',(1.,9.16872873137949E-19,0.));
#11884=DIRECTION('',(0.,0.,1.));
#11885=DIRECTION('center_axis',(0.,0.,1.));
#11886=DIRECTION('ref_axis',(-0.630537098157895,-0.776159112454799,0.));
#11887=DIRECTION('center_axis',(0.,0.,-1.));
#11888=DIRECTION('ref_axis',(-0.630537098157895,-0.776159112454799,0.));
#11889=DIRECTION('center_axis',(0.,0.,1.));
#11890=DIRECTION('ref_axis',(-0.630537098157895,-0.776159112454799,0.));
#11891=DIRECTION('',(0.,0.,1.));
#11892=DIRECTION('center_axis',(-1.24420946712626E-14,1.,0.));
#11893=DIRECTION('ref_axis',(-1.,-1.24420946712626E-14,0.));
#11894=DIRECTION('',(1.,1.24420946712626E-14,0.));
#11895=DIRECTION('',(-1.,-1.24420946712626E-14,0.));
#11896=DIRECTION('center_axis',(0.,0.,1.));
#11897=DIRECTION('ref_axis',(-0.999999999999999,4.37114093965714E-8,0.));
#11898=DIRECTION('center_axis',(0.,0.,1.));
#11899=DIRECTION('ref_axis',(-0.999999999999999,4.37114093965714E-8,0.));
#11900=DIRECTION('',(0.,0.,1.));
#11901=DIRECTION('center_axis',(0.,0.,-1.));
#11902=DIRECTION('ref_axis',(-0.999999999999999,4.37114093965714E-8,0.));
#11903=DIRECTION('center_axis',(1.62008644258937E-15,1.,0.));
#11904=DIRECTION('ref_axis',(-1.,1.62008644258937E-15,0.));
#11905=DIRECTION('',(1.,-1.62008644258937E-15,0.));
#11906=DIRECTION('',(0.,0.,1.));
#11907=DIRECTION('',(-1.,1.62008644258937E-15,0.));
#11908=DIRECTION('',(0.,0.,1.));
#11909=DIRECTION('center_axis',(0.,0.,1.));
#11910=DIRECTION('ref_axis',(-6.74960217620906E-15,-1.,0.));
#11911=DIRECTION('center_axis',(0.,0.,-1.));
#11912=DIRECTION('ref_axis',(0.49879737319367,0.866718628215117,0.));
#11913=DIRECTION('center_axis',(0.,0.,1.));
#11914=DIRECTION('ref_axis',(0.49879737319367,0.866718628215117,0.));
#11915=DIRECTION('center_axis',(0.,0.,1.));
#11916=DIRECTION('ref_axis',(-0.999999999999999,4.37114093965714E-8,0.));
#11917=DIRECTION('center_axis',(0.,0.,1.));
#11918=DIRECTION('ref_axis',(-0.999999999999999,4.37114093965714E-8,0.));
#11919=DIRECTION('',(0.,0.,1.));
#11920=DIRECTION('center_axis',(0.,0.,-1.));
#11921=DIRECTION('ref_axis',(-0.999999999999999,4.37114093965714E-8,0.));
#11922=DIRECTION('center_axis',(-3.0079584063794E-15,-1.,0.));
#11923=DIRECTION('ref_axis',(1.,-3.0079584063794E-15,0.));
#11924=DIRECTION('',(-1.,3.0079584063794E-15,0.));
#11925=DIRECTION('',(0.,0.,1.));
#11926=DIRECTION('',(1.,-3.0079584063794E-15,0.));
#11927=DIRECTION('',(0.,0.,1.));
#11928=DIRECTION('center_axis',(0.,0.,1.));
#11929=DIRECTION('ref_axis',(-1.0210936625547E-14,1.,0.));
#11930=DIRECTION('center_axis',(0.,0.,-1.));
#11931=DIRECTION('ref_axis',(-0.49879737319366,-0.866718628215123,0.));
#11932=DIRECTION('center_axis',(0.,0.,1.));
#11933=DIRECTION('ref_axis',(-0.49879737319366,-0.866718628215123,0.));
#11934=DIRECTION('center_axis',(0.,0.,1.));
#11935=DIRECTION('ref_axis',(1.03840033480139E-15,1.,0.));
#11936=DIRECTION('center_axis',(0.,0.,-1.));
#11937=DIRECTION('ref_axis',(-0.49879737319366,-0.866718628215123,0.));
#11938=DIRECTION('',(0.,0.,1.));
#11939=DIRECTION('center_axis',(0.,0.,1.));
#11940=DIRECTION('ref_axis',(-0.49879737319366,-0.866718628215123,0.));
#11941=DIRECTION('',(0.,0.,1.));
#11942=DIRECTION('center_axis',(-4.39583012716883E-15,-1.,0.));
#11943=DIRECTION('ref_axis',(1.,-4.39583012716883E-15,0.));
#11944=DIRECTION('',(-1.,4.39583012716883E-15,0.));
#11945=DIRECTION('',(1.,-4.39583012716883E-15,0.));
#11946=DIRECTION('center_axis',(-4.39583012716883E-15,-1.,0.));
#11947=DIRECTION('ref_axis',(1.,-4.39583012716883E-15,0.));
#11948=DIRECTION('',(-1.,4.39583012716883E-15,0.));
#11949=DIRECTION('',(0.,0.,1.));
#11950=DIRECTION('',(1.,-4.39583012716883E-15,0.));
#11951=DIRECTION('',(0.,0.,1.));
#11952=DIRECTION('center_axis',(0.,0.,1.));
#11953=DIRECTION('ref_axis',(1.38453377973519E-15,1.,0.));
#11954=DIRECTION('center_axis',(0.,0.,-1.));
#11955=DIRECTION('ref_axis',(-0.49879737319366,-0.866718628215123,0.));
#11956=DIRECTION('center_axis',(0.,0.,1.));
#11957=DIRECTION('ref_axis',(-0.49879737319366,-0.866718628215123,0.));
#11958=DIRECTION('center_axis',(0.,0.,1.));
#11959=DIRECTION('ref_axis',(-0.999999999999999,4.37114093965714E-8,0.));
#11960=DIRECTION('center_axis',(0.,0.,1.));
#11961=DIRECTION('ref_axis',(-0.999999999999999,4.37114093965714E-8,0.));
#11962=DIRECTION('',(0.,0.,1.));
#11963=DIRECTION('center_axis',(0.,0.,-1.));
#11964=DIRECTION('ref_axis',(-0.999999999999999,4.37114093965714E-8,0.));
#11965=DIRECTION('center_axis',(-3.0079584063794E-15,-1.,0.));
#11966=DIRECTION('ref_axis',(1.,-3.0079584063794E-15,0.));
#11967=DIRECTION('',(-1.,3.0079584063794E-15,0.));
#11968=DIRECTION('',(0.,0.,1.));
#11969=DIRECTION('',(1.,-3.0079584063794E-15,0.));
#11970=DIRECTION('',(0.,0.,1.));
#11971=DIRECTION('center_axis',(0.,0.,1.));
#11972=DIRECTION('ref_axis',(8.65333612334494E-16,1.,0.));
#11973=DIRECTION('center_axis',(0.,0.,-1.));
#11974=DIRECTION('ref_axis',(-0.498797373193664,-0.866718628215121,0.));
#11975=DIRECTION('center_axis',(0.,0.,1.));
#11976=DIRECTION('ref_axis',(-0.498797373193664,-0.866718628215121,0.));
#11977=DIRECTION('center_axis',(0.,0.,1.));
#11978=DIRECTION('ref_axis',(-6.74960217620906E-15,-1.,0.));
#11979=DIRECTION('center_axis',(0.,0.,-1.));
#11980=DIRECTION('ref_axis',(0.49879737319367,0.866718628215117,0.));
#11981=DIRECTION('',(0.,0.,1.));
#11982=DIRECTION('center_axis',(0.,0.,1.));
#11983=DIRECTION('ref_axis',(0.49879737319367,0.866718628215117,0.));
#11984=DIRECTION('',(0.,0.,1.));
#11985=DIRECTION('center_axis',(1.62008644258937E-15,1.,0.));
#11986=DIRECTION('ref_axis',(-1.,1.62008644258937E-15,0.));
#11987=DIRECTION('',(1.,-1.62008644258937E-15,0.));
#11988=DIRECTION('',(-1.,1.62008644258937E-15,0.));
#11989=DIRECTION('center_axis',(4.37114093965714E-8,0.999999999999999,0.));
#11990=DIRECTION('ref_axis',(-0.999999999999999,4.37114093965714E-8,0.));
#11991=DIRECTION('',(0.999999999999999,-4.37114093965714E-8,0.));
#11992=DIRECTION('',(0.,0.,1.));
#11993=DIRECTION('',(-0.999999999999999,4.37114093965714E-8,0.));
#11994=DIRECTION('',(0.,0.,1.));
#11995=DIRECTION('center_axis',(0.,0.,1.));
#11996=DIRECTION('ref_axis',(-4.37114128559821E-8,-0.999999999999999,0.));
#11997=DIRECTION('center_axis',(0.,0.,-1.));
#11998=DIRECTION('ref_axis',(0.498797411079157,0.866718606411984,0.));
#11999=DIRECTION('center_axis',(0.,0.,1.));
#12000=DIRECTION('ref_axis',(0.498797411079157,0.866718606411984,0.));
#12001=DIRECTION('center_axis',(0.,0.,1.));
#12002=DIRECTION('ref_axis',(-0.999999999999999,4.37114093965714E-8,0.));
#12003=DIRECTION('center_axis',(0.,0.,1.));
#12004=DIRECTION('ref_axis',(-0.999999999999999,4.37114093965714E-8,0.));
#12005=DIRECTION('',(0.,0.,1.));
#12006=DIRECTION('center_axis',(0.,0.,-1.));
#12007=DIRECTION('ref_axis',(-0.999999999999999,4.37114093965714E-8,0.));
#12008=DIRECTION('center_axis',(-3.0079584063794E-15,-1.,0.));
#12009=DIRECTION('ref_axis',(1.,-3.0079584063794E-15,0.));
#12010=DIRECTION('',(-1.,3.0079584063794E-15,0.));
#12011=DIRECTION('',(0.,0.,1.));
#12012=DIRECTION('',(1.,-3.0079584063794E-15,0.));
#12013=DIRECTION('',(0.,0.,1.));
#12014=DIRECTION('center_axis',(0.,0.,1.));
#12015=DIRECTION('ref_axis',(1.10762702378815E-14,1.,0.));
#12016=DIRECTION('center_axis',(0.,0.,-1.));
#12017=DIRECTION('ref_axis',(-0.498797373193664,-0.866718628215121,0.));
#12018=DIRECTION('center_axis',(0.,0.,1.));
#12019=DIRECTION('ref_axis',(-0.498797373193664,-0.866718628215121,0.));
#12020=DIRECTION('center_axis',(0.,0.,1.));
#12021=DIRECTION('ref_axis',(-4.84586822907317E-15,1.,0.));
#12022=DIRECTION('center_axis',(0.,0.,-1.));
#12023=DIRECTION('ref_axis',(-0.49879737319366,-0.866718628215123,0.));
#12024=DIRECTION('',(0.,0.,1.));
#12025=DIRECTION('center_axis',(0.,0.,1.));
#12026=DIRECTION('ref_axis',(-0.49879737319366,-0.866718628215123,0.));
#12027=DIRECTION('',(0.,0.,1.));
#12028=DIRECTION('center_axis',(-3.0079584063794E-15,-1.,0.));
#12029=DIRECTION('ref_axis',(1.,-3.0079584063794E-15,0.));
#12030=DIRECTION('',(-1.,3.0079584063794E-15,0.));
#12031=DIRECTION('',(1.,-3.0079584063794E-15,0.));
#12032=DIRECTION('center_axis',(1.62008644258937E-15,1.,0.));
#12033=DIRECTION('ref_axis',(-1.,1.62008644258937E-15,0.));
#12034=DIRECTION('',(1.,-1.62008644258937E-15,0.));
#12035=DIRECTION('',(0.,0.,1.));
#12036=DIRECTION('',(-1.,1.62008644258937E-15,0.));
#12037=DIRECTION('',(0.,0.,1.));
#12038=DIRECTION('center_axis',(0.,0.,1.));
#12039=DIRECTION('ref_axis',(-1.12493369603484E-14,-1.,0.));
#12040=DIRECTION('center_axis',(0.,0.,-1.));
#12041=DIRECTION('ref_axis',(0.49879737319367,0.866718628215117,0.));
#12042=DIRECTION('center_axis',(0.,0.,1.));
#12043=DIRECTION('ref_axis',(0.49879737319367,0.866718628215117,0.));
#12044=DIRECTION('center_axis',(-1.24420946712626E-14,1.,0.));
#12045=DIRECTION('ref_axis',(-1.,-1.24420946712626E-14,0.));
#12046=DIRECTION('',(1.,1.24420946712626E-14,0.));
#12047=DIRECTION('',(0.,0.,1.));
#12048=DIRECTION('',(-1.,-1.24420946712626E-14,0.));
#12049=DIRECTION('',(0.,0.,1.));
#12050=DIRECTION('center_axis',(0.,0.,1.));
#12051=DIRECTION('ref_axis',(-0.630537098157895,-0.776159112454799,0.));
#12052=DIRECTION('center_axis',(0.,0.,-1.));
#12053=DIRECTION('ref_axis',(-0.630537098157895,-0.776159112454799,0.));
#12054=DIRECTION('',(0.,0.,1.));
#12055=DIRECTION('center_axis',(0.,0.,1.));
#12056=DIRECTION('ref_axis',(-0.630537098157895,-0.776159112454799,0.));
#12057=DIRECTION('center_axis',(9.16872873137949E-19,-1.,0.));
#12058=DIRECTION('ref_axis',(1.,9.16872873137949E-19,0.));
#12059=DIRECTION('',(-1.,-9.16872873137949E-19,0.));
#12060=DIRECTION('',(0.,0.,1.));
#12061=DIRECTION('',(1.,9.16872873137949E-19,0.));
#12062=DIRECTION('center_axis',(0.,0.,1.));
#12063=DIRECTION('ref_axis',(0.663190396901882,0.748450731482791,0.));
#12064=DIRECTION('center_axis',(0.,0.,-1.));
#12065=DIRECTION('ref_axis',(0.663190396901882,0.748450731482791,0.));
#12066=DIRECTION('center_axis',(0.,0.,1.));
#12067=DIRECTION('ref_axis',(0.663190396901882,0.748450731482791,0.));
#12068=DIRECTION('center_axis',(-3.0079584063794E-15,-1.,0.));
#12069=DIRECTION('ref_axis',(1.,-3.0079584063794E-15,0.));
#12070=DIRECTION('',(-1.,3.0079584063794E-15,0.));
#12071=DIRECTION('',(0.,0.,1.));
#12072=DIRECTION('',(1.,-3.0079584063794E-15,0.));
#12073=DIRECTION('',(0.,0.,1.));
#12074=DIRECTION('center_axis',(0.,0.,1.));
#12075=DIRECTION('ref_axis',(-4.84586822907317E-15,1.,0.));
#12076=DIRECTION('center_axis',(0.,0.,-1.));
#12077=DIRECTION('ref_axis',(-0.49879737319366,-0.866718628215123,0.));
#12078=DIRECTION('center_axis',(0.,0.,1.));
#12079=DIRECTION('ref_axis',(-0.49879737319366,-0.866718628215123,0.));
#12080=DIRECTION('center_axis',(-1.60812264967664E-16,1.,0.));
#12081=DIRECTION('ref_axis',(-1.,-1.60812264967664E-16,0.));
#12082=DIRECTION('',(1.,1.60812264967664E-16,0.));
#12083=DIRECTION('',(0.,0.,1.));
#12084=DIRECTION('',(-1.,-1.60812264967664E-16,0.));
#12085=DIRECTION('',(0.,0.,1.));
#12086=DIRECTION('center_axis',(-1.,-1.60812264967664E-16,0.));
#12087=DIRECTION('ref_axis',(1.60812264967664E-16,-1.,0.));
#12088=DIRECTION('',(-1.60812264967664E-16,1.,0.));
#12089=DIRECTION('',(0.,0.,1.));
#12090=DIRECTION('',(1.60812264967664E-16,-1.,0.));
#12091=DIRECTION('center_axis',(1.60812264967664E-16,-1.,0.));
#12092=DIRECTION('ref_axis',(1.,1.60812264967664E-16,0.));
#12093=DIRECTION('',(-1.,-1.60812264967664E-16,0.));
#12094=DIRECTION('',(0.,0.,1.));
#12095=DIRECTION('',(1.,1.60812264967664E-16,0.));
#12096=DIRECTION('center_axis',(1.,1.60812264967664E-16,0.));
#12097=DIRECTION('ref_axis',(-1.60812264967664E-16,1.,0.));
#12098=DIRECTION('',(1.60812264967664E-16,-1.,0.));
#12099=DIRECTION('',(-1.60812264967664E-16,1.,0.));
#12100=DIRECTION('center_axis',(0.,0.,1.));
#12101=DIRECTION('ref_axis',(0.663190396901882,0.748450731482791,0.));
#12102=DIRECTION('center_axis',(0.,0.,-1.));
#12103=DIRECTION('ref_axis',(0.663190396901882,0.748450731482791,0.));
#12104=DIRECTION('',(0.,0.,1.));
#12105=DIRECTION('center_axis',(0.,0.,1.));
#12106=DIRECTION('ref_axis',(0.663190396901882,0.748450731482791,0.));
#12107=DIRECTION('',(0.,0.,1.));
#12108=DIRECTION('center_axis',(9.16872873137949E-19,-1.,0.));
#12109=DIRECTION('ref_axis',(1.,9.16872873137949E-19,0.));
#12110=DIRECTION('',(-1.,-9.16872873137949E-19,0.));
#12111=DIRECTION('',(1.,9.16872873137949E-19,0.));
#12112=DIRECTION('',(0.,0.,1.));
#12113=DIRECTION('center_axis',(0.,0.,1.));
#12114=DIRECTION('ref_axis',(-0.630537098157895,-0.776159112454799,0.));
#12115=DIRECTION('center_axis',(0.,0.,-1.));
#12116=DIRECTION('ref_axis',(-0.630537098157895,-0.776159112454799,0.));
#12117=DIRECTION('center_axis',(0.,0.,1.));
#12118=DIRECTION('ref_axis',(-0.630537098157895,-0.776159112454799,0.));
#12119=DIRECTION('',(0.,0.,1.));
#12120=DIRECTION('center_axis',(-1.24420946712626E-14,1.,0.));
#12121=DIRECTION('ref_axis',(-1.,-1.24420946712626E-14,0.));
#12122=DIRECTION('',(1.,1.24420946712626E-14,0.));
#12123=DIRECTION('',(-1.,-1.24420946712626E-14,0.));
#12124=DIRECTION('center_axis',(-1.24420946712626E-14,1.,0.));
#12125=DIRECTION('ref_axis',(-1.,-1.24420946712626E-14,0.));
#12126=DIRECTION('',(1.,1.24420946712626E-14,0.));
#12127=DIRECTION('',(0.,0.,1.));
#12128=DIRECTION('',(-1.,-1.24420946712626E-14,0.));
#12129=DIRECTION('',(0.,0.,1.));
#12130=DIRECTION('center_axis',(0.,0.,1.));
#12131=DIRECTION('ref_axis',(-0.630537098157895,-0.776159112454799,0.));
#12132=DIRECTION('center_axis',(0.,0.,-1.));
#12133=DIRECTION('ref_axis',(-0.630537098157895,-0.776159112454799,0.));
#12134=DIRECTION('',(0.,0.,1.));
#12135=DIRECTION('center_axis',(0.,0.,1.));
#12136=DIRECTION('ref_axis',(-0.630537098157895,-0.776159112454799,0.));
#12137=DIRECTION('center_axis',(9.16872873137949E-19,-1.,0.));
#12138=DIRECTION('ref_axis',(1.,9.16872873137949E-19,0.));
#12139=DIRECTION('',(-1.,-9.16872873137949E-19,0.));
#12140=DIRECTION('',(0.,0.,1.));
#12141=DIRECTION('',(1.,9.16872873137949E-19,0.));
#12142=DIRECTION('center_axis',(0.,0.,1.));
#12143=DIRECTION('ref_axis',(0.663190396901882,0.748450731482791,0.));
#12144=DIRECTION('center_axis',(0.,0.,-1.));
#12145=DIRECTION('ref_axis',(0.663190396901882,0.748450731482791,0.));
#12146=DIRECTION('center_axis',(0.,0.,1.));
#12147=DIRECTION('ref_axis',(0.663190396901882,0.748450731482791,0.));
#12148=DIRECTION('center_axis',(-4.39583012716883E-15,-1.,0.));
#12149=DIRECTION('ref_axis',(1.,-4.39583012716883E-15,0.));
#12150=DIRECTION('',(-1.,4.39583012716883E-15,0.));
#12151=DIRECTION('',(0.,0.,1.));
#12152=DIRECTION('',(1.,-4.39583012716883E-15,0.));
#12153=DIRECTION('',(0.,0.,1.));
#12154=DIRECTION('center_axis',(0.,0.,1.));
#12155=DIRECTION('ref_axis',(-3.02866764317073E-15,1.,0.));
#12156=DIRECTION('center_axis',(0.,0.,-1.));
#12157=DIRECTION('ref_axis',(-0.49879737319366,-0.866718628215123,0.));
#12158=DIRECTION('center_axis',(0.,0.,1.));
#12159=DIRECTION('ref_axis',(-0.49879737319366,-0.866718628215123,0.));
#12160=DIRECTION('center_axis',(0.,0.,1.));
#12161=DIRECTION('ref_axis',(2.24986739206969E-15,1.,0.));
#12162=DIRECTION('center_axis',(0.,0.,-1.));
#12163=DIRECTION('ref_axis',(-0.49879737319366,-0.866718628215123,0.));
#12164=DIRECTION('',(0.,0.,1.));
#12165=DIRECTION('center_axis',(0.,0.,1.));
#12166=DIRECTION('ref_axis',(-0.49879737319366,-0.866718628215123,0.));
#12167=DIRECTION('',(0.,0.,1.));
#12168=DIRECTION('center_axis',(-4.39583012716883E-15,-1.,0.));
#12169=DIRECTION('ref_axis',(1.,-4.39583012716883E-15,0.));
#12170=DIRECTION('',(-1.,4.39583012716883E-15,0.));
#12171=DIRECTION('',(1.,-4.39583012716883E-15,0.));
#12172=DIRECTION('center_axis',(2.32214716629738E-16,1.,0.));
#12173=DIRECTION('ref_axis',(-1.,2.32214716629738E-16,0.));
#12174=DIRECTION('',(1.,-2.32214716629738E-16,0.));
#12175=DIRECTION('',(0.,0.,1.));
#12176=DIRECTION('',(-1.,2.32214716629738E-16,0.));
#12177=DIRECTION('',(0.,0.,1.));
#12178=DIRECTION('center_axis',(0.,0.,1.));
#12179=DIRECTION('ref_axis',(-7.44186906607665E-15,-1.,0.));
#12180=DIRECTION('center_axis',(0.,0.,-1.));
#12181=DIRECTION('ref_axis',(0.498797373193671,0.866718628215117,0.));
#12182=DIRECTION('center_axis',(0.,0.,1.));
#12183=DIRECTION('ref_axis',(0.498797373193671,0.866718628215117,0.));
#12184=DIRECTION('center_axis',(0.,0.,1.));
#12185=DIRECTION('ref_axis',(-1.32396042687178E-14,-1.,0.));
#12186=DIRECTION('center_axis',(0.,0.,-1.));
#12187=DIRECTION('ref_axis',(0.498797373193671,0.866718628215117,0.));
#12188=DIRECTION('',(0.,0.,1.));
#12189=DIRECTION('center_axis',(0.,0.,1.));
#12190=DIRECTION('ref_axis',(0.498797373193671,0.866718628215117,0.));
#12191=DIRECTION('',(0.,0.,1.));
#12192=DIRECTION('center_axis',(2.32214716629738E-16,1.,0.));
#12193=DIRECTION('ref_axis',(-1.,2.32214716629738E-16,0.));
#12194=DIRECTION('',(1.,-2.32214716629738E-16,0.));
#12195=DIRECTION('',(-1.,2.32214716629738E-16,0.));
#12196=DIRECTION('center_axis',(1.62008644258937E-15,1.,0.));
#12197=DIRECTION('ref_axis',(-1.,1.62008644258937E-15,0.));
#12198=DIRECTION('',(1.,-1.62008644258937E-15,0.));
#12199=DIRECTION('',(0.,0.,1.));
#12200=DIRECTION('',(-1.,1.62008644258937E-15,0.));
#12201=DIRECTION('',(0.,0.,1.));
#12202=DIRECTION('center_axis',(0.,0.,1.));
#12203=DIRECTION('ref_axis',(-6.74960217620906E-15,-1.,0.));
#12204=DIRECTION('center_axis',(0.,0.,-1.));
#12205=DIRECTION('ref_axis',(0.49879737319367,0.866718628215117,0.));
#12206=DIRECTION('center_axis',(0.,0.,1.));
#12207=DIRECTION('ref_axis',(0.49879737319367,0.866718628215117,0.));
#12208=DIRECTION('center_axis',(0.,0.,1.));
#12209=DIRECTION('ref_axis',(-1.2893470823784E-14,-1.,0.));
#12210=DIRECTION('center_axis',(0.,0.,-1.));
#12211=DIRECTION('ref_axis',(0.498797373193671,0.866718628215117,0.));
#12212=DIRECTION('',(0.,0.,1.));
#12213=DIRECTION('center_axis',(0.,0.,1.));
#12214=DIRECTION('ref_axis',(0.498797373193671,0.866718628215117,0.));
#12215=DIRECTION('',(0.,0.,1.));
#12216=DIRECTION('center_axis',(2.32214716629738E-16,1.,0.));
#12217=DIRECTION('ref_axis',(-1.,2.32214716629738E-16,0.));
#12218=DIRECTION('',(1.,-2.32214716629738E-16,0.));
#12219=DIRECTION('',(-1.,2.32214716629738E-16,0.));
#12220=DIRECTION('center_axis',(0.,0.,-1.));
#12221=DIRECTION('ref_axis',(-1.,-9.16872873137949E-19,0.));
#12222=DIRECTION('center_axis',(0.,0.,1.));
#12223=DIRECTION('ref_axis',(-1.,-9.16872873137949E-19,0.));
#12224=DIRECTION('',(0.,0.,1.));
#12225=DIRECTION('center_axis',(0.,0.,-1.));
#12226=DIRECTION('ref_axis',(-1.,-9.16872873137949E-19,0.));
#12227=DIRECTION('center_axis',(0.,0.,-1.));
#12228=DIRECTION('ref_axis',(-1.,-9.16872873137949E-19,0.));
#12229=DIRECTION('center_axis',(0.,0.,1.));
#12230=DIRECTION('ref_axis',(-1.,-9.16872873137949E-19,0.));
#12231=DIRECTION('',(0.,0.,1.));
#12232=DIRECTION('center_axis',(0.,0.,-1.));
#12233=DIRECTION('ref_axis',(-1.,-9.16872873137949E-19,0.));
#12234=DIRECTION('center_axis',(0.,1.,0.));
#12235=DIRECTION('ref_axis',(1.,0.,0.));
#12236=DIRECTION('',(0.,0.,1.));
#12237=DIRECTION('',(1.,0.,0.));
#12238=DIRECTION('',(0.,0.,1.));
#12239=DIRECTION('',(1.,0.,0.));
#12240=DIRECTION('center_axis',(0.,0.,-1.));
#12241=DIRECTION('ref_axis',(1.,0.,0.));
#12242=DIRECTION('center_axis',(0.,0.,1.));
#12243=DIRECTION('ref_axis',(1.,0.,0.));
#12244=DIRECTION('',(0.,0.,1.));
#12245=DIRECTION('center_axis',(0.,0.,1.));
#12246=DIRECTION('ref_axis',(1.,0.,0.));
#12247=DIRECTION('center_axis',(-1.,0.,0.));
#12248=DIRECTION('ref_axis',(0.,1.,0.));
#12249=DIRECTION('',(0.,1.,0.));
#12250=DIRECTION('',(0.,0.,1.));
#12251=DIRECTION('',(0.,1.,0.));
#12252=DIRECTION('center_axis',(0.,0.,-1.));
#12253=DIRECTION('ref_axis',(1.,0.,0.));
#12254=DIRECTION('center_axis',(0.,0.,1.));
#12255=DIRECTION('ref_axis',(1.,0.,0.));
#12256=DIRECTION('',(0.,0.,1.));
#12257=DIRECTION('center_axis',(0.,0.,1.));
#12258=DIRECTION('ref_axis',(1.,0.,0.));
#12259=DIRECTION('center_axis',(0.,-1.,0.));
#12260=DIRECTION('ref_axis',(-1.,0.,0.));
#12261=DIRECTION('',(-1.,0.,0.));
#12262=DIRECTION('',(0.,0.,1.));
#12263=DIRECTION('',(-1.,0.,0.));
#12264=DIRECTION('center_axis',(0.,0.,-1.));
#12265=DIRECTION('ref_axis',(-0.707106781186192,0.707106781186903,0.));
#12266=DIRECTION('center_axis',(0.,0.,1.));
#12267=DIRECTION('ref_axis',(1.,0.,0.));
#12268=DIRECTION('',(0.,0.,1.));
#12269=DIRECTION('center_axis',(0.,0.,1.));
#12270=DIRECTION('ref_axis',(1.,0.,0.));
#12271=DIRECTION('center_axis',(1.,0.,0.));
#12272=DIRECTION('ref_axis',(0.,-1.,0.));
#12273=DIRECTION('',(0.,-1.,0.));
#12274=DIRECTION('',(0.,0.,1.));
#12275=DIRECTION('',(0.,-1.,0.));
#12276=DIRECTION('center_axis',(0.,0.,-1.));
#12277=DIRECTION('ref_axis',(-0.707106781186544,-0.707106781186551,0.));
#12278=DIRECTION('center_axis',(0.,0.,1.));
#12279=DIRECTION('ref_axis',(1.,0.,0.));
#12280=DIRECTION('center_axis',(0.,0.,1.));
#12281=DIRECTION('ref_axis',(1.,0.,0.));
#12282=DIRECTION('center_axis',(0.,0.,-1.));
#12283=DIRECTION('ref_axis',(1.,0.,0.));
#12284=DIRECTION('center_axis',(0.,0.,1.));
#12285=DIRECTION('ref_axis',(1.,0.,0.));
#12286=DIRECTION('',(0.,0.,-1.));
#12287=DIRECTION('center_axis',(0.,0.,1.));
#12288=DIRECTION('ref_axis',(1.,0.,0.));
#12289=DIRECTION('center_axis',(0.,0.,-1.));
#12290=DIRECTION('ref_axis',(1.,0.,0.));
#12291=DIRECTION('center_axis',(0.,0.,1.));
#12292=DIRECTION('ref_axis',(1.,0.,0.));
#12293=DIRECTION('',(0.,0.,-1.));
#12294=DIRECTION('center_axis',(0.,0.,1.));
#12295=DIRECTION('ref_axis',(1.,0.,0.));
#12296=DIRECTION('center_axis',(0.,0.,-1.));
#12297=DIRECTION('ref_axis',(1.,0.,0.));
#12298=DIRECTION('center_axis',(0.,0.,1.));
#12299=DIRECTION('ref_axis',(1.,0.,0.));
#12300=DIRECTION('',(0.,0.,-1.));
#12301=DIRECTION('center_axis',(0.,0.,1.));
#12302=DIRECTION('ref_axis',(1.,0.,0.));
#12303=DIRECTION('center_axis',(0.,0.,-1.));
#12304=DIRECTION('ref_axis',(1.,0.,0.));
#12305=DIRECTION('center_axis',(0.,0.,1.));
#12306=DIRECTION('ref_axis',(1.,0.,0.));
#12307=DIRECTION('',(0.,0.,-1.));
#12308=DIRECTION('center_axis',(0.,0.,1.));
#12309=DIRECTION('ref_axis',(1.,0.,0.));
#12310=DIRECTION('center_axis',(0.,0.,-1.));
#12311=DIRECTION('ref_axis',(1.,0.,0.));
#12312=DIRECTION('',(0.,0.,1.));
#12313=DIRECTION('center_axis',(0.,0.,1.));
#12314=DIRECTION('ref_axis',(1.,0.,0.));
#12315=DIRECTION('',(0.,0.,1.));
#12316=DIRECTION('center_axis',(0.,0.,1.));
#12317=DIRECTION('ref_axis',(1.,0.,0.));
#12318=DIRECTION('center_axis',(0.,-1.,0.));
#12319=DIRECTION('ref_axis',(-1.,0.,0.));
#12320=DIRECTION('',(-1.,0.,0.));
#12321=DIRECTION('',(0.,0.,1.));
#12322=DIRECTION('',(-1.,0.,0.));
#12323=DIRECTION('center_axis',(0.,0.,-1.));
#12324=DIRECTION('ref_axis',(-1.,1.22464679914735E-16,0.));
#12325=DIRECTION('center_axis',(0.,0.,1.));
#12326=DIRECTION('ref_axis',(1.,0.,0.));
#12327=DIRECTION('',(0.,0.,1.));
#12328=DIRECTION('center_axis',(0.,0.,1.));
#12329=DIRECTION('ref_axis',(1.,0.,0.));
#12330=DIRECTION('center_axis',(0.,1.,0.));
#12331=DIRECTION('ref_axis',(1.,0.,0.));
#12332=DIRECTION('',(1.,0.,0.));
#12333=DIRECTION('',(1.,0.,0.));
#12334=DIRECTION('center_axis',(0.,0.,-1.));
#12335=DIRECTION('ref_axis',(1.,0.,0.));
#12336=DIRECTION('',(0.,0.,1.));
#12337=DIRECTION('center_axis',(0.,0.,1.));
#12338=DIRECTION('ref_axis',(1.,0.,0.));
#12339=DIRECTION('',(0.,0.,1.));
#12340=DIRECTION('center_axis',(0.,0.,1.));
#12341=DIRECTION('ref_axis',(1.,0.,0.));
#12342=DIRECTION('center_axis',(0.,-1.,0.));
#12343=DIRECTION('ref_axis',(-1.,0.,0.));
#12344=DIRECTION('',(-1.,0.,0.));
#12345=DIRECTION('',(0.,0.,1.));
#12346=DIRECTION('',(-1.,0.,0.));
#12347=DIRECTION('center_axis',(0.,0.,-1.));
#12348=DIRECTION('ref_axis',(-1.,1.22464679914735E-16,0.));
#12349=DIRECTION('center_axis',(0.,0.,1.));
#12350=DIRECTION('ref_axis',(1.,0.,0.));
#12351=DIRECTION('',(0.,0.,1.));
#12352=DIRECTION('center_axis',(0.,0.,1.));
#12353=DIRECTION('ref_axis',(1.,0.,0.));
#12354=DIRECTION('center_axis',(0.,1.,0.));
#12355=DIRECTION('ref_axis',(1.,0.,0.));
#12356=DIRECTION('',(1.,0.,0.));
#12357=DIRECTION('',(1.,0.,0.));
#12358=DIRECTION('center_axis',(0.,0.,-1.));
#12359=DIRECTION('ref_axis',(1.,0.,0.));
#12360=DIRECTION('',(0.,0.,1.));
#12361=DIRECTION('center_axis',(0.,0.,1.));
#12362=DIRECTION('ref_axis',(1.,0.,0.));
#12363=DIRECTION('',(0.,0.,1.));
#12364=DIRECTION('center_axis',(0.,0.,1.));
#12365=DIRECTION('ref_axis',(1.,0.,0.));
#12366=DIRECTION('center_axis',(0.,-1.,0.));
#12367=DIRECTION('ref_axis',(-1.,0.,0.));
#12368=DIRECTION('',(-1.,0.,0.));
#12369=DIRECTION('',(0.,0.,1.));
#12370=DIRECTION('',(-1.,0.,0.));
#12371=DIRECTION('center_axis',(0.,0.,-1.));
#12372=DIRECTION('ref_axis',(-1.,1.22464679914735E-16,0.));
#12373=DIRECTION('center_axis',(0.,0.,1.));
#12374=DIRECTION('ref_axis',(1.,0.,0.));
#12375=DIRECTION('',(0.,0.,1.));
#12376=DIRECTION('center_axis',(0.,0.,1.));
#12377=DIRECTION('ref_axis',(1.,0.,0.));
#12378=DIRECTION('center_axis',(0.,1.,0.));
#12379=DIRECTION('ref_axis',(1.,0.,0.));
#12380=DIRECTION('',(1.,0.,0.));
#12381=DIRECTION('',(1.,0.,0.));
#12382=DIRECTION('center_axis',(0.,0.,-1.));
#12383=DIRECTION('ref_axis',(1.,0.,0.));
#12384=DIRECTION('',(0.,0.,1.));
#12385=DIRECTION('center_axis',(0.,0.,1.));
#12386=DIRECTION('ref_axis',(1.,0.,0.));
#12387=DIRECTION('',(0.,0.,1.));
#12388=DIRECTION('center_axis',(0.,0.,1.));
#12389=DIRECTION('ref_axis',(1.,0.,0.));
#12390=DIRECTION('center_axis',(0.,-1.,0.));
#12391=DIRECTION('ref_axis',(-1.,0.,0.));
#12392=DIRECTION('',(-1.,0.,0.));
#12393=DIRECTION('',(0.,0.,1.));
#12394=DIRECTION('',(-1.,0.,0.));
#12395=DIRECTION('center_axis',(0.,0.,-1.));
#12396=DIRECTION('ref_axis',(-1.,1.22464679914735E-16,0.));
#12397=DIRECTION('center_axis',(0.,0.,1.));
#12398=DIRECTION('ref_axis',(1.,0.,0.));
#12399=DIRECTION('',(0.,0.,1.));
#12400=DIRECTION('center_axis',(0.,0.,1.));
#12401=DIRECTION('ref_axis',(1.,0.,0.));
#12402=DIRECTION('center_axis',(0.,1.,0.));
#12403=DIRECTION('ref_axis',(1.,0.,0.));
#12404=DIRECTION('',(1.,0.,0.));
#12405=DIRECTION('',(1.,0.,0.));
#12406=DIRECTION('center_axis',(0.,0.,-1.));
#12407=DIRECTION('ref_axis',(1.,0.,0.));
#12408=DIRECTION('center_axis',(0.,0.,1.));
#12409=DIRECTION('ref_axis',(1.,0.,0.));
#12410=DIRECTION('',(0.,0.,-1.));
#12411=DIRECTION('center_axis',(0.,0.,1.));
#12412=DIRECTION('ref_axis',(1.,0.,0.));
#12413=DIRECTION('center_axis',(0.,0.,1.));
#12414=DIRECTION('ref_axis',(1.,0.,0.));
#12415=DIRECTION('center_axis',(0.,0.,1.));
#12416=DIRECTION('ref_axis',(1.,0.,0.));
#12417=DIRECTION('axis',(0.,0.,1.));
#12418=DIRECTION('refdir',(1.,0.,0.));
#12419=DIRECTION('center_axis',(2.711709361697E-31,-1.,1.347730459699E-15));
#12420=DIRECTION('ref_axis',(-1.836970198721E-16,-1.347730459699E-15,-1.));
#12421=DIRECTION('center_axis',(-6.123233995737E-17,-1.,-3.061616997868E-16));
#12422=DIRECTION('ref_axis',(-1.,6.123233995737E-17,1.224646799147E-16));
#12423=DIRECTION('center_axis',(-6.123233995737E-17,-1.,-3.061616997868E-16));
#12424=DIRECTION('ref_axis',(-1.,6.123233995737E-17,1.224646799147E-16));
#12425=DIRECTION('center_axis',(-6.123233995737E-17,-1.,-3.061616997868E-16));
#12426=DIRECTION('ref_axis',(-1.,6.123233995737E-17,1.224646799147E-16));
#12427=DIRECTION('',(6.123233995737E-17,1.,3.061616997868E-16));
#12428=DIRECTION('center_axis',(-6.123233995737E-17,-1.,-3.061616997868E-16));
#12429=DIRECTION('ref_axis',(-1.,6.123233995737E-17,1.224646799147E-16));
#12430=DIRECTION('center_axis',(1.,-6.123233995737E-17,-1.836970198721E-16));
#12431=DIRECTION('ref_axis',(0.,-3.19704268058538E-16,1.));
#12432=DIRECTION('center_axis',(1.836970198721E-16,-2.02128619923E-15,1.));
#12433=DIRECTION('ref_axis',(-6.123233995737E-17,-1.,-2.02128619923E-15));
#12434=DIRECTION('center_axis',(1.836970198721E-16,-2.02128619923E-15,1.));
#12435=DIRECTION('ref_axis',(-6.123233995737E-17,-1.,-2.02128619923E-15));
#12436=DIRECTION('center_axis',(-1.,6.123233995737E-17,1.836970198721E-16));
#12437=DIRECTION('ref_axis',(1.836970198721E-16,-1.12481983699642E-32,1.));
#12438=DIRECTION('center_axis',(-1.836970198721E-16,3.061616997868E-16,
-1.));
#12439=DIRECTION('ref_axis',(-1.,1.224646799147E-16,1.836970198721E-16));
#12440=DIRECTION('center_axis',(-1.836970198721E-16,3.061616997868E-16,
-1.));
#12441=DIRECTION('ref_axis',(-1.,1.224646799147E-16,1.836970198721E-16));
#12442=DIRECTION('',(1.836970198721E-16,-3.061616997868E-16,1.));
#12443=DIRECTION('center_axis',(-1.836970198721E-16,3.061616997868E-16,
-1.));
#12444=DIRECTION('ref_axis',(-1.,1.224646799147E-16,1.836970198721E-16));
#12445=DIRECTION('center_axis',(1.,-6.123233995737E-17,-1.836970198721E-16));
#12446=DIRECTION('ref_axis',(0.,-3.19704268058538E-16,1.));
#12447=DIRECTION('center_axis',(-6.123233995737E-17,-1.,-1.836970198721E-16));
#12448=DIRECTION('ref_axis',(-1.836970198721E-16,1.836970198721E-16,-1.));
#12449=DIRECTION('center_axis',(-6.123233995737E-17,-1.,-1.836970198721E-16));
#12450=DIRECTION('ref_axis',(-1.836970198721E-16,1.836970198721E-16,-1.));
#12451=DIRECTION('center_axis',(-1.,6.123233995737E-17,1.836970198721E-16));
#12452=DIRECTION('ref_axis',(1.836970198721E-16,-1.12481983699642E-32,1.));
#12453=DIRECTION('center_axis',(6.123233995737E-17,1.,3.061616997868E-16));
#12454=DIRECTION('ref_axis',(-1.,6.12323399573699E-17,2.449293598295E-16));
#12455=DIRECTION('center_axis',(6.123233995737E-17,1.,3.061616997868E-16));
#12456=DIRECTION('ref_axis',(-1.,6.12323399573699E-17,2.449293598295E-16));
#12457=DIRECTION('',(-6.123233995737E-17,-1.,-3.061616997868E-16));
#12458=DIRECTION('center_axis',(1.224646799147E-16,1.,3.061616997868E-16));
#12459=DIRECTION('ref_axis',(1.836970198721E-16,-3.061616997868E-16,1.));
#12460=DIRECTION('axis',(0.,0.,1.));
#12461=DIRECTION('refdir',(1.,0.,0.));
#12462=DIRECTION('center_axis',(2.711709361697E-31,-1.,1.347730459699E-15));
#12463=DIRECTION('ref_axis',(-1.836970198721E-16,-1.347730459699E-15,-1.));
#12464=DIRECTION('center_axis',(-6.123233995737E-17,-1.,-3.061616997868E-16));
#12465=DIRECTION('ref_axis',(-1.,6.123233995737E-17,1.224646799147E-16));
#12466=DIRECTION('center_axis',(-6.123233995737E-17,-1.,-3.061616997868E-16));
#12467=DIRECTION('ref_axis',(-1.,6.123233995737E-17,1.224646799147E-16));
#12468=DIRECTION('center_axis',(-6.123233995737E-17,-1.,-3.061616997868E-16));
#12469=DIRECTION('ref_axis',(-1.,6.123233995737E-17,1.224646799147E-16));
#12470=DIRECTION('',(6.123233995737E-17,1.,3.061616997868E-16));
#12471=DIRECTION('center_axis',(-6.123233995737E-17,-1.,-3.061616997868E-16));
#12472=DIRECTION('ref_axis',(-1.,6.123233995737E-17,1.224646799147E-16));
#12473=DIRECTION('center_axis',(1.,-6.123233995737E-17,-1.836970198721E-16));
#12474=DIRECTION('ref_axis',(1.59852134029269E-16,-3.19704268058538E-16,
1.));
#12475=DIRECTION('center_axis',(1.836970198721E-16,-2.02128619923E-15,1.));
#12476=DIRECTION('ref_axis',(-6.123233995737E-17,-1.,-2.02128619923E-15));
#12477=DIRECTION('center_axis',(1.836970198721E-16,-2.02128619923E-15,1.));
#12478=DIRECTION('ref_axis',(-6.123233995737E-17,-1.,-2.02128619923E-15));
#12479=DIRECTION('center_axis',(-1.,6.123233995737E-17,1.836970198721E-16));
#12480=DIRECTION('ref_axis',(1.836970198721E-16,-5.40712243053011E-32,1.));
#12481=DIRECTION('center_axis',(-1.836970198721E-16,3.061616997868E-16,
-1.));
#12482=DIRECTION('ref_axis',(-1.,1.224646799147E-16,1.836970198721E-16));
#12483=DIRECTION('center_axis',(-1.836970198721E-16,3.061616997868E-16,
-1.));
#12484=DIRECTION('ref_axis',(-1.,1.224646799147E-16,1.836970198721E-16));
#12485=DIRECTION('',(1.836970198721E-16,-3.061616997868E-16,1.));
#12486=DIRECTION('center_axis',(-1.836970198721E-16,3.061616997868E-16,
-1.));
#12487=DIRECTION('ref_axis',(-1.,1.224646799147E-16,1.836970198721E-16));
#12488=DIRECTION('center_axis',(1.,-6.123233995737E-17,-1.836970198721E-16));
#12489=DIRECTION('ref_axis',(1.59852134029269E-16,-3.19704268058538E-16,
1.));
#12490=DIRECTION('center_axis',(-6.123233995737E-17,-1.,-1.836970198721E-16));
#12491=DIRECTION('ref_axis',(-1.836970198721E-16,1.836970198721E-16,-1.));
#12492=DIRECTION('center_axis',(-6.123233995737E-17,-1.,-1.836970198721E-16));
#12493=DIRECTION('ref_axis',(-1.836970198721E-16,1.836970198721E-16,-1.));
#12494=DIRECTION('center_axis',(-1.,6.123233995737E-17,1.836970198721E-16));
#12495=DIRECTION('ref_axis',(1.836970198721E-16,-5.4071224305301E-32,1.));
#12496=DIRECTION('center_axis',(6.123233995737E-17,1.,3.061616997868E-16));
#12497=DIRECTION('ref_axis',(-1.,6.12323399573699E-17,2.449293598295E-16));
#12498=DIRECTION('center_axis',(6.123233995737E-17,1.,3.061616997868E-16));
#12499=DIRECTION('ref_axis',(-1.,6.12323399573699E-17,2.449293598295E-16));
#12500=DIRECTION('',(-6.123233995737E-17,-1.,-3.061616997868E-16));
#12501=DIRECTION('center_axis',(1.224646799147E-16,1.,3.061616997868E-16));
#12502=DIRECTION('ref_axis',(1.836970198721E-16,-3.061616997868E-16,1.));
#12503=DIRECTION('',(0.,0.,1.));
#12504=DIRECTION('',(1.,0.,0.));
#12505=DIRECTION('',(0.,0.,1.));
#12506=DIRECTION('',(1.,0.,0.));
#12507=DIRECTION('',(0.,0.,1.));
#12508=DIRECTION('',(1.,0.,0.));
#12509=DIRECTION('',(1.224646799147E-16,1.,3.061616997868E-16));
#12510=DIRECTION('',(-1.,1.224646799147E-16,2.449293598295E-16));
#12511=DIRECTION('',(0.,0.,1.));
#12512=DIRECTION('',(1.,0.,0.));
#12513=DIRECTION('',(0.,0.,1.));
#12514=DIRECTION('',(1.,0.,0.));
#12515=CARTESIAN_POINT('',(0.,0.,0.));
#12516=CARTESIAN_POINT('',(0.,0.,0.));
#12517=CARTESIAN_POINT('Origin',(409.8658,356.4,1.15));
#12518=CARTESIAN_POINT('',(414.4158,356.4,8.46545056276682E-15));
#12519=CARTESIAN_POINT('Origin',(409.8658,356.4,0.));
#12520=CARTESIAN_POINT('',(413.1966,356.4,1.2192));
#12521=CARTESIAN_POINT('',(413.2658,356.4,1.15));
#12522=CARTESIAN_POINT('Origin',(409.8658,356.4,1.2192));
#12523=CARTESIAN_POINT('Origin',(25.3442,268.92,1.15));
#12524=CARTESIAN_POINT('',(29.8942,268.92,-1.38777878078145E-15));
#12525=CARTESIAN_POINT('Origin',(25.3442,268.92,0.));
#12526=CARTESIAN_POINT('',(28.675,268.92,1.2192));
#12527=CARTESIAN_POINT('',(28.7442,268.92,1.15));
#12528=CARTESIAN_POINT('Origin',(25.3442,268.92,1.2192));
#12529=CARTESIAN_POINT('Origin',(25.3442,373.7,1.15));
#12530=CARTESIAN_POINT('',(29.8942,373.7,-1.38777878078145E-15));
#12531=CARTESIAN_POINT('Origin',(25.3442,373.7,0.));
#12532=CARTESIAN_POINT('',(28.675,373.7,1.2192));
#12533=CARTESIAN_POINT('',(28.7442,373.7,1.15));
#12534=CARTESIAN_POINT('Origin',(25.3442,373.7,1.2192));
#12535=CARTESIAN_POINT('Origin',(149.1742,268.92,1.15));
#12536=CARTESIAN_POINT('',(153.7242,268.92,-1.38777878078145E-15));
#12537=CARTESIAN_POINT('Origin',(149.1742,268.92,0.));
#12538=CARTESIAN_POINT('',(152.505,268.92,1.2192));
#12539=CARTESIAN_POINT('',(152.5742,268.92,1.15));
#12540=CARTESIAN_POINT('Origin',(149.1742,268.92,1.2192));
#12541=CARTESIAN_POINT('Origin',(149.1742,373.7,1.15));
#12542=CARTESIAN_POINT('',(153.7242,373.7,-1.38777878078145E-15));
#12543=CARTESIAN_POINT('Origin',(149.1742,373.7,0.));
#12544=CARTESIAN_POINT('',(152.505,373.7,1.2192));
#12545=CARTESIAN_POINT('',(152.5742,373.7,1.15));
#12546=CARTESIAN_POINT('Origin',(149.1742,373.7,1.2192));
#12547=CARTESIAN_POINT('Origin',(198.0942,268.92,1.15));
#12548=CARTESIAN_POINT('',(202.6442,268.92,6.52256026967279E-15));
#12549=CARTESIAN_POINT('Origin',(198.0942,268.92,0.));
#12550=CARTESIAN_POINT('',(201.425,268.92,1.2192));
#12551=CARTESIAN_POINT('',(201.4942,268.92,1.15));
#12552=CARTESIAN_POINT('Origin',(198.0942,268.92,1.2192));
#12553=CARTESIAN_POINT('Origin',(198.0942,373.7,1.15));
#12554=CARTESIAN_POINT('',(202.6442,373.7,6.52256026967279E-15));
#12555=CARTESIAN_POINT('Origin',(198.0942,373.7,0.));
#12556=CARTESIAN_POINT('',(201.425,373.7,1.2192));
#12557=CARTESIAN_POINT('',(201.4942,373.7,1.15));
#12558=CARTESIAN_POINT('Origin',(198.0942,373.7,1.2192));
#12559=CARTESIAN_POINT('Origin',(321.9242,268.92,1.15));
#12560=CARTESIAN_POINT('',(326.4742,268.92,6.52256026967279E-15));
#12561=CARTESIAN_POINT('Origin',(321.9242,268.92,0.));
#12562=CARTESIAN_POINT('',(325.255,268.92,1.2192));
#12563=CARTESIAN_POINT('',(325.3242,268.92,1.15));
#12564=CARTESIAN_POINT('Origin',(321.9242,268.92,1.2192));
#12565=CARTESIAN_POINT('Origin',(321.9242,373.7,1.15));
#12566=CARTESIAN_POINT('',(326.4742,373.7,6.52256026967279E-15));
#12567=CARTESIAN_POINT('Origin',(321.9242,373.7,0.));
#12568=CARTESIAN_POINT('',(325.255,373.7,1.2192));
#12569=CARTESIAN_POINT('',(325.3242,373.7,1.15));
#12570=CARTESIAN_POINT('Origin',(321.9242,373.7,1.2192));
#12571=CARTESIAN_POINT('Origin',(392.3258,251.35,0.85));
#12572=CARTESIAN_POINT('',(395.7258,251.35,-1.69309011255336E-14));
#12573=CARTESIAN_POINT('Origin',(392.3258,251.35,0.));
#12574=CARTESIAN_POINT('',(394.5066,251.35,1.2192));
#12575=CARTESIAN_POINT('',(394.8758,251.35,0.85));
#12576=CARTESIAN_POINT('Origin',(392.3258,251.35,1.2192));
#12577=CARTESIAN_POINT('Origin',(344.1058,244.99,0.85));
#12578=CARTESIAN_POINT('',(347.5058,244.99,-1.69309011255336E-14));
#12579=CARTESIAN_POINT('Origin',(344.1058,244.99,0.));
#12580=CARTESIAN_POINT('',(346.2866,244.99,1.2192));
#12581=CARTESIAN_POINT('',(346.6558,244.99,0.85));
#12582=CARTESIAN_POINT('Origin',(344.1058,244.99,1.2192));
#12583=CARTESIAN_POINT('Origin',(359.3358,220.9,0.85));
#12584=CARTESIAN_POINT('',(362.7358,220.9,-1.69309011255336E-14));
#12585=CARTESIAN_POINT('Origin',(359.3358,220.9,0.));
#12586=CARTESIAN_POINT('',(361.5166,220.9,1.2192));
#12587=CARTESIAN_POINT('',(361.8858,220.9,0.85));
#12588=CARTESIAN_POINT('Origin',(359.3358,220.9,1.2192));
#12589=CARTESIAN_POINT('Origin',(387.2458,220.9,0.85));
#12590=CARTESIAN_POINT('',(390.6458,220.9,-1.69309011255336E-14));
#12591=CARTESIAN_POINT('Origin',(387.2458,220.9,0.));
#12592=CARTESIAN_POINT('',(389.4266,220.9,1.2192));
#12593=CARTESIAN_POINT('',(389.7958,220.9,0.85));
#12594=CARTESIAN_POINT('Origin',(387.2458,220.9,1.2192));
#12595=CARTESIAN_POINT('Origin',(392.3258,168.88,0.85));
#12596=CARTESIAN_POINT('',(395.7258,168.88,-1.69309011255336E-14));
#12597=CARTESIAN_POINT('Origin',(392.3258,168.88,0.));
#12598=CARTESIAN_POINT('',(394.5066,168.88,1.2192));
#12599=CARTESIAN_POINT('',(394.8758,168.88,0.85));
#12600=CARTESIAN_POINT('Origin',(392.3258,168.88,1.2192));
#12601=CARTESIAN_POINT('Origin',(344.1058,170.11,0.85));
#12602=CARTESIAN_POINT('',(347.5058,170.11,-1.69309011255336E-14));
#12603=CARTESIAN_POINT('Origin',(344.1058,170.11,0.));
#12604=CARTESIAN_POINT('',(346.2866,170.11,1.2192));
#12605=CARTESIAN_POINT('',(346.6558,170.11,0.85));
#12606=CARTESIAN_POINT('Origin',(344.1058,170.11,1.2192));
#12607=CARTESIAN_POINT('Origin',(286.6242,232.9,0.85));
#12608=CARTESIAN_POINT('',(290.0242,232.9,-4.44089209850063E-15));
#12609=CARTESIAN_POINT('Origin',(286.6242,232.9,0.));
#12610=CARTESIAN_POINT('',(288.805,232.9,1.2192));
#12611=CARTESIAN_POINT('',(289.1742,232.9,0.85));
#12612=CARTESIAN_POINT('Origin',(286.6242,232.9,1.2192));
#12613=CARTESIAN_POINT('Origin',(21.6242,232.9,0.85));
#12614=CARTESIAN_POINT('',(25.0242,232.9,-4.44089209850063E-15));
#12615=CARTESIAN_POINT('Origin',(21.6242,232.9,0.));
#12616=CARTESIAN_POINT('',(23.805,232.9,1.2192));
#12617=CARTESIAN_POINT('',(24.1742,232.9,0.85));
#12618=CARTESIAN_POINT('Origin',(21.6242,232.9,1.2192));
#12619=CARTESIAN_POINT('Origin',(21.6242,212.9,0.85));
#12620=CARTESIAN_POINT('',(25.0242,212.9,-4.44089209850063E-15));
#12621=CARTESIAN_POINT('Origin',(21.6242,212.9,0.));
#12622=CARTESIAN_POINT('',(23.805,212.9,1.2192));
#12623=CARTESIAN_POINT('',(24.1742,212.9,0.85));
#12624=CARTESIAN_POINT('Origin',(21.6242,212.9,1.2192));
#12625=CARTESIAN_POINT('Origin',(46.6242,232.9,0.85));
#12626=CARTESIAN_POINT('',(50.0242,232.9,-4.44089209850063E-15));
#12627=CARTESIAN_POINT('Origin',(46.6242,232.9,0.));
#12628=CARTESIAN_POINT('',(48.805,232.9,1.2192));
#12629=CARTESIAN_POINT('',(49.1742,232.9,0.85));
#12630=CARTESIAN_POINT('Origin',(46.6242,232.9,1.2192));
#12631=CARTESIAN_POINT('Origin',(46.6242,212.9,0.85));
#12632=CARTESIAN_POINT('',(50.0242,212.9,-4.44089209850063E-15));
#12633=CARTESIAN_POINT('Origin',(46.6242,212.9,0.));
#12634=CARTESIAN_POINT('',(48.805,212.9,1.2192));
#12635=CARTESIAN_POINT('',(49.1742,212.9,0.85));
#12636=CARTESIAN_POINT('Origin',(46.6242,212.9,1.2192));
#12637=CARTESIAN_POINT('Origin',(61.6242,232.9,0.85));
#12638=CARTESIAN_POINT('',(65.0242,232.9,-4.44089209850063E-15));
#12639=CARTESIAN_POINT('Origin',(61.6242,232.9,0.));
#12640=CARTESIAN_POINT('',(63.805,232.9,1.2192));
#12641=CARTESIAN_POINT('',(64.1742,232.9,0.85));
#12642=CARTESIAN_POINT('Origin',(61.6242,232.9,1.2192));
#12643=CARTESIAN_POINT('Origin',(61.6242,212.9,0.85));
#12644=CARTESIAN_POINT('',(65.0242,212.9,-4.44089209850063E-15));
#12645=CARTESIAN_POINT('Origin',(61.6242,212.9,0.));
#12646=CARTESIAN_POINT('',(63.805,212.9,1.2192));
#12647=CARTESIAN_POINT('',(64.1742,212.9,0.85));
#12648=CARTESIAN_POINT('Origin',(61.6242,212.9,1.2192));
#12649=CARTESIAN_POINT('Origin',(86.6242,232.9,0.85));
#12650=CARTESIAN_POINT('',(90.0242,232.9,-4.44089209850063E-15));
#12651=CARTESIAN_POINT('Origin',(86.6242,232.9,0.));
#12652=CARTESIAN_POINT('',(88.805,232.9,1.2192));
#12653=CARTESIAN_POINT('',(89.1742,232.9,0.85));
#12654=CARTESIAN_POINT('Origin',(86.6242,232.9,1.2192));
#12655=CARTESIAN_POINT('Origin',(86.6242,212.9,0.85));
#12656=CARTESIAN_POINT('',(90.0242,212.9,-4.44089209850063E-15));
#12657=CARTESIAN_POINT('Origin',(86.6242,212.9,0.));
#12658=CARTESIAN_POINT('',(88.805,212.9,1.2192));
#12659=CARTESIAN_POINT('',(89.1742,212.9,0.85));
#12660=CARTESIAN_POINT('Origin',(86.6242,212.9,1.2192));
#12661=CARTESIAN_POINT('Origin',(101.6242,232.9,0.85));
#12662=CARTESIAN_POINT('',(105.0242,232.9,-4.44089209850063E-15));
#12663=CARTESIAN_POINT('Origin',(101.6242,232.9,0.));
#12664=CARTESIAN_POINT('',(103.805,232.9,1.2192));
#12665=CARTESIAN_POINT('',(104.1742,232.9,0.85));
#12666=CARTESIAN_POINT('Origin',(101.6242,232.9,1.2192));
#12667=CARTESIAN_POINT('Origin',(101.6242,212.9,0.85));
#12668=CARTESIAN_POINT('',(105.0242,212.9,-4.44089209850063E-15));
#12669=CARTESIAN_POINT('Origin',(101.6242,212.9,0.));
#12670=CARTESIAN_POINT('',(103.805,212.9,1.2192));
#12671=CARTESIAN_POINT('',(104.1742,212.9,0.85));
#12672=CARTESIAN_POINT('Origin',(101.6242,212.9,1.2192));
#12673=CARTESIAN_POINT('Origin',(126.6242,232.9,0.85));
#12674=CARTESIAN_POINT('',(130.0242,232.9,-4.44089209850063E-15));
#12675=CARTESIAN_POINT('Origin',(126.6242,232.9,0.));
#12676=CARTESIAN_POINT('',(128.805,232.9,1.2192));
#12677=CARTESIAN_POINT('',(129.1742,232.9,0.85));
#12678=CARTESIAN_POINT('Origin',(126.6242,232.9,1.2192));
#12679=CARTESIAN_POINT('Origin',(126.6242,212.9,0.85));
#12680=CARTESIAN_POINT('',(130.0242,212.9,-4.44089209850063E-15));
#12681=CARTESIAN_POINT('Origin',(126.6242,212.9,0.));
#12682=CARTESIAN_POINT('',(128.805,212.9,1.2192));
#12683=CARTESIAN_POINT('',(129.1742,212.9,0.85));
#12684=CARTESIAN_POINT('Origin',(126.6242,212.9,1.2192));
#12685=CARTESIAN_POINT('Origin',(141.6242,232.9,0.85));
#12686=CARTESIAN_POINT('',(145.0242,232.9,-4.44089209850063E-15));
#12687=CARTESIAN_POINT('Origin',(141.6242,232.9,0.));
#12688=CARTESIAN_POINT('',(143.805,232.9,1.2192));
#12689=CARTESIAN_POINT('',(144.1742,232.9,0.85));
#12690=CARTESIAN_POINT('Origin',(141.6242,232.9,1.2192));
#12691=CARTESIAN_POINT('Origin',(141.6242,212.9,0.85));
#12692=CARTESIAN_POINT('',(145.0242,212.9,-4.44089209850063E-15));
#12693=CARTESIAN_POINT('Origin',(141.6242,212.9,0.));
#12694=CARTESIAN_POINT('',(143.805,212.9,1.2192));
#12695=CARTESIAN_POINT('',(144.1742,212.9,0.85));
#12696=CARTESIAN_POINT('Origin',(141.6242,212.9,1.2192));
#12697=CARTESIAN_POINT('Origin',(166.6242,232.9,0.85));
#12698=CARTESIAN_POINT('',(170.0242,232.9,-4.44089209850063E-15));
#12699=CARTESIAN_POINT('Origin',(166.6242,232.9,0.));
#12700=CARTESIAN_POINT('',(168.805,232.9,1.2192));
#12701=CARTESIAN_POINT('',(169.1742,232.9,0.85));
#12702=CARTESIAN_POINT('Origin',(166.6242,232.9,1.2192));
#12703=CARTESIAN_POINT('Origin',(166.6242,212.9,0.85));
#12704=CARTESIAN_POINT('',(170.0242,212.9,-4.44089209850063E-15));
#12705=CARTESIAN_POINT('Origin',(166.6242,212.9,0.));
#12706=CARTESIAN_POINT('',(168.805,212.9,1.2192));
#12707=CARTESIAN_POINT('',(169.1742,212.9,0.85));
#12708=CARTESIAN_POINT('Origin',(166.6242,212.9,1.2192));
#12709=CARTESIAN_POINT('Origin',(181.6242,232.9,0.85));
#12710=CARTESIAN_POINT('',(185.0242,232.9,-4.44089209850063E-15));
#12711=CARTESIAN_POINT('Origin',(181.6242,232.9,0.));
#12712=CARTESIAN_POINT('',(183.805,232.9,1.2192));
#12713=CARTESIAN_POINT('',(184.1742,232.9,0.85));
#12714=CARTESIAN_POINT('Origin',(181.6242,232.9,1.2192));
#12715=CARTESIAN_POINT('Origin',(181.6242,212.9,0.85));
#12716=CARTESIAN_POINT('',(185.0242,212.9,-4.44089209850063E-15));
#12717=CARTESIAN_POINT('Origin',(181.6242,212.9,0.));
#12718=CARTESIAN_POINT('',(183.805,212.9,1.2192));
#12719=CARTESIAN_POINT('',(184.1742,212.9,0.85));
#12720=CARTESIAN_POINT('Origin',(181.6242,212.9,1.2192));
#12721=CARTESIAN_POINT('Origin',(206.6242,232.9,0.85));
#12722=CARTESIAN_POINT('',(210.0242,232.9,-4.44089209850063E-15));
#12723=CARTESIAN_POINT('Origin',(206.6242,232.9,0.));
#12724=CARTESIAN_POINT('',(208.805,232.9,1.2192));
#12725=CARTESIAN_POINT('',(209.1742,232.9,0.85));
#12726=CARTESIAN_POINT('Origin',(206.6242,232.9,1.2192));
#12727=CARTESIAN_POINT('Origin',(206.6242,212.9,0.85));
#12728=CARTESIAN_POINT('',(210.0242,212.9,-4.44089209850063E-15));
#12729=CARTESIAN_POINT('Origin',(206.6242,212.9,0.));
#12730=CARTESIAN_POINT('',(208.805,212.9,1.2192));
#12731=CARTESIAN_POINT('',(209.1742,212.9,0.85));
#12732=CARTESIAN_POINT('Origin',(206.6242,212.9,1.2192));
#12733=CARTESIAN_POINT('Origin',(221.6242,232.9,0.85));
#12734=CARTESIAN_POINT('',(225.0242,232.9,-4.44089209850063E-15));
#12735=CARTESIAN_POINT('Origin',(221.6242,232.9,0.));
#12736=CARTESIAN_POINT('',(223.805,232.9,1.2192));
#12737=CARTESIAN_POINT('',(224.1742,232.9,0.85));
#12738=CARTESIAN_POINT('Origin',(221.6242,232.9,1.2192));
#12739=CARTESIAN_POINT('Origin',(221.6242,212.9,0.85));
#12740=CARTESIAN_POINT('',(225.0242,212.9,-4.44089209850063E-15));
#12741=CARTESIAN_POINT('Origin',(221.6242,212.9,0.));
#12742=CARTESIAN_POINT('',(223.805,212.9,1.2192));
#12743=CARTESIAN_POINT('',(224.1742,212.9,0.85));
#12744=CARTESIAN_POINT('Origin',(221.6242,212.9,1.2192));
#12745=CARTESIAN_POINT('Origin',(246.6242,232.9,0.85));
#12746=CARTESIAN_POINT('',(250.0242,232.9,-4.44089209850063E-15));
#12747=CARTESIAN_POINT('Origin',(246.6242,232.9,0.));
#12748=CARTESIAN_POINT('',(248.805,232.9,1.2192));
#12749=CARTESIAN_POINT('',(249.1742,232.9,0.85));
#12750=CARTESIAN_POINT('Origin',(246.6242,232.9,1.2192));
#12751=CARTESIAN_POINT('Origin',(246.6242,212.9,0.85));
#12752=CARTESIAN_POINT('',(250.0242,212.9,-4.44089209850063E-15));
#12753=CARTESIAN_POINT('Origin',(246.6242,212.9,0.));
#12754=CARTESIAN_POINT('',(248.805,212.9,1.2192));
#12755=CARTESIAN_POINT('',(249.1742,212.9,0.85));
#12756=CARTESIAN_POINT('Origin',(246.6242,212.9,1.2192));
#12757=CARTESIAN_POINT('Origin',(261.6242,232.9,0.85));
#12758=CARTESIAN_POINT('',(265.0242,232.9,-4.44089209850063E-15));
#12759=CARTESIAN_POINT('Origin',(261.6242,232.9,0.));
#12760=CARTESIAN_POINT('',(263.805,232.9,1.2192));
#12761=CARTESIAN_POINT('',(264.1742,232.9,0.85));
#12762=CARTESIAN_POINT('Origin',(261.6242,232.9,1.2192));
#12763=CARTESIAN_POINT('Origin',(261.6242,212.9,0.85));
#12764=CARTESIAN_POINT('',(265.0242,212.9,-4.44089209850063E-15));
#12765=CARTESIAN_POINT('Origin',(261.6242,212.9,0.));
#12766=CARTESIAN_POINT('',(263.805,212.9,1.2192));
#12767=CARTESIAN_POINT('',(264.1742,212.9,0.85));
#12768=CARTESIAN_POINT('Origin',(261.6242,212.9,1.2192));
#12769=CARTESIAN_POINT('Origin',(286.6242,212.9,0.85));
#12770=CARTESIAN_POINT('',(290.0242,212.9,-4.44089209850063E-15));
#12771=CARTESIAN_POINT('Origin',(286.6242,212.9,0.));
#12772=CARTESIAN_POINT('',(288.805,212.9,1.2192));
#12773=CARTESIAN_POINT('',(289.1742,212.9,0.85));
#12774=CARTESIAN_POINT('Origin',(286.6242,212.9,1.2192));
#12775=CARTESIAN_POINT('Origin',(326.6242,232.9,0.85));
#12776=CARTESIAN_POINT('',(330.0242,232.9,-1.69309011255336E-14));
#12777=CARTESIAN_POINT('Origin',(326.6242,232.9,0.));
#12778=CARTESIAN_POINT('',(328.805,232.9,1.2192));
#12779=CARTESIAN_POINT('',(329.1742,232.9,0.85));
#12780=CARTESIAN_POINT('Origin',(326.6242,232.9,1.2192));
#12781=CARTESIAN_POINT('Origin',(301.6242,232.9,0.85));
#12782=CARTESIAN_POINT('',(305.0242,232.9,-4.44089209850063E-15));
#12783=CARTESIAN_POINT('Origin',(301.6242,232.9,0.));
#12784=CARTESIAN_POINT('',(303.805,232.9,1.2192));
#12785=CARTESIAN_POINT('',(304.1742,232.9,0.85));
#12786=CARTESIAN_POINT('Origin',(301.6242,232.9,1.2192));
#12787=CARTESIAN_POINT('Origin',(301.6242,212.9,0.85));
#12788=CARTESIAN_POINT('',(305.0242,212.9,-4.44089209850063E-15));
#12789=CARTESIAN_POINT('Origin',(301.6242,212.9,0.));
#12790=CARTESIAN_POINT('',(303.805,212.9,1.2192));
#12791=CARTESIAN_POINT('',(304.1742,212.9,0.85));
#12792=CARTESIAN_POINT('Origin',(301.6242,212.9,1.2192));
#12793=CARTESIAN_POINT('Origin',(326.6242,212.9,0.85));
#12794=CARTESIAN_POINT('',(330.0242,212.9,-1.69309011255336E-14));
#12795=CARTESIAN_POINT('Origin',(326.6242,212.9,0.));
#12796=CARTESIAN_POINT('',(328.805,212.9,1.2192));
#12797=CARTESIAN_POINT('',(329.1742,212.9,0.85));
#12798=CARTESIAN_POINT('Origin',(326.6242,212.9,1.2192));
#12799=CARTESIAN_POINT('Origin',(326.6242,142.9,0.85));
#12800=CARTESIAN_POINT('',(330.0242,142.9,-1.69309011255336E-14));
#12801=CARTESIAN_POINT('Origin',(326.6242,142.9,0.));
#12802=CARTESIAN_POINT('',(328.805,142.9,1.2192));
#12803=CARTESIAN_POINT('',(329.1742,142.9,0.85));
#12804=CARTESIAN_POINT('Origin',(326.6242,142.9,1.2192));
#12805=CARTESIAN_POINT('Origin',(326.6242,122.9,0.85));
#12806=CARTESIAN_POINT('',(330.0242,122.9,-1.69309011255336E-14));
#12807=CARTESIAN_POINT('Origin',(326.6242,122.9,0.));
#12808=CARTESIAN_POINT('',(328.805,122.9,1.2192));
#12809=CARTESIAN_POINT('',(329.1742,122.9,0.85));
#12810=CARTESIAN_POINT('Origin',(326.6242,122.9,1.2192));
#12811=CARTESIAN_POINT('Origin',(301.6242,142.9,0.85));
#12812=CARTESIAN_POINT('',(305.0242,142.9,-4.44089209850063E-15));
#12813=CARTESIAN_POINT('Origin',(301.6242,142.9,0.));
#12814=CARTESIAN_POINT('',(303.805,142.9,1.2192));
#12815=CARTESIAN_POINT('',(304.1742,142.9,0.85));
#12816=CARTESIAN_POINT('Origin',(301.6242,142.9,1.2192));
#12817=CARTESIAN_POINT('Origin',(301.6242,122.9,0.85));
#12818=CARTESIAN_POINT('',(305.0242,122.9,-4.44089209850063E-15));
#12819=CARTESIAN_POINT('Origin',(301.6242,122.9,0.));
#12820=CARTESIAN_POINT('',(303.805,122.9,1.2192));
#12821=CARTESIAN_POINT('',(304.1742,122.9,0.85));
#12822=CARTESIAN_POINT('Origin',(301.6242,122.9,1.2192));
#12823=CARTESIAN_POINT('Origin',(261.6242,142.9,0.85));
#12824=CARTESIAN_POINT('',(265.0242,142.9,-4.44089209850063E-15));
#12825=CARTESIAN_POINT('Origin',(261.6242,142.9,0.));
#12826=CARTESIAN_POINT('',(263.805,142.9,1.2192));
#12827=CARTESIAN_POINT('',(264.1742,142.9,0.85));
#12828=CARTESIAN_POINT('Origin',(261.6242,142.9,1.2192));
#12829=CARTESIAN_POINT('Origin',(286.6242,142.9,0.85));
#12830=CARTESIAN_POINT('',(290.0242,142.9,-4.44089209850063E-15));
#12831=CARTESIAN_POINT('Origin',(286.6242,142.9,0.));
#12832=CARTESIAN_POINT('',(288.805,142.9,1.2192));
#12833=CARTESIAN_POINT('',(289.1742,142.9,0.85));
#12834=CARTESIAN_POINT('Origin',(286.6242,142.9,1.2192));
#12835=CARTESIAN_POINT('Origin',(286.6242,122.9,0.85));
#12836=CARTESIAN_POINT('',(290.0242,122.9,-4.44089209850063E-15));
#12837=CARTESIAN_POINT('Origin',(286.6242,122.9,0.));
#12838=CARTESIAN_POINT('',(288.805,122.9,1.2192));
#12839=CARTESIAN_POINT('',(289.1742,122.9,0.85));
#12840=CARTESIAN_POINT('Origin',(286.6242,122.9,1.2192));
#12841=CARTESIAN_POINT('Origin',(261.6242,122.9,0.85));
#12842=CARTESIAN_POINT('',(265.0242,122.9,-4.44089209850063E-15));
#12843=CARTESIAN_POINT('Origin',(261.6242,122.9,0.));
#12844=CARTESIAN_POINT('',(263.805,122.9,1.2192));
#12845=CARTESIAN_POINT('',(264.1742,122.9,0.85));
#12846=CARTESIAN_POINT('Origin',(261.6242,122.9,1.2192));
#12847=CARTESIAN_POINT('Origin',(246.6242,142.9,0.85));
#12848=CARTESIAN_POINT('',(250.0242,142.9,-4.44089209850063E-15));
#12849=CARTESIAN_POINT('Origin',(246.6242,142.9,0.));
#12850=CARTESIAN_POINT('',(248.805,142.9,1.2192));
#12851=CARTESIAN_POINT('',(249.1742,142.9,0.85));
#12852=CARTESIAN_POINT('Origin',(246.6242,142.9,1.2192));
#12853=CARTESIAN_POINT('Origin',(246.6242,122.9,0.85));
#12854=CARTESIAN_POINT('',(250.0242,122.9,-4.44089209850063E-15));
#12855=CARTESIAN_POINT('Origin',(246.6242,122.9,0.));
#12856=CARTESIAN_POINT('',(248.805,122.9,1.2192));
#12857=CARTESIAN_POINT('',(249.1742,122.9,0.85));
#12858=CARTESIAN_POINT('Origin',(246.6242,122.9,1.2192));
#12859=CARTESIAN_POINT('Origin',(221.6242,142.9,0.85));
#12860=CARTESIAN_POINT('',(225.0242,142.9,-4.44089209850063E-15));
#12861=CARTESIAN_POINT('Origin',(221.6242,142.9,0.));
#12862=CARTESIAN_POINT('',(223.805,142.9,1.2192));
#12863=CARTESIAN_POINT('',(224.1742,142.9,0.85));
#12864=CARTESIAN_POINT('Origin',(221.6242,142.9,1.2192));
#12865=CARTESIAN_POINT('Origin',(221.6242,122.9,0.85));
#12866=CARTESIAN_POINT('',(225.0242,122.9,-4.44089209850063E-15));
#12867=CARTESIAN_POINT('Origin',(221.6242,122.9,0.));
#12868=CARTESIAN_POINT('',(223.805,122.9,1.2192));
#12869=CARTESIAN_POINT('',(224.1742,122.9,0.85));
#12870=CARTESIAN_POINT('Origin',(221.6242,122.9,1.2192));
#12871=CARTESIAN_POINT('Origin',(206.6242,142.9,0.85));
#12872=CARTESIAN_POINT('',(210.0242,142.9,-4.44089209850063E-15));
#12873=CARTESIAN_POINT('Origin',(206.6242,142.9,0.));
#12874=CARTESIAN_POINT('',(208.805,142.9,1.2192));
#12875=CARTESIAN_POINT('',(209.1742,142.9,0.85));
#12876=CARTESIAN_POINT('Origin',(206.6242,142.9,1.2192));
#12877=CARTESIAN_POINT('Origin',(206.6242,122.9,0.85));
#12878=CARTESIAN_POINT('',(210.0242,122.9,-4.44089209850063E-15));
#12879=CARTESIAN_POINT('Origin',(206.6242,122.9,0.));
#12880=CARTESIAN_POINT('',(208.805,122.9,1.2192));
#12881=CARTESIAN_POINT('',(209.1742,122.9,0.85));
#12882=CARTESIAN_POINT('Origin',(206.6242,122.9,1.2192));
#12883=CARTESIAN_POINT('Origin',(181.6242,142.9,0.85));
#12884=CARTESIAN_POINT('',(185.0242,142.9,-4.44089209850063E-15));
#12885=CARTESIAN_POINT('Origin',(181.6242,142.9,0.));
#12886=CARTESIAN_POINT('',(183.805,142.9,1.2192));
#12887=CARTESIAN_POINT('',(184.1742,142.9,0.85));
#12888=CARTESIAN_POINT('Origin',(181.6242,142.9,1.2192));
#12889=CARTESIAN_POINT('Origin',(181.6242,122.9,0.85));
#12890=CARTESIAN_POINT('',(185.0242,122.9,-4.44089209850063E-15));
#12891=CARTESIAN_POINT('Origin',(181.6242,122.9,0.));
#12892=CARTESIAN_POINT('',(183.805,122.9,1.2192));
#12893=CARTESIAN_POINT('',(184.1742,122.9,0.85));
#12894=CARTESIAN_POINT('Origin',(181.6242,122.9,1.2192));
#12895=CARTESIAN_POINT('Origin',(166.6242,142.9,0.85));
#12896=CARTESIAN_POINT('',(170.0242,142.9,-4.44089209850063E-15));
#12897=CARTESIAN_POINT('Origin',(166.6242,142.9,0.));
#12898=CARTESIAN_POINT('',(168.805,142.9,1.2192));
#12899=CARTESIAN_POINT('',(169.1742,142.9,0.85));
#12900=CARTESIAN_POINT('Origin',(166.6242,142.9,1.2192));
#12901=CARTESIAN_POINT('Origin',(166.6242,122.9,0.85));
#12902=CARTESIAN_POINT('',(170.0242,122.9,-4.44089209850063E-15));
#12903=CARTESIAN_POINT('Origin',(166.6242,122.9,0.));
#12904=CARTESIAN_POINT('',(168.805,122.9,1.2192));
#12905=CARTESIAN_POINT('',(169.1742,122.9,0.85));
#12906=CARTESIAN_POINT('Origin',(166.6242,122.9,1.2192));
#12907=CARTESIAN_POINT('Origin',(141.6242,142.9,0.85));
#12908=CARTESIAN_POINT('',(145.0242,142.9,8.32667268468867E-16));
#12909=CARTESIAN_POINT('Origin',(141.6242,142.9,0.));
#12910=CARTESIAN_POINT('',(143.805,142.9,1.2192));
#12911=CARTESIAN_POINT('',(144.1742,142.9,0.85));
#12912=CARTESIAN_POINT('Origin',(141.6242,142.9,1.2192));
#12913=CARTESIAN_POINT('Origin',(141.6242,122.9,0.85));
#12914=CARTESIAN_POINT('',(145.0242,122.9,8.32667268468867E-16));
#12915=CARTESIAN_POINT('Origin',(141.6242,122.9,0.));
#12916=CARTESIAN_POINT('',(143.805,122.9,1.2192));
#12917=CARTESIAN_POINT('',(144.1742,122.9,0.85));
#12918=CARTESIAN_POINT('Origin',(141.6242,122.9,1.2192));
#12919=CARTESIAN_POINT('Origin',(126.6242,142.9,0.85));
#12920=CARTESIAN_POINT('',(130.0242,142.9,8.32667268468867E-16));
#12921=CARTESIAN_POINT('Origin',(126.6242,142.9,0.));
#12922=CARTESIAN_POINT('',(128.805,142.9,1.2192));
#12923=CARTESIAN_POINT('',(129.1742,142.9,0.85));
#12924=CARTESIAN_POINT('Origin',(126.6242,142.9,1.2192));
#12925=CARTESIAN_POINT('Origin',(126.6242,122.9,0.85));
#12926=CARTESIAN_POINT('',(130.0242,122.9,8.32667268468867E-16));
#12927=CARTESIAN_POINT('Origin',(126.6242,122.9,0.));
#12928=CARTESIAN_POINT('',(128.805,122.9,1.2192));
#12929=CARTESIAN_POINT('',(129.1742,122.9,0.85));
#12930=CARTESIAN_POINT('Origin',(126.6242,122.9,1.2192));
#12931=CARTESIAN_POINT('Origin',(101.6242,142.9,0.85));
#12932=CARTESIAN_POINT('',(105.0242,142.9,8.32667268468867E-16));
#12933=CARTESIAN_POINT('Origin',(101.6242,142.9,0.));
#12934=CARTESIAN_POINT('',(103.805,142.9,1.2192));
#12935=CARTESIAN_POINT('',(104.1742,142.9,0.85));
#12936=CARTESIAN_POINT('Origin',(101.6242,142.9,1.2192));
#12937=CARTESIAN_POINT('Origin',(101.6242,122.9,0.85));
#12938=CARTESIAN_POINT('',(105.0242,122.9,8.32667268468867E-16));
#12939=CARTESIAN_POINT('Origin',(101.6242,122.9,0.));
#12940=CARTESIAN_POINT('',(103.805,122.9,1.2192));
#12941=CARTESIAN_POINT('',(104.1742,122.9,0.85));
#12942=CARTESIAN_POINT('Origin',(101.6242,122.9,1.2192));
#12943=CARTESIAN_POINT('Origin',(86.6242,142.9,0.85));
#12944=CARTESIAN_POINT('',(90.0242,142.9,8.32667268468867E-16));
#12945=CARTESIAN_POINT('Origin',(86.6242,142.9,0.));
#12946=CARTESIAN_POINT('',(88.805,142.9,1.2192));
#12947=CARTESIAN_POINT('',(89.1742,142.9,0.85));
#12948=CARTESIAN_POINT('Origin',(86.6242,142.9,1.2192));
#12949=CARTESIAN_POINT('Origin',(86.6242,122.9,0.85));
#12950=CARTESIAN_POINT('',(90.0242,122.9,8.32667268468867E-16));
#12951=CARTESIAN_POINT('Origin',(86.6242,122.9,0.));
#12952=CARTESIAN_POINT('',(88.805,122.9,1.2192));
#12953=CARTESIAN_POINT('',(89.1742,122.9,0.85));
#12954=CARTESIAN_POINT('Origin',(86.6242,122.9,1.2192));
#12955=CARTESIAN_POINT('Origin',(61.6242,142.9,0.85));
#12956=CARTESIAN_POINT('',(65.0242,142.9,-1.38777878078145E-16));
#12957=CARTESIAN_POINT('Origin',(61.6242,142.9,0.));
#12958=CARTESIAN_POINT('',(63.805,142.9,1.2192));
#12959=CARTESIAN_POINT('',(64.1742,142.9,0.85));
#12960=CARTESIAN_POINT('Origin',(61.6242,142.9,1.2192));
#12961=CARTESIAN_POINT('Origin',(61.6242,122.9,0.85));
#12962=CARTESIAN_POINT('',(65.0242,122.9,-1.38777878078145E-16));
#12963=CARTESIAN_POINT('Origin',(61.6242,122.9,0.));
#12964=CARTESIAN_POINT('',(63.805,122.9,1.2192));
#12965=CARTESIAN_POINT('',(64.1742,122.9,0.85));
#12966=CARTESIAN_POINT('Origin',(61.6242,122.9,1.2192));
#12967=CARTESIAN_POINT('Origin',(46.6242,142.9,0.85));
#12968=CARTESIAN_POINT('',(50.0242,142.9,-1.38777878078145E-16));
#12969=CARTESIAN_POINT('Origin',(46.6242,142.9,0.));
#12970=CARTESIAN_POINT('',(48.805,142.9,1.2192));
#12971=CARTESIAN_POINT('',(49.1742,142.9,0.85));
#12972=CARTESIAN_POINT('Origin',(46.6242,142.9,1.2192));
#12973=CARTESIAN_POINT('Origin',(21.6242,142.9,0.85));
#12974=CARTESIAN_POINT('',(25.0242,142.9,-1.2490009027033E-15));
#12975=CARTESIAN_POINT('Origin',(21.6242,142.9,0.));
#12976=CARTESIAN_POINT('',(23.805,142.9,1.2192));
#12977=CARTESIAN_POINT('',(24.1742,142.9,0.85));
#12978=CARTESIAN_POINT('Origin',(21.6242,142.9,1.2192));
#12979=CARTESIAN_POINT('Origin',(46.6242,122.9,0.85));
#12980=CARTESIAN_POINT('',(50.0242,122.9,-1.38777878078145E-16));
#12981=CARTESIAN_POINT('Origin',(46.6242,122.9,0.));
#12982=CARTESIAN_POINT('',(48.805,122.9,1.2192));
#12983=CARTESIAN_POINT('',(49.1742,122.9,0.85));
#12984=CARTESIAN_POINT('Origin',(46.6242,122.9,1.2192));
#12985=CARTESIAN_POINT('Origin',(21.6242,122.9,0.85));
#12986=CARTESIAN_POINT('',(25.0242,122.9,-1.2490009027033E-15));
#12987=CARTESIAN_POINT('Origin',(21.6242,122.9,0.));
#12988=CARTESIAN_POINT('',(23.805,122.9,1.2192));
#12989=CARTESIAN_POINT('',(24.1742,122.9,0.85));
#12990=CARTESIAN_POINT('Origin',(21.6242,122.9,1.2192));
#12991=CARTESIAN_POINT('Origin',(3.1242,-9.49323454355898E-15,123.0122));
#12992=CARTESIAN_POINT('',(3.1242,-9.5173868785994E-15,123.0122));
#12993=CARTESIAN_POINT('',(3.1242,1.2192,123.0122));
#12994=CARTESIAN_POINT('',(3.1242,-9.49323454355898E-15,123.0122));
#12995=CARTESIAN_POINT('',(15.0368,-1.0952107289511E-14,123.0122));
#12996=CARTESIAN_POINT('',(3.1242,-9.49323454355898E-15,123.0122));
#12997=CARTESIAN_POINT('',(15.0368,1.2192,123.0122));
#12998=CARTESIAN_POINT('',(15.0368,-1.0952107289511E-14,123.0122));
#12999=CARTESIAN_POINT('',(3.1242,1.2192,123.0122));
#13000=CARTESIAN_POINT('Origin',(1.77716200586143,1.77716200585664,123.0122));
#13001=CARTESIAN_POINT('',(1.2192,3.1242,123.0122));
#13002=CARTESIAN_POINT('Origin',(3.12420144769418,3.12420144769418,123.0122));
#13003=CARTESIAN_POINT('',(-6.81227905733234E-15,3.1242,123.0122));
#13004=CARTESIAN_POINT('',(-6.9885269624914E-15,3.1242,123.0122));
#13005=CARTESIAN_POINT('Origin',(3.12419999999999,3.12420000000001,123.0122));
#13006=CARTESIAN_POINT('Origin',(3.1242,3.1242,3.1242));
#13007=CARTESIAN_POINT('',(3.1242,1.2192,1.7272));
#13008=CARTESIAN_POINT('',(3.1242,1.2192,1.7272));
#13009=CARTESIAN_POINT('',(1.2192,3.1242,3.1242));
#13010=CARTESIAN_POINT('Ctrl Pts',(3.1242,1.2192,1.7272));
#13011=CARTESIAN_POINT('Ctrl Pts',(2.87403693335273,1.2192,1.8439855564913));
#13012=CARTESIAN_POINT('Ctrl Pts',(2.62630712791511,1.26847682919954,1.95966091616936));
#13013=CARTESIAN_POINT('Ctrl Pts',(2.16406820689054,1.45994247828446,2.19323944097432));
#13014=CARTESIAN_POINT('Ctrl Pts',(1.9540530458757,1.60027011780454,2.30891066879269));
#13015=CARTESIAN_POINT('Ctrl Pts',(1.60027011780771,1.95405304587055,2.54248933120457));
#13016=CARTESIAN_POINT('Ctrl Pts',(1.45994247828472,2.16406820688902,2.65816055901881));
#13017=CARTESIAN_POINT('Ctrl Pts',(1.26847682920076,2.62630712791307,2.89173908382667));
#13018=CARTESIAN_POINT('Ctrl Pts',(1.2192,2.87403693334998,3.00741444352843));
#13019=CARTESIAN_POINT('Ctrl Pts',(1.2192,3.1242,3.1242));
#13020=CARTESIAN_POINT('',(1.2192,3.1242,123.0122));
#13021=CARTESIAN_POINT('Origin',(1.77716200585664,406.4,1.77716200586143));
#13022=CARTESIAN_POINT('',(1.2192,406.4,3.1242));
#13023=CARTESIAN_POINT('',(3.1242,406.4,1.2192));
#13024=CARTESIAN_POINT('Origin',(3.12420144769418,406.4,3.12420144769418));
#13025=CARTESIAN_POINT('',(3.1242,406.4,1.76247905159238E-16));
#13026=CARTESIAN_POINT('',(3.1242,406.4,0.));
#13027=CARTESIAN_POINT('',(2.50272025326119E-14,406.4,3.1242));
#13028=CARTESIAN_POINT('Origin',(3.12420000000002,406.4,3.1242));
#13029=CARTESIAN_POINT('',(1.2192,406.4,3.1242));
#13030=CARTESIAN_POINT('Origin',(3.1242,0.,3.1242));
#13031=CARTESIAN_POINT('',(3.1242,-1.76247905159238E-16,1.76247905159238E-16));
#13032=CARTESIAN_POINT('',(3.1242,406.4,0.));
#13033=CARTESIAN_POINT('',(7.04991620637002E-16,3.1242,3.1242));
#13034=CARTESIAN_POINT('Ctrl Pts',(3.1242,3.46944695195361E-17,2.6779793660392E-16));
#13035=CARTESIAN_POINT('Ctrl Pts',(2.91955640618775,0.130275476483576,2.98097653428357E-16));
#13036=CARTESIAN_POINT('Ctrl Pts',(2.71540800390948,0.260245980332543,0.0201070777347962));
#13037=CARTESIAN_POINT('Ctrl Pts',(2.31398835201517,0.520804731548366,0.0999544300038586));
#13038=CARTESIAN_POINT('Ctrl Pts',(2.11768533147277,0.650770505396557,0.159502302053192));
#13039=CARTESIAN_POINT('Ctrl Pts',(1.54957949771693,1.04223666654142,0.394819479991275));
#13040=CARTESIAN_POINT('Ctrl Pts',(1.20515794635882,1.30091807475034,0.62495743285865));
#13041=CARTESIAN_POINT('Ctrl Pts',(0.624957432856836,1.82328192525129,1.20515794636063));
#13042=CARTESIAN_POINT('Ctrl Pts',(0.394819479988421,2.08196333346179,1.54957949772121));
#13043=CARTESIAN_POINT('Ctrl Pts',(0.159502302050461,2.47342949460875,2.11768533148067));
#13044=CARTESIAN_POINT('Ctrl Pts',(0.0999544300014634,2.60339526845734,
2.31398835202393));
#13045=CARTESIAN_POINT('Ctrl Pts',(0.0201070777348464,2.86395401966941,
2.71540800391251));
#13046=CARTESIAN_POINT('Ctrl Pts',(3.29255374380152E-16,2.99392452353223,
2.91955640618765));
#13047=CARTESIAN_POINT('Ctrl Pts',(3.39355279987963E-16,3.1242,3.1242));
#13048=CARTESIAN_POINT('',(3.52495810318374E-16,3.1242,3.1242));
#13049=CARTESIAN_POINT('Origin',(410.4132,3.1242,3.1242));
#13050=CARTESIAN_POINT('',(17.5768,3.1242,1.76247905159238E-16));
#13051=CARTESIAN_POINT('',(17.5768,4.82919260136434E-14,3.1242));
#13052=CARTESIAN_POINT('Origin',(17.5768000000001,3.12420000000005,3.1242));
#13053=CARTESIAN_POINT('',(410.4132,3.1242,0.));
#13054=CARTESIAN_POINT('',(17.5768,3.1242,0.));
#13055=CARTESIAN_POINT('',(410.4132,3.52495810318374E-16,3.1242));
#13056=CARTESIAN_POINT('Origin',(410.4132,3.1242,3.1242));
#13057=CARTESIAN_POINT('',(410.4132,3.52495810318374E-16,3.1242));
#13058=CARTESIAN_POINT('Origin',(410.4132,1.77716200585664,1.77716200586143));
#13059=CARTESIAN_POINT('',(410.4132,1.2192,3.1242));
#13060=CARTESIAN_POINT('',(410.4132,3.1242,1.2192));
#13061=CARTESIAN_POINT('Origin',(410.4132,3.12420144769418,3.12420144769418));
#13062=CARTESIAN_POINT('',(410.4132,3.52495810318374E-16,3.1242));
#13063=CARTESIAN_POINT('',(410.4132,3.1242,1.2192));
#13064=CARTESIAN_POINT('Origin',(213.995000000178,203.094603617702,0.));
#13065=CARTESIAN_POINT('',(15.7988,0.,0.));
#13066=CARTESIAN_POINT('',(3.1242,0.,0.));
#13067=CARTESIAN_POINT('',(424.8658,406.4,0.));
#13068=CARTESIAN_POINT('',(424.8658,406.4,0.));
#13069=CARTESIAN_POINT('',(424.8658,0.,1.76247905159238E-16));
#13070=CARTESIAN_POINT('',(424.8658,0.,0.));
#13071=CARTESIAN_POINT('',(412.1912,-8.81239525796316E-17,0.));
#13072=CARTESIAN_POINT('',(412.1912,-8.81239525796316E-17,0.));
#13073=CARTESIAN_POINT('',(411.6832,0.508,0.));
#13074=CARTESIAN_POINT('Origin',(412.191199998527,0.507999998538992,0.));
#13075=CARTESIAN_POINT('',(411.6832,3.429,0.));
#13076=CARTESIAN_POINT('',(411.6832,3.429,0.));
#13077=CARTESIAN_POINT('',(410.4132,3.429,0.));
#13078=CARTESIAN_POINT('',(410.4132,3.429,0.));
#13079=CARTESIAN_POINT('',(410.4132,3.1242,0.));
#13080=CARTESIAN_POINT('',(17.5768,3.429,0.));
#13081=CARTESIAN_POINT('',(17.5768,3.429,0.));
#13082=CARTESIAN_POINT('',(16.3068,3.429,0.));
#13083=CARTESIAN_POINT('',(16.3068,3.429,0.));
#13084=CARTESIAN_POINT('',(16.3068,0.508,0.));
#13085=CARTESIAN_POINT('',(16.3068,0.508,0.));
#13086=CARTESIAN_POINT('Origin',(15.7988000014732,0.507999998538992,0.));
#13087=CARTESIAN_POINT('',(34.0741,397.5989,0.));
#13088=CARTESIAN_POINT('Origin',(36.1442,397.5989,0.));
#13089=CARTESIAN_POINT('',(389.7757,397.5989,0.));
#13090=CARTESIAN_POINT('Origin',(391.8458,397.5989,0.));
#13091=CARTESIAN_POINT('',(211.9249,397.5989,0.));
#13092=CARTESIAN_POINT('Origin',(213.995,397.5989,0.));
#13093=CARTESIAN_POINT('Origin',(36.1442,397.5989,0.));
#13094=CARTESIAN_POINT('',(34.0741,397.5989,1.2192));
#13095=CARTESIAN_POINT('Origin',(36.1442,397.5989,1.2192));
#13096=CARTESIAN_POINT('',(34.0741,397.5989,0.));
#13097=CARTESIAN_POINT('Origin',(213.995000000178,203.094603617702,1.2192));
#13098=CARTESIAN_POINT('',(3.1242,-1.76247905159238E-16,1.2192));
#13099=CARTESIAN_POINT('',(15.7988,0.,1.2192));
#13100=CARTESIAN_POINT('',(3.1242,0.,1.2192));
#13101=CARTESIAN_POINT('',(16.3068,0.508,1.2192));
#13102=CARTESIAN_POINT('Origin',(15.7988000014732,0.507999998538992,1.2192));
#13103=CARTESIAN_POINT('',(16.3068,3.429,1.2192));
#13104=CARTESIAN_POINT('',(16.3068,0.508,1.2192));
#13105=CARTESIAN_POINT('',(17.5768,3.429,1.2192));
#13106=CARTESIAN_POINT('',(16.3068,3.429,1.2192));
#13107=CARTESIAN_POINT('',(17.5768,3.1242,1.2192));
#13108=CARTESIAN_POINT('',(17.5768,3.429,1.2192));
#13109=CARTESIAN_POINT('',(17.5768,3.1242,1.2192));
#13110=CARTESIAN_POINT('',(410.4132,3.429,1.2192));
#13111=CARTESIAN_POINT('',(410.4132,3.1242,1.2192));
#13112=CARTESIAN_POINT('',(411.6832,3.429,1.2192));
#13113=CARTESIAN_POINT('',(410.4132,3.429,1.2192));
#13114=CARTESIAN_POINT('',(411.6832,0.508,1.2192));
#13115=CARTESIAN_POINT('',(411.6832,3.429,1.2192));
#13116=CARTESIAN_POINT('',(412.1912,-8.81239525796316E-17,1.2192));
#13117=CARTESIAN_POINT('Origin',(412.191199998527,0.507999998538992,1.2192));
#13118=CARTESIAN_POINT('',(424.8658,-9.02389274415454E-14,1.2192));
#13119=CARTESIAN_POINT('',(412.1912,-8.81239525796316E-17,1.2192));
#13120=CARTESIAN_POINT('',(424.8658,406.4,1.2192));
#13121=CARTESIAN_POINT('',(424.8658,0.,1.2192));
#13122=CARTESIAN_POINT('',(424.8658,406.4,1.2192));
#13123=CARTESIAN_POINT('',(3.1242,406.4,1.2192));
#13124=CARTESIAN_POINT('',(389.7757,397.5989,1.2192));
#13125=CARTESIAN_POINT('Origin',(391.8458,397.5989,1.2192));
#13126=CARTESIAN_POINT('',(211.9249,397.5989,1.2192));
#13127=CARTESIAN_POINT('Origin',(213.995,397.5989,1.2192));
#13128=CARTESIAN_POINT('Origin',(391.8458,397.5989,0.));
#13129=CARTESIAN_POINT('',(389.7757,397.5989,0.));
#13130=CARTESIAN_POINT('Origin',(424.8658,406.4,3.1242));
#13131=CARTESIAN_POINT('',(426.7708,3.1242,3.1242));
#13132=CARTESIAN_POINT('Ctrl Pts',(426.7708,3.1242,3.1242));
#13133=CARTESIAN_POINT('Ctrl Pts',(426.7708,2.8630235561853,2.87403552336253));
#13134=CARTESIAN_POINT('Ctrl Pts',(426.721522595575,2.60433129084488,2.62630573919765));
#13135=CARTESIAN_POINT('Ctrl Pts',(426.530057536881,2.08196638247245,2.16406824350431));
#13136=CARTESIAN_POINT('Ctrl Pts',(426.389729911984,1.82328345740666,1.95405307566313));
#13137=CARTESIAN_POINT('Ctrl Pts',(426.035946924339,1.30091654259539,1.60027008801804));
#13138=CARTESIAN_POINT('Ctrl Pts',(425.825931756499,1.04223361752453,1.45994246312115));
#13139=CARTESIAN_POINT('Ctrl Pts',(425.363694260797,0.519868709155272,1.2684774044218));
#13140=CARTESIAN_POINT('Ctrl Pts',(425.115964476631,0.261176443839445,1.21920000000001));
#13141=CARTESIAN_POINT('Ctrl Pts',(424.8658,0.,1.2192));
#13142=CARTESIAN_POINT('',(426.7708,406.4,3.1242));
#13143=CARTESIAN_POINT('',(426.7708,406.4,3.1242));
#13144=CARTESIAN_POINT('Origin',(424.865798552307,406.4,3.12420144769329));
#13145=CARTESIAN_POINT('Ctrl Pts',(424.8658,1.2192711632682,1.7272));
#13146=CARTESIAN_POINT('Ctrl Pts',(424.8658,-4.10239479855816E-6,1.7272));
#13147=CARTESIAN_POINT('Ctrl Pts',(424.932296950003,1.21925224704801,1.75824444444439));
#13148=CARTESIAN_POINT('Ctrl Pts',(424.974859215232,-3.51261954084814E-5,
1.75824444444439));
#13149=CARTESIAN_POINT('Ctrl Pts',(425.065282418209,1.22624960214755,1.82033333333342));
#13150=CARTESIAN_POINT('Ctrl Pts',(425.192963816978,0.011440979938197,1.82033333333342));
#13151=CARTESIAN_POINT('Ctrl Pts',(425.262581814894,1.25748739842264,1.91346666666658));
#13152=CARTESIAN_POINT('Ctrl Pts',(425.51654734025,0.0626729469233616,1.91346666666658));
#13153=CARTESIAN_POINT('Ctrl Pts',(425.455532174186,1.30919137685512,2.0066));
#13154=CARTESIAN_POINT('Ctrl Pts',(425.832998166365,0.147470750607246,2.0066));
#13155=CARTESIAN_POINT('Ctrl Pts',(425.642021790094,1.38077719464317,2.09973333333342));
#13156=CARTESIAN_POINT('Ctrl Pts',(426.138852963563,0.264876031735833,2.09973333333342));
#13157=CARTESIAN_POINT('Ctrl Pts',(425.820006827564,1.47146532900003,2.19286666666658));
#13158=CARTESIAN_POINT('Ctrl Pts',(426.430759712786,0.413610323502086,2.19286666666658));
#13159=CARTESIAN_POINT('Ctrl Pts',(425.987537409846,1.58026089928924,2.286));
#13160=CARTESIAN_POINT('Ctrl Pts',(426.705520492505,0.5920419585667,2.286));
#13161=CARTESIAN_POINT('Ctrl Pts',(426.142777994399,1.70597226189787,2.37913333333342));
#13162=CARTESIAN_POINT('Ctrl Pts',(426.960124896459,0.798216565830937,2.37913333333342));
#13163=CARTESIAN_POINT('Ctrl Pts',(426.284027738105,1.84722200560027,2.47226666666658));
#13164=CARTESIAN_POINT('Ctrl Pts',(427.191783434158,1.0298751035298,2.47226666666658));
#13165=CARTESIAN_POINT('Ctrl Pts',(426.409739100705,2.00246259014428,2.5654));
#13166=CARTESIAN_POINT('Ctrl Pts',(427.397958041431,1.28447950750472,2.5654));
#13167=CARTESIAN_POINT('Ctrl Pts',(426.518534671003,2.16999317243681,2.6585333333418));
#13168=CARTESIAN_POINT('Ctrl Pts',(427.576389676499,1.55924028721612,2.6585333333418));
#13169=CARTESIAN_POINT('Ctrl Pts',(426.60922280535,2.34797820991257,2.7516666666582));
#13170=CARTESIAN_POINT('Ctrl Pts',(427.725123968263,1.85114703644688,2.7516666666582));
#13171=CARTESIAN_POINT('Ctrl Pts',(426.68080862314,2.53446782580917,2.8448));
#13172=CARTESIAN_POINT('Ctrl Pts',(427.84252924939,2.15700183364663,2.8448));
#13173=CARTESIAN_POINT('Ctrl Pts',(426.732512601585,2.72741818510637,2.9379333333418));
#13174=CARTESIAN_POINT('Ctrl Pts',(427.927327053068,2.4734526597516,2.9379333333418));
#13175=CARTESIAN_POINT('Ctrl Pts',(426.763750397848,2.92471758179123,3.0310666666582));
#13176=CARTESIAN_POINT('Ctrl Pts',(427.978559020061,2.79703618302214,3.0310666666582));
#13177=CARTESIAN_POINT('Ctrl Pts',(426.770747752955,3.05770304999734,3.0931555555612));
#13178=CARTESIAN_POINT('Ctrl Pts',(427.990035126199,3.01514078476806,3.0931555555612));
#13179=CARTESIAN_POINT('Ctrl Pts',(426.770728836732,3.1242,3.1242));
#13180=CARTESIAN_POINT('Ctrl Pts',(427.990004102395,3.1242,3.1242));
#13181=CARTESIAN_POINT('',(424.8658,1.2192,1.7272));
#13182=CARTESIAN_POINT('Ctrl Pts',(424.8658,1.21920000000002,1.72719999999997));
#13183=CARTESIAN_POINT('Ctrl Pts',(425.115963066648,1.21920000000002,1.84398555649151));
#13184=CARTESIAN_POINT('Ctrl Pts',(425.363692872086,1.2684768291997,1.95966091617194));
#13185=CARTESIAN_POINT('Ctrl Pts',(425.825931793111,1.4599424782855,2.19323944097093));
#13186=CARTESIAN_POINT('Ctrl Pts',(426.035946954125,1.60027011780544,2.30891066879445));
#13187=CARTESIAN_POINT('Ctrl Pts',(426.389729882192,1.95405304587049,2.54248933120304));
#13188=CARTESIAN_POINT('Ctrl Pts',(426.530057521715,2.16406820688831,2.65816055901939));
#13189=CARTESIAN_POINT('Ctrl Pts',(426.721523170799,2.62630712791176,2.89173908382709));
#13190=CARTESIAN_POINT('Ctrl Pts',(426.7708,2.87403693334949,3.00741444352821));
#13191=CARTESIAN_POINT('Ctrl Pts',(426.7708,3.1242,3.1242));
#13192=CARTESIAN_POINT('',(427.99,3.1242,3.1242));
#13193=CARTESIAN_POINT('',(426.7708,3.1242,3.1242));
#13194=CARTESIAN_POINT('',(424.8658,5.99242877541312E-15,1.7272));
#13195=CARTESIAN_POINT('Ctrl Pts',(424.8658,2.30794116456989E-14,1.72720000000001));
#13196=CARTESIAN_POINT('Ctrl Pts',(425.263253939618,2.27912329135264E-14,
1.84033810505117));
#13197=CARTESIAN_POINT('Ctrl Pts',(425.657080826718,0.07584484789781,1.95246671465991));
#13198=CARTESIAN_POINT('Ctrl Pts',(426.418935910508,0.380589162095257,2.18604877878917));
#13199=CARTESIAN_POINT('Ctrl Pts',(426.775776708636,0.615892087865516,2.30526180438767));
#13200=CARTESIAN_POINT('Ctrl Pts',(427.374107912135,1.21422329136162,2.54613819561616));
#13201=CARTESIAN_POINT('Ctrl Pts',(427.609410837911,1.57106408950062,2.66535122120348));
#13202=CARTESIAN_POINT('Ctrl Pts',(427.914155152104,2.33291917329375,2.89893328533993));
#13203=CARTESIAN_POINT('Ctrl Pts',(427.99,2.72674606038639,3.01106189497053));
#13204=CARTESIAN_POINT('Ctrl Pts',(427.99,3.1242,3.1242));
#13205=CARTESIAN_POINT('',(424.8658,1.2192,1.7272));
#13206=CARTESIAN_POINT('Origin',(424.8658,3.1242,123.0122));
#13207=CARTESIAN_POINT('',(424.8658,1.2192,123.0122));
#13208=CARTESIAN_POINT('',(424.8658,1.2192,123.0122));
#13209=CARTESIAN_POINT('',(426.7708,3.1242,123.0122));
#13210=CARTESIAN_POINT('Origin',(424.865798552307,3.1242014476933,123.0122));
#13211=CARTESIAN_POINT('',(426.7708,3.1242,3.1242));
#13212=CARTESIAN_POINT('Origin',(426.7708,204.652485845264,63.0355190349836));
#13213=CARTESIAN_POINT('',(426.7708,405.13,123.0122));
#13214=CARTESIAN_POINT('',(426.7708,3.1242,123.0122));
#13215=CARTESIAN_POINT('',(426.7708,406.4,121.7422));
#13216=CARTESIAN_POINT('Origin',(426.7708,405.13000000066,121.74220000066));
#13217=CARTESIAN_POINT('',(426.7708,406.4,121.7422));
#13218=CARTESIAN_POINT('',(426.7708,15.4051,116.7003));
#13219=CARTESIAN_POINT('Origin',(426.7708,12.7,116.7003));
#13220=CARTESIAN_POINT('',(426.7708,205.9051,116.7003));
#13221=CARTESIAN_POINT('Origin',(426.7708,203.2,116.7003));
#13222=CARTESIAN_POINT('',(426.7708,396.4051,116.7003));
#13223=CARTESIAN_POINT('Origin',(426.7708,393.7,116.7003));
#13224=CARTESIAN_POINT('Origin',(427.99,393.7,116.7003));
#13225=CARTESIAN_POINT('',(427.99,396.4051,116.7003));
#13226=CARTESIAN_POINT('',(427.99,396.4051,116.7003));
#13227=CARTESIAN_POINT('Origin',(427.99,393.7,116.7003));
#13228=CARTESIAN_POINT('Origin',(427.99,405.13000000066,121.74220000066));
#13229=CARTESIAN_POINT('',(427.99,405.13,123.0122));
#13230=CARTESIAN_POINT('',(427.99,405.13,123.0122));
#13231=CARTESIAN_POINT('',(427.99,406.4,121.7422));
#13232=CARTESIAN_POINT('Origin',(427.99,405.13000000066,121.74220000066));
#13233=CARTESIAN_POINT('',(427.99,406.4,121.7422));
#13234=CARTESIAN_POINT('Origin',(410.4132,3.1242,0.));
#13235=CARTESIAN_POINT('',(410.4132,3.429,0.));
#13236=CARTESIAN_POINT('Origin',(412.1912,-8.81239525796316E-17,0.));
#13237=CARTESIAN_POINT('',(412.1912,-8.81239525796316E-17,0.));
#13238=CARTESIAN_POINT('',(424.8658,0.,0.));
#13239=CARTESIAN_POINT('Origin',(17.5768,3.429,0.));
#13240=CARTESIAN_POINT('',(17.5768,3.429,0.));
#13241=CARTESIAN_POINT('',(17.5768,3.1242,0.));
#13242=CARTESIAN_POINT('Origin',(16.3068,0.508,0.));
#13243=CARTESIAN_POINT('',(16.3068,0.508,0.));
#13244=CARTESIAN_POINT('',(16.3068,3.429,0.));
#13245=CARTESIAN_POINT('Origin',(427.99,406.4,121.7422));
#13246=CARTESIAN_POINT('',(427.99,406.4,3.1242));
#13247=CARTESIAN_POINT('',(427.99,406.4,121.7422));
#13248=CARTESIAN_POINT('',(427.99,406.4,3.1242));
#13249=CARTESIAN_POINT('Origin',(426.212837994139,1.77716200585664,123.0122));
#13250=CARTESIAN_POINT('',(424.8658,-1.62148072746513E-14,123.0122));
#13251=CARTESIAN_POINT('',(424.8658,-1.62148072746513E-14,123.0122));
#13252=CARTESIAN_POINT('',(427.99,3.1242,123.0122));
#13253=CARTESIAN_POINT('Origin',(424.8658,3.12420000000005,123.0122));
#13254=CARTESIAN_POINT('',(427.99,3.1242,123.0122));
#13255=CARTESIAN_POINT('Origin',(213.995000000152,2.42833423114098E-14,
5.1402178658226));
#13256=CARTESIAN_POINT('',(410.4132,2.0940807830612E-16,5.461));
#13257=CARTESIAN_POINT('',(410.4132,2.0940807830612E-16,5.461));
#13258=CARTESIAN_POINT('',(409.1432,2.8717315005184E-16,6.731));
#13259=CARTESIAN_POINT('Origin',(409.143200000635,3.64938221678866E-16,
5.4610000006604));
#13260=CARTESIAN_POINT('',(224.79,2.28639287793103E-14,6.731));
#13261=CARTESIAN_POINT('',(224.79,2.28639287793103E-14,6.731));
#13262=CARTESIAN_POINT('',(223.52,2.29416938510544E-14,8.001));
#13263=CARTESIAN_POINT('Origin',(224.78999999934,2.2786163707683E-14,8.0009999993396));
#13264=CARTESIAN_POINT('',(223.52,2.2708398635817E-14,11.811));
#13265=CARTESIAN_POINT('',(223.52,2.2708398635817E-14,11.811));
#13266=CARTESIAN_POINT('',(222.25,2.27861637075637E-14,13.081));
#13267=CARTESIAN_POINT('Origin',(222.250000000635,2.28639287791909E-14,
11.811000000635));
#13268=CARTESIAN_POINT('',(205.74,2.48080555729565E-14,13.081));
#13269=CARTESIAN_POINT('',(205.74,2.48080555729565E-14,13.081));
#13270=CARTESIAN_POINT('',(204.47,2.50413507881939E-14,11.811));
#13271=CARTESIAN_POINT('Origin',(205.73999999934,2.48858206447413E-14,11.8110000006604));
#13272=CARTESIAN_POINT('',(204.47,2.52746460034314E-14,8.001));
#13273=CARTESIAN_POINT('',(204.47,2.52746460034314E-14,8.001));
#13274=CARTESIAN_POINT('',(203.2,2.55079412186612E-14,6.731));
#13275=CARTESIAN_POINT('Origin',(203.200000000635,2.54301761468866E-14,
8.0009999993396));
#13276=CARTESIAN_POINT('',(18.8468,4.80846968479146E-14,6.731));
#13277=CARTESIAN_POINT('',(18.8468,4.80846968479146E-14,6.731));
#13278=CARTESIAN_POINT('',(17.5768,4.83179920631622E-14,5.461));
#13279=CARTESIAN_POINT('Origin',(18.8467999993396,4.81624619197146E-14,
5.4610000006604));
#13280=CARTESIAN_POINT('',(17.5768,4.84610797951726E-14,3.1242));
#13281=CARTESIAN_POINT('',(216.4715,2.37893331330856E-14,8.255));
#13282=CARTESIAN_POINT('Origin',(213.995,2.40926169128943E-14,8.255));
#13283=CARTESIAN_POINT('Origin',(18.8467999993396,4.81624619197146E-14,
5.4610000006604));
#13284=CARTESIAN_POINT('',(17.5768,1.2192,5.461));
#13285=CARTESIAN_POINT('',(17.5768,4.83179920631622E-14,5.461));
#13286=CARTESIAN_POINT('',(18.8468,1.2192,6.731));
#13287=CARTESIAN_POINT('',(18.8468,4.80846968479146E-14,6.731));
#13288=CARTESIAN_POINT('Origin',(18.8467999993396,1.2192,5.4610000006604));
#13289=CARTESIAN_POINT('Origin',(203.200000000635,2.54301761468866E-14,
8.0009999993396));
#13290=CARTESIAN_POINT('',(204.47,1.2192,8.001));
#13291=CARTESIAN_POINT('',(204.47,2.52746460034314E-14,8.001));
#13292=CARTESIAN_POINT('',(203.2,1.2192,6.731));
#13293=CARTESIAN_POINT('Origin',(203.200000000635,1.2192,8.0009999993396));
#13294=CARTESIAN_POINT('',(203.2,2.55079412186612E-14,6.731));
#13295=CARTESIAN_POINT('Origin',(223.52,2.2708398635817E-14,11.811));
#13296=CARTESIAN_POINT('',(223.52,1.2192,11.811));
#13297=CARTESIAN_POINT('',(223.52,2.2708398635817E-14,11.811));
#13298=CARTESIAN_POINT('',(223.52,1.2192,8.001));
#13299=CARTESIAN_POINT('',(223.52,2.29416938510544E-14,8.001));
#13300=CARTESIAN_POINT('',(223.52,1.2192,11.811));
#13301=CARTESIAN_POINT('Origin',(224.79,2.28639287793103E-14,6.731));
#13302=CARTESIAN_POINT('',(224.79,1.2192,6.731));
#13303=CARTESIAN_POINT('',(224.79,2.28639287793103E-14,6.731));
#13304=CARTESIAN_POINT('',(409.1432,1.2192,6.731));
#13305=CARTESIAN_POINT('',(409.1432,2.8717315005184E-16,6.731));
#13306=CARTESIAN_POINT('',(224.79,1.2192,6.731));
#13307=CARTESIAN_POINT('Origin',(213.995,2.40926169128943E-14,8.255));
#13308=CARTESIAN_POINT('',(216.4715,1.2192,8.255));
#13309=CARTESIAN_POINT('Origin',(213.995,1.2192,8.255));
#13310=CARTESIAN_POINT('',(216.4715,2.37893331330856E-14,8.255));
#13311=CARTESIAN_POINT('Origin',(15.7988000014732,0.507999998538992,0.));
#13312=CARTESIAN_POINT('',(15.7988,0.,0.));
#13313=CARTESIAN_POINT('Origin',(426.212837994144,406.4,1.77716200586143));
#13314=CARTESIAN_POINT('Origin',(424.8658,406.4,3.12420000000009));
#13315=CARTESIAN_POINT('',(424.8658,406.4,0.));
#13316=CARTESIAN_POINT('Origin',(412.191199998527,0.507999998538992,0.));
#13317=CARTESIAN_POINT('',(411.6832,0.508,0.));
#13318=CARTESIAN_POINT('Ctrl Pts',(3.1242,1.21927116325868,1.7272));
#13319=CARTESIAN_POINT('Ctrl Pts',(3.1242,-4.10239087875125E-6,1.7272));
#13320=CARTESIAN_POINT('Ctrl Pts',(3.05770304999701,1.21925224703848,1.75824444444439));
#13321=CARTESIAN_POINT('Ctrl Pts',(3.0151407847682,-3.51261914889895E-5,
1.75824444444439));
#13322=CARTESIAN_POINT('Ctrl Pts',(2.92471758179024,1.22624960213806,1.82033333333342));
#13323=CARTESIAN_POINT('Ctrl Pts',(2.79703618302255,0.0114409799421024,
1.82033333333342));
#13324=CARTESIAN_POINT('Ctrl Pts',(2.72741818510438,1.25748739841331,1.91346666666658));
#13325=CARTESIAN_POINT('Ctrl Pts',(2.47345265975242,0.0626729469271998,
1.91346666666658));
#13326=CARTESIAN_POINT('Ctrl Pts',(2.53446782580622,1.30919137684604,2.0066));
#13327=CARTESIAN_POINT('Ctrl Pts',(2.15700183364785,0.147470750610977,2.0066));
#13328=CARTESIAN_POINT('Ctrl Pts',(2.34797820990869,1.38077719463445,2.09973333333342));
#13329=CARTESIAN_POINT('Ctrl Pts',(1.85114703644849,0.264876031739441,2.09973333333342));
#13330=CARTESIAN_POINT('Ctrl Pts',(2.16999317243204,1.47146532899176,2.19286666666658));
#13331=CARTESIAN_POINT('Ctrl Pts',(1.5592402872181,0.413610323505506,2.19286666666658));
#13332=CARTESIAN_POINT('Ctrl Pts',(2.00246259013866,1.58026089928152,2.286));
#13333=CARTESIAN_POINT('Ctrl Pts',(1.28447950750704,0.592041958569896,2.286));
#13334=CARTESIAN_POINT('Ctrl Pts',(1.84722200559388,1.70597226189078,2.37913333333342));
#13335=CARTESIAN_POINT('Ctrl Pts',(1.02987510353244,0.798216565833873,2.37913333333342));
#13336=CARTESIAN_POINT('Ctrl Pts',(1.70597226189078,1.84722200559388,2.47226666666658));
#13337=CARTESIAN_POINT('Ctrl Pts',(0.798216565833873,1.02987510353244,2.47226666666658));
#13338=CARTESIAN_POINT('Ctrl Pts',(1.58026089928152,2.00246259013866,2.5654));
#13339=CARTESIAN_POINT('Ctrl Pts',(0.592041958569896,1.28447950750678,2.5654));
#13340=CARTESIAN_POINT('Ctrl Pts',(1.47146532899176,2.16999317243204,2.6585333333418));
#13341=CARTESIAN_POINT('Ctrl Pts',(0.413610323505506,1.5592402872181,2.6585333333418));
#13342=CARTESIAN_POINT('Ctrl Pts',(1.38077719463445,2.34797820990869,2.7516666666582));
#13343=CARTESIAN_POINT('Ctrl Pts',(0.264876031739441,1.85114703644849,2.7516666666582));
#13344=CARTESIAN_POINT('Ctrl Pts',(1.30919137684604,2.53446782580622,2.8448));
#13345=CARTESIAN_POINT('Ctrl Pts',(0.147470750611002,2.15700183364785,2.8448));
#13346=CARTESIAN_POINT('Ctrl Pts',(1.25748739841331,2.72741818510438,2.9379333333418));
#13347=CARTESIAN_POINT('Ctrl Pts',(0.0626729469272252,2.47345265975242,
2.9379333333418));
#13348=CARTESIAN_POINT('Ctrl Pts',(1.22624960213806,2.92471758179024,3.0310666666582));
#13349=CARTESIAN_POINT('Ctrl Pts',(0.0114409799421202,2.79703618302255,
3.0310666666582));
#13350=CARTESIAN_POINT('Ctrl Pts',(1.21925224703848,3.05770304999701,3.0931555555612));
#13351=CARTESIAN_POINT('Ctrl Pts',(-3.51261914715651E-5,3.0151407847682,
3.0931555555612));
#13352=CARTESIAN_POINT('Ctrl Pts',(1.21927116325868,3.1242,3.1242));
#13353=CARTESIAN_POINT('Ctrl Pts',(-4.1023908614789E-6,3.1242,3.1242));
#13354=CARTESIAN_POINT('',(3.1242,-1.69197988952875E-14,1.7272));
#13355=CARTESIAN_POINT('',(3.1242,-1.69197988952875E-14,1.7272));
#13356=CARTESIAN_POINT('Ctrl Pts',(3.25260651745651E-16,3.1242,3.1242));
#13357=CARTESIAN_POINT('Ctrl Pts',(3.48200252316098E-16,2.72674606038571,
3.01106189497034));
#13358=CARTESIAN_POINT('Ctrl Pts',(0.0758448478965196,2.33291917329165,
2.89893328533896));
#13359=CARTESIAN_POINT('Ctrl Pts',(0.38058916207611,1.57106408953326,2.66535122121345));
#13360=CARTESIAN_POINT('Ctrl Pts',(0.615892087845067,1.21422329137259,2.54613819561991));
#13361=CARTESIAN_POINT('Ctrl Pts',(1.21422329136871,0.61589208784883,2.30526180438163));
#13362=CARTESIAN_POINT('Ctrl Pts',(1.57106408952509,0.380589162081298,2.18604877878069));
#13363=CARTESIAN_POINT('Ctrl Pts',(2.33291917328571,0.0758448478970931,
1.95246671466248));
#13364=CARTESIAN_POINT('Ctrl Pts',(2.72674606038393,2.55729178374923E-16,
1.84033810505054));
#13365=CARTESIAN_POINT('Ctrl Pts',(3.1242,2.38524477946811E-16,1.7272));
#13366=CARTESIAN_POINT('',(3.52495810318374E-16,3.1242,3.1242));
#13367=CARTESIAN_POINT('Ctrl Pts',(1.21927116365977,3.1242,3.1242));
#13368=CARTESIAN_POINT('Ctrl Pts',(-8.2751908881064E-6,3.1242,3.1242));
#13369=CARTESIAN_POINT('Ctrl Pts',(1.21925224743958,3.0547733333418,3.05770305001101));
#13370=CARTESIAN_POINT('Ctrl Pts',(-3.92990329348551E-5,3.0547733333418,
3.01514063910476));
#13371=CARTESIAN_POINT('Ctrl Pts',(1.22624960253769,2.91592,2.92471758183224));
#13372=CARTESIAN_POINT('Ctrl Pts',(0.0114368224285596,2.91592,2.79703574605072));
#13373=CARTESIAN_POINT('Ctrl Pts',(1.25748739880636,2.70764,2.72741818518793));
#13374=CARTESIAN_POINT('Ctrl Pts',(0.0626688578409332,2.70764,2.47345179059073));
#13375=CARTESIAN_POINT('Ctrl Pts',(1.30919137722821,2.49936,2.53446782593039));
#13376=CARTESIAN_POINT('Ctrl Pts',(0.147466774783725,2.49936,2.15700054182299));
#13377=CARTESIAN_POINT('Ctrl Pts',(1.38077719500154,2.29108,2.34797821007213));
#13378=CARTESIAN_POINT('Ctrl Pts',(0.264872212722905,2.29108,1.85114533611289));
#13379=CARTESIAN_POINT('Ctrl Pts',(1.47146532933976,2.0828,2.16999317263296));
#13380=CARTESIAN_POINT('Ctrl Pts',(0.413606703143871,2.0828,1.55923819700129));
#13381=CARTESIAN_POINT('Ctrl Pts',(1.58026089960661,1.87452,2.00246259037485));
#13382=CARTESIAN_POINT('Ctrl Pts',(0.592038576528007,1.87452,1.28447705030979));
#13383=CARTESIAN_POINT('Ctrl Pts',(1.7059722621894,1.66624,1.84722200586276));
#13384=CARTESIAN_POINT('Ctrl Pts',(0.798213459166249,1.66624,1.02987230627634));
#13385=CARTESIAN_POINT('Ctrl Pts',(1.84722200586276,1.45796,1.7059722621894));
#13386=CARTESIAN_POINT('Ctrl Pts',(1.02987230627634,1.45796,0.798213459166249));
#13387=CARTESIAN_POINT('Ctrl Pts',(2.00246259037485,1.24968,1.58026089960661));
#13388=CARTESIAN_POINT('Ctrl Pts',(1.28447705030979,1.24968,0.592038576528007));
#13389=CARTESIAN_POINT('Ctrl Pts',(2.16999317263296,1.0414,1.47146532933976));
#13390=CARTESIAN_POINT('Ctrl Pts',(1.55923819700129,1.0414,0.413606703143871));
#13391=CARTESIAN_POINT('Ctrl Pts',(2.34797821007213,0.83312,1.38077719500154));
#13392=CARTESIAN_POINT('Ctrl Pts',(1.85114533611289,0.83312,0.264872212722905));
#13393=CARTESIAN_POINT('Ctrl Pts',(2.53446782593039,0.62484,1.30919137722821));
#13394=CARTESIAN_POINT('Ctrl Pts',(2.15700054182299,0.62484,0.147466774783725));
#13395=CARTESIAN_POINT('Ctrl Pts',(2.72741818518793,0.41656,1.25748739880636));
#13396=CARTESIAN_POINT('Ctrl Pts',(2.47345179059073,0.41656,0.0626688578409332));
#13397=CARTESIAN_POINT('Ctrl Pts',(2.92471758183224,0.20828,1.22624960253769));
#13398=CARTESIAN_POINT('Ctrl Pts',(2.79703574605072,0.20828,0.0114368224285596));
#13399=CARTESIAN_POINT('Ctrl Pts',(3.05770305001101,0.0694266666666582,
1.21925224743958));
#13400=CARTESIAN_POINT('Ctrl Pts',(3.01514063910476,0.0694266666666582,
-3.92990329350329E-5));
#13401=CARTESIAN_POINT('Ctrl Pts',(3.1242,0.,1.21927116365977));
#13402=CARTESIAN_POINT('Ctrl Pts',(3.1242,0.,-8.2751908884589E-6));
#13403=CARTESIAN_POINT('Ctrl Pts',(1.2192,3.1242,3.1242));
#13404=CARTESIAN_POINT('Ctrl Pts',(1.2192,2.86302355618573,2.87403552336294));
#13405=CARTESIAN_POINT('Ctrl Pts',(1.2684774044245,2.60433129084409,2.62630573919886));
#13406=CARTESIAN_POINT('Ctrl Pts',(1.45994246311854,2.08196638247084,2.16406824350479));
#13407=CARTESIAN_POINT('Ctrl Pts',(1.6002700880162,1.82328345740976,1.95405307566294));
#13408=CARTESIAN_POINT('Ctrl Pts',(1.95405307566263,1.30091654259086,1.60027008801673));
#13409=CARTESIAN_POINT('Ctrl Pts',(2.16406824350287,1.04223361753155,1.45994246311991));
#13410=CARTESIAN_POINT('Ctrl Pts',(2.62630573920322,0.519868709150756,1.26847740442212));
#13411=CARTESIAN_POINT('Ctrl Pts',(2.87403552336857,0.26117644384021,1.2192));
#13412=CARTESIAN_POINT('Ctrl Pts',(3.1242,0.,1.2192));
#13413=CARTESIAN_POINT('',(3.1242,-4.40619762885204E-17,0.));
#13414=CARTESIAN_POINT('Origin',(409.143200000635,3.64938221678866E-16,
5.4610000006604));
#13415=CARTESIAN_POINT('',(410.4132,1.2192,5.461));
#13416=CARTESIAN_POINT('',(410.4132,2.0940807830612E-16,5.461));
#13417=CARTESIAN_POINT('Origin',(409.143200000635,1.2192,5.4610000006604));
#13418=CARTESIAN_POINT('Origin',(424.8658,6.06488578053692E-15,1.7272));
#13419=CARTESIAN_POINT('',(412.9532,7.37911549304252E-15,2.5146));
#13420=CARTESIAN_POINT('',(424.8658,6.06488578053692E-15,1.7272));
#13421=CARTESIAN_POINT('',(412.9532,1.2192,2.5146));
#13422=CARTESIAN_POINT('',(412.9532,7.37911549304252E-15,2.5146));
#13423=CARTESIAN_POINT('',(424.8658,1.2192,1.7272));
#13424=CARTESIAN_POINT('Origin',(412.95319999934,7.1458202780032E-15,3.7845999993396));
#13425=CARTESIAN_POINT('',(411.6832,7.30135042129586E-15,3.7846));
#13426=CARTESIAN_POINT('Origin',(412.95319999934,7.1458202780032E-15,3.7845999993396));
#13427=CARTESIAN_POINT('',(411.6832,1.2192,3.7846));
#13428=CARTESIAN_POINT('',(411.6832,7.30135042129586E-15,3.7846));
#13429=CARTESIAN_POINT('Origin',(412.95319999934,1.2192,3.7845999993396));
#13430=CARTESIAN_POINT('Origin',(9.02403406577182E-15,204.652485845137,
63.0355190349328));
#13431=CARTESIAN_POINT('',(-6.9885269624914E-15,3.1242,123.0122));
#13432=CARTESIAN_POINT('',(1.76272288479432E-14,405.13,123.0122));
#13433=CARTESIAN_POINT('',(1.76272288479432E-14,405.13,123.0122));
#13434=CARTESIAN_POINT('',(1.7782758991434E-14,406.4,121.7422));
#13435=CARTESIAN_POINT('Origin',(1.77049939196899E-14,405.13000000066,121.74220000066));
#13436=CARTESIAN_POINT('',(2.50460166924969E-14,406.4,3.1242));
#13437=CARTESIAN_POINT('',(1.7148196005989E-14,390.9949,116.7003));
#13438=CARTESIAN_POINT('Origin',(1.73138356088077E-14,393.7,116.7003));
#13439=CARTESIAN_POINT('',(5.48343524410936E-15,200.4949,116.7003));
#13440=CARTESIAN_POINT('Origin',(5.64907484692804E-15,203.2,116.7003));
#13441=CARTESIAN_POINT('',(-6.18132551776772E-15,9.9949,116.7003));
#13442=CARTESIAN_POINT('Origin',(-6.01568591494904E-15,12.7,116.7003));
#13443=CARTESIAN_POINT('Origin',(1.77049939196899E-14,405.13000000066,121.74220000066));
#13444=CARTESIAN_POINT('',(1.2192,406.4,121.7422));
#13445=CARTESIAN_POINT('',(1.7782758991434E-14,406.4,121.7422));
#13446=CARTESIAN_POINT('',(1.2192,405.13,123.0122));
#13447=CARTESIAN_POINT('',(1.76272288479432E-14,405.13,123.0122));
#13448=CARTESIAN_POINT('Origin',(1.2192,405.13000000066,121.74220000066));
#13449=CARTESIAN_POINT('Origin',(-6.01568591494904E-15,12.7,116.7003));
#13450=CARTESIAN_POINT('',(1.2192,9.9949,116.7003));
#13451=CARTESIAN_POINT('Origin',(1.2192,12.7,116.7003));
#13452=CARTESIAN_POINT('',(-6.18132551776772E-15,9.9949,116.7003));
#13453=CARTESIAN_POINT('Ctrl Pts',(426.770728836331,3.1242,3.1242));
#13454=CARTESIAN_POINT('Ctrl Pts',(427.990008275191,3.1242,3.1242));
#13455=CARTESIAN_POINT('Ctrl Pts',(426.770747752553,3.0547733333418,3.05770305001134));
#13456=CARTESIAN_POINT('Ctrl Pts',(427.990039299036,3.0547733333418,3.01514063910476));
#13457=CARTESIAN_POINT('Ctrl Pts',(426.763750397448,2.91592,2.92471758183324));
#13458=CARTESIAN_POINT('Ctrl Pts',(427.978563177571,2.91592,2.7970357460507));
#13459=CARTESIAN_POINT('Ctrl Pts',(426.732512601192,2.70764,2.72741818518991));
#13460=CARTESIAN_POINT('Ctrl Pts',(427.92733114215,2.70764,2.47345179059068));
#13461=CARTESIAN_POINT('Ctrl Pts',(426.680808622757,2.49936,2.53446782593359));
#13462=CARTESIAN_POINT('Ctrl Pts',(427.842533225214,2.49936,2.15700054182291));
#13463=CARTESIAN_POINT('Ctrl Pts',(426.609222804983,2.29108,2.34797821007601));
#13464=CARTESIAN_POINT('Ctrl Pts',(427.725127787276,2.29108,1.85114533611279));
#13465=CARTESIAN_POINT('Ctrl Pts',(426.518534670655,2.0828,2.16999317263798));
#13466=CARTESIAN_POINT('Ctrl Pts',(427.576393296858,2.0828,1.55923819700116));
#13467=CARTESIAN_POINT('Ctrl Pts',(426.40973910038,1.87452,2.00246259038046));
#13468=CARTESIAN_POINT('Ctrl Pts',(427.39796142347,1.87452,1.28447705030939));
#13469=CARTESIAN_POINT('Ctrl Pts',(426.284027737807,1.66624,1.84722200586915));
#13470=CARTESIAN_POINT('Ctrl Pts',(427.191786540822,1.66624,1.02987230627617));
#13471=CARTESIAN_POINT('Ctrl Pts',(426.14277799413,1.45796,1.70597226219649));
#13472=CARTESIAN_POINT('Ctrl Pts',(426.960127693713,1.45796,0.798213459166062));
#13473=CARTESIAN_POINT('Ctrl Pts',(425.987537409609,1.24968,1.58026089961433));
#13474=CARTESIAN_POINT('Ctrl Pts',(426.7055229497,1.24968,0.592038576527804));
#13475=CARTESIAN_POINT('Ctrl Pts',(425.820006827363,1.0414,1.47146532934802));
#13476=CARTESIAN_POINT('Ctrl Pts',(426.430761803,1.0414,0.413606703143652));
#13477=CARTESIAN_POINT('Ctrl Pts',(425.642021789931,0.83312,1.38077719501026));
#13478=CARTESIAN_POINT('Ctrl Pts',(426.138854663897,0.83312,0.264872212722674));
#13479=CARTESIAN_POINT('Ctrl Pts',(425.455532174062,0.62484,1.30919137723728));
#13480=CARTESIAN_POINT('Ctrl Pts',(425.832999458189,0.62484,0.14746677478346));
#13481=CARTESIAN_POINT('Ctrl Pts',(425.26258181481,0.41656,1.25748739881569));
#13482=CARTESIAN_POINT('Ctrl Pts',(425.516548209411,0.41656,0.0626688578406868));
#13483=CARTESIAN_POINT('Ctrl Pts',(425.065282418167,0.208280000000102,1.22624960254718));
#13484=CARTESIAN_POINT('Ctrl Pts',(425.192964253949,0.208280000000102,0.0114368224283064));
#13485=CARTESIAN_POINT('Ctrl Pts',(424.932296949989,0.069426666666709,1.2192522474491));
#13486=CARTESIAN_POINT('Ctrl Pts',(424.974859360895,0.0694266666666582,
-3.92990331886649E-5));
#13487=CARTESIAN_POINT('Ctrl Pts',(424.8658,0.,1.2192711636693));
#13488=CARTESIAN_POINT('Ctrl Pts',(424.8658,0.,-8.27519113995478E-6));
#13489=CARTESIAN_POINT('Ctrl Pts',(427.99,3.1242,3.1242));
#13490=CARTESIAN_POINT('Ctrl Pts',(427.99,2.99392452353148,2.91955640618647));
#13491=CARTESIAN_POINT('Ctrl Pts',(427.969892922265,2.86395401966919,2.71540800391164));
#13492=CARTESIAN_POINT('Ctrl Pts',(427.890045569998,2.60339526845788,2.31398835202289));
#13493=CARTESIAN_POINT('Ctrl Pts',(427.830497697949,2.47342949460907,2.1176853314803));
#13494=CARTESIAN_POINT('Ctrl Pts',(427.595180519997,2.0819633334379,1.54957949768671));
#13495=CARTESIAN_POINT('Ctrl Pts',(427.365042567122,1.8232819252428,1.20515794634967));
#13496=CARTESIAN_POINT('Ctrl Pts',(426.784842053648,1.30091807476579,0.624957432877327));
#13497=CARTESIAN_POINT('Ctrl Pts',(426.44042050232,1.04223666656421,0.394819480008007));
#13498=CARTESIAN_POINT('Ctrl Pts',(425.872314668535,0.65077050539479,0.159502302055824));
#13499=CARTESIAN_POINT('Ctrl Pts',(425.676011647991,0.520804731548657,0.099954430005256));
#13500=CARTESIAN_POINT('Ctrl Pts',(425.274591996092,0.260245980333877,0.0201070777349117));
#13501=CARTESIAN_POINT('Ctrl Pts',(425.070443593813,0.130275476484027,5.28279366382399E-15));
#13502=CARTESIAN_POINT('Ctrl Pts',(424.8658,-2.81025203108243E-15,3.25260651745651E-17));
#13503=CARTESIAN_POINT('Origin',(427.99,203.2,116.7003));
#13504=CARTESIAN_POINT('',(427.99,205.9051,116.7003));
#13505=CARTESIAN_POINT('',(427.99,205.9051,116.7003));
#13506=CARTESIAN_POINT('Origin',(427.99,203.2,116.7003));
#13507=CARTESIAN_POINT('Origin',(424.8658,406.4,0.));
#13508=CARTESIAN_POINT('Origin',(1.76272288479432E-14,405.13,123.0122));
#13509=CARTESIAN_POINT('',(1.2192,405.13,123.0122));
#13510=CARTESIAN_POINT('Origin',(17.5768,1.77716200585664,1.77716200586143));
#13511=CARTESIAN_POINT('',(17.5768,1.2192,3.1242));
#13512=CARTESIAN_POINT('Origin',(17.5768,3.12420144769418,3.12420144769418));
#13513=CARTESIAN_POINT('',(17.5768,1.2192,3.1242));
#13514=CARTESIAN_POINT('Origin',(1.73138356088077E-14,393.7,116.7003));
#13515=CARTESIAN_POINT('',(1.2192,390.9949,116.7003));
#13516=CARTESIAN_POINT('Origin',(1.2192,393.7,116.7003));
#13517=CARTESIAN_POINT('',(1.7148196005989E-14,390.9949,116.7003));
#13518=CARTESIAN_POINT('Origin',(17.5768,4.84610797951726E-14,3.1242));
#13519=CARTESIAN_POINT('',(17.5768,1.2192,3.1242));
#13520=CARTESIAN_POINT('Origin',(213.995,397.5989,0.));
#13521=CARTESIAN_POINT('',(211.9249,397.5989,0.));
#13522=CARTESIAN_POINT('Origin',(2.50460166924969E-14,406.4,3.1242));
#13523=CARTESIAN_POINT('',(1.2192,406.4,3.1242));
#13524=CARTESIAN_POINT('Origin',(224.78999999934,2.2786163707683E-14,8.0009999993396));
#13525=CARTESIAN_POINT('Origin',(224.78999999934,1.2192,8.0009999993396));
#13526=CARTESIAN_POINT('Origin',(222.250000000635,2.28639287791909E-14,
11.811000000635));
#13527=CARTESIAN_POINT('',(222.25,1.2192,13.081));
#13528=CARTESIAN_POINT('',(222.25,2.27861637075637E-14,13.081));
#13529=CARTESIAN_POINT('Origin',(222.250000000635,1.2192,11.811000000635));
#13530=CARTESIAN_POINT('Origin',(418.323077952704,1.2192,62.5611208340232));
#13531=CARTESIAN_POINT('',(411.6832,1.2192,121.7422));
#13532=CARTESIAN_POINT('',(411.6832,1.2192,3.7846));
#13533=CARTESIAN_POINT('',(412.9532,1.2192,123.0122));
#13534=CARTESIAN_POINT('Origin',(412.95319999934,1.2192,121.74220000066));
#13535=CARTESIAN_POINT('',(412.9532,1.2192,123.0122));
#13536=CARTESIAN_POINT('',(418.5539,1.2192,109.2962));
#13537=CARTESIAN_POINT('Origin',(418.5539,1.2192,106.8197));
#13538=CARTESIAN_POINT('',(418.5539,1.2192,20.3962));
#13539=CARTESIAN_POINT('Origin',(418.5539,1.2192,17.9197));
#13540=CARTESIAN_POINT('Origin',(412.95319999934,-1.45226393135E-14,121.74220000066));
#13541=CARTESIAN_POINT('',(411.6832,-1.43671091699685E-14,121.7422));
#13542=CARTESIAN_POINT('',(411.6832,-1.43671091699685E-14,121.7422));
#13543=CARTESIAN_POINT('',(412.9532,-1.47559345286993E-14,123.0122));
#13544=CARTESIAN_POINT('Origin',(412.95319999934,-1.45226393135E-14,121.74220000066));
#13545=CARTESIAN_POINT('',(412.9532,-1.47559345286993E-14,123.0122));
#13546=CARTESIAN_POINT('Origin',(418.5539,3.86335659941308E-15,17.9197));
#13547=CARTESIAN_POINT('',(418.5539,3.40843092969982E-15,20.3962));
#13548=CARTESIAN_POINT('',(418.5539,3.40843092969982E-15,20.3962));
#13549=CARTESIAN_POINT('Origin',(418.5539,3.86335659941308E-15,17.9197));
#13550=CARTESIAN_POINT('Origin',(427.99,204.652485845264,63.0355190349836));
#13551=CARTESIAN_POINT('',(427.99,406.4,3.1242));
#13552=CARTESIAN_POINT('',(427.99,3.1242,123.0122));
#13553=CARTESIAN_POINT('',(427.99,3.1242,3.1242));
#13554=CARTESIAN_POINT('',(427.99,15.4051,116.7003));
#13555=CARTESIAN_POINT('Origin',(427.99,12.7,116.7003));
#13556=CARTESIAN_POINT('Origin',(204.47,2.52746460034314E-14,8.001));
#13557=CARTESIAN_POINT('',(204.47,1.2192,11.811));
#13558=CARTESIAN_POINT('',(204.47,2.50413507881939E-14,11.811));
#13559=CARTESIAN_POINT('',(204.47,1.2192,8.001));
#13560=CARTESIAN_POINT('Origin',(15.0368,-1.83304572967566E-14,2.5146));
#13561=CARTESIAN_POINT('',(15.0368,-1.83304572967566E-14,2.5146));
#13562=CARTESIAN_POINT('',(15.0368,1.2192,2.5146));
#13563=CARTESIAN_POINT('',(15.0368,-1.83304572967566E-14,2.5146));
#13564=CARTESIAN_POINT('',(15.0368,-1.83304572967566E-14,2.5146));
#13565=CARTESIAN_POINT('',(15.0368,1.2192,2.5146));
#13566=CARTESIAN_POINT('Origin',(418.5539,-1.24673084672179E-14,106.8197));
#13567=CARTESIAN_POINT('',(418.5539,-1.29222341369311E-14,109.2962));
#13568=CARTESIAN_POINT('',(418.5539,-1.29222341369311E-14,109.2962));
#13569=CARTESIAN_POINT('Origin',(418.5539,-1.24673084672179E-14,106.8197));
#13570=CARTESIAN_POINT('Origin',(418.323077952704,-4.3088718225109E-15,
62.5611208340232));
#13571=CARTESIAN_POINT('',(424.8658,-1.62148072746513E-14,123.0122));
#13572=CARTESIAN_POINT('',(412.9532,-1.47559345286993E-14,123.0122));
#13573=CARTESIAN_POINT('',(411.6832,7.30135042129586E-15,3.7846));
#13574=CARTESIAN_POINT('Origin',(1.2192,204.652485845137,63.0355190349328));
#13575=CARTESIAN_POINT('',(1.2192,3.1242,3.1242));
#13576=CARTESIAN_POINT('',(1.2192,200.4949,116.7003));
#13577=CARTESIAN_POINT('Origin',(1.2192,203.2,116.7003));
#13578=CARTESIAN_POINT('Origin',(411.6832,3.429,0.));
#13579=CARTESIAN_POINT('',(411.6832,3.429,0.));
#13580=CARTESIAN_POINT('Origin',(15.0368000006604,-1.10298723612957E-14,
121.74220000066));
#13581=CARTESIAN_POINT('',(16.3068,-1.11854025047484E-14,121.7422));
#13582=CARTESIAN_POINT('Origin',(15.0368000006604,-1.10298723612957E-14,
121.74220000066));
#13583=CARTESIAN_POINT('',(16.3068,1.2192,121.7422));
#13584=CARTESIAN_POINT('',(16.3068,-1.11854025047484E-14,121.7422));
#13585=CARTESIAN_POINT('Origin',(15.0368000006604,1.2192,121.74220000066));
#13586=CARTESIAN_POINT('Origin',(16.3068,-1.11854025047484E-14,121.7422));
#13587=CARTESIAN_POINT('',(16.3068,-1.84082223685032E-14,3.7846));
#13588=CARTESIAN_POINT('',(16.3068,-1.11854025047484E-14,121.7422));
#13589=CARTESIAN_POINT('',(16.3068,1.2192,3.7846));
#13590=CARTESIAN_POINT('',(16.3068,-1.84082223685032E-14,3.7846));
#13591=CARTESIAN_POINT('',(16.3068,1.2192,121.7422));
#13592=CARTESIAN_POINT('Origin',(411.6832,7.30135042129586E-15,3.7846));
#13593=CARTESIAN_POINT('Origin',(5.64907484692804E-15,203.2,116.7003));
#13594=CARTESIAN_POINT('',(5.48343524410936E-15,200.4949,116.7003));
#13595=CARTESIAN_POINT('Origin',(205.73999999934,2.48858206447413E-14,11.8110000006604));
#13596=CARTESIAN_POINT('',(205.74,1.2192,13.081));
#13597=CARTESIAN_POINT('',(205.74,2.48080555729565E-14,13.081));
#13598=CARTESIAN_POINT('Origin',(205.73999999934,1.2192,11.8110000006604));
#13599=CARTESIAN_POINT('Origin',(205.74,2.48080555729565E-14,13.081));
#13600=CARTESIAN_POINT('',(205.74,1.2192,13.081));
#13601=CARTESIAN_POINT('Origin',(213.995000000152,1.2192,5.1402178658226));
#13602=CARTESIAN_POINT('',(410.4132,1.2192,3.1242));
#13603=CARTESIAN_POINT('',(18.8468,1.2192,6.731));
#13604=CARTESIAN_POINT('',(410.4132,1.2192,5.461));
#13605=CARTESIAN_POINT('Origin',(427.99,3.1242,123.0122));
#13606=CARTESIAN_POINT('Origin',(16.3068,3.429,0.));
#13607=CARTESIAN_POINT('Origin',(3.1242,3.1242,3.1242));
#13608=CARTESIAN_POINT('',(3.1242,-1.69197988952875E-14,1.7272));
#13609=CARTESIAN_POINT('Origin',(412.9532,-1.47559345286993E-14,123.0122));
#13610=CARTESIAN_POINT('Origin',(427.99,12.7,116.7003));
#13611=CARTESIAN_POINT('',(427.99,15.4051,116.7003));
#13612=CARTESIAN_POINT('Origin',(3.1242,0.,3.1242));
#13613=CARTESIAN_POINT('Origin',(410.4132,3.1242,3.1242));
#13614=CARTESIAN_POINT('Origin',(424.8658,406.4,3.1242));
#13615=CARTESIAN_POINT('Origin',(9.6669220472958,-1.39960479351507E-14,
62.5611208337184));
#13616=CARTESIAN_POINT('Origin',(15.0368000006604,-1.82526922251293E-14,
3.7845999993396));
#13617=CARTESIAN_POINT('',(9.4361,-1.68529209335864E-14,15.4432));
#13618=CARTESIAN_POINT('Origin',(9.4361,-1.67012790436819E-14,17.9197));
#13619=CARTESIAN_POINT('',(9.4361,-1.1409365911376E-14,104.3432));
#13620=CARTESIAN_POINT('Origin',(9.4361,-1.12577240214716E-14,106.8197));
#13621=CARTESIAN_POINT('Origin',(9.4361,-1.67012790436819E-14,17.9197));
#13622=CARTESIAN_POINT('',(9.4361,1.2192,15.4432));
#13623=CARTESIAN_POINT('Origin',(9.4361,1.2192,17.9197));
#13624=CARTESIAN_POINT('',(9.4361,-1.68529209335864E-14,15.4432));
#13625=CARTESIAN_POINT('Origin',(9.4361,-1.12577240214716E-14,106.8197));
#13626=CARTESIAN_POINT('',(9.4361,1.2192,104.3432));
#13627=CARTESIAN_POINT('Origin',(9.4361,1.2192,106.8197));
#13628=CARTESIAN_POINT('',(9.4361,-1.1409365911376E-14,104.3432));
#13629=CARTESIAN_POINT('Origin',(15.0368000006604,-1.82526922251293E-14,
3.7845999993396));
#13630=CARTESIAN_POINT('Origin',(15.0368000006604,1.2192,3.7845999993396));
#13631=CARTESIAN_POINT('Origin',(410.4132,2.0940807830612E-16,5.461));
#13632=CARTESIAN_POINT('Origin',(18.8468,4.80846968479146E-14,6.731));
#13633=CARTESIAN_POINT('Origin',(9.6669220472958,1.2192,62.5611208337184));
#13634=CARTESIAN_POINT('Origin',(3.1242,0.,0.));
#13635=CARTESIAN_POINT('Origin',(410.4132,3.429,0.));
#13636=CARTESIAN_POINT('Origin',(424.8658,3.1242,123.0122));
#13637=CARTESIAN_POINT('polyline point',(28.1242,226.4,1.2192));
#13638=CARTESIAN_POINT('polyline point',(28.1242,236.4,1.2192));
#13639=CARTESIAN_POINT('polyline point',(28.1242,236.4,1.2192));
#13640=CARTESIAN_POINT('polyline point',(18.1242,236.4,1.2192));
#13641=CARTESIAN_POINT('polyline point',(18.1242,236.4,1.2192));
#13642=CARTESIAN_POINT('polyline point',(18.1242,192.4,1.2192));
#13643=CARTESIAN_POINT('polyline point',(18.1242,192.4,1.2192));
#13644=CARTESIAN_POINT('polyline point',(21.6242,192.4,1.2192));
#13645=CARTESIAN_POINT('polyline point',(21.6242,192.4,1.2192));
#13646=CARTESIAN_POINT('polyline point',(21.6242,206.4,1.2192));
#13647=CARTESIAN_POINT('polyline point',(21.6242,206.4,1.2192));
#13648=CARTESIAN_POINT('polyline point',(46.6242,206.4,1.2192));
#13649=CARTESIAN_POINT('polyline point',(46.6242,206.4,1.2192));
#13650=CARTESIAN_POINT('polyline point',(46.6242,192.4,1.2192));
#13651=CARTESIAN_POINT('polyline point',(46.6242,192.4,1.2192));
#13652=CARTESIAN_POINT('polyline point',(50.1242,192.4,1.2192));
#13653=CARTESIAN_POINT('polyline point',(50.1242,192.4,1.2192));
#13654=CARTESIAN_POINT('polyline point',(50.1242,236.4,1.2192));
#13655=CARTESIAN_POINT('polyline point',(50.1242,236.4,1.2192));
#13656=CARTESIAN_POINT('polyline point',(40.1242,236.4,1.2192));
#13657=CARTESIAN_POINT('polyline point',(40.1242,236.4,1.2192));
#13658=CARTESIAN_POINT('polyline point',(40.1242,226.4,1.2192));
#13659=CARTESIAN_POINT('polyline point',(40.1242,226.4,1.2192));
#13660=CARTESIAN_POINT('polyline point',(28.1242,226.4,1.2192));
#13661=CARTESIAN_POINT('Origin',(46.6242,212.9,1.2192));
#13662=CARTESIAN_POINT('Origin',(46.6242,232.9,1.2192));
#13663=CARTESIAN_POINT('Origin',(21.6242,232.9,1.2192));
#13664=CARTESIAN_POINT('Origin',(21.6242,212.9,1.2192));
#13665=CARTESIAN_POINT('polyline point',(40.1242,226.4,1.2192));
#13666=CARTESIAN_POINT('polyline point',(40.1242,237.4,1.2192));
#13667=CARTESIAN_POINT('polyline point',(40.1242,237.4,1.2192));
#13668=CARTESIAN_POINT('polyline point',(28.1242,237.4,1.2192));
#13669=CARTESIAN_POINT('polyline point',(28.1242,237.4,1.2192));
#13670=CARTESIAN_POINT('polyline point',(28.1242,226.4,1.2192));
#13671=CARTESIAN_POINT('polyline point',(28.1242,226.4,1.2192));
#13672=CARTESIAN_POINT('polyline point',(40.1242,226.4,1.2192));
#13673=CARTESIAN_POINT('polyline point',(21.6242,206.4,1.2192));
#13674=CARTESIAN_POINT('polyline point',(21.6242,192.4,1.2192));
#13675=CARTESIAN_POINT('polyline point',(21.6242,192.4,1.2192));
#13676=CARTESIAN_POINT('polyline point',(46.6242,192.4,1.2192));
#13677=CARTESIAN_POINT('polyline point',(46.6242,192.4,1.2192));
#13678=CARTESIAN_POINT('polyline point',(46.6242,206.4,1.2192));
#13679=CARTESIAN_POINT('polyline point',(46.6242,206.4,1.2192));
#13680=CARTESIAN_POINT('polyline point',(21.6242,206.4,1.2192));
#13681=CARTESIAN_POINT('polyline point',(350.5658,164.38,1.2192));
#13682=CARTESIAN_POINT('polyline point',(350.5658,148.08,1.2192));
#13683=CARTESIAN_POINT('polyline point',(362.5658,148.08,1.2192));
#13684=CARTESIAN_POINT('polyline point',(350.5658,148.08,1.2192));
#13685=CARTESIAN_POINT('polyline point',(362.5658,164.38,1.2192));
#13686=CARTESIAN_POINT('polyline point',(362.5658,148.08,1.2192));
#13687=CARTESIAN_POINT('polyline point',(362.5658,164.38,1.2192));
#13688=CARTESIAN_POINT('polyline point',(350.5658,164.38,1.2192));
#13689=CARTESIAN_POINT('polyline point',(382.4658,166.88,1.2192));
#13690=CARTESIAN_POINT('polyline point',(382.4658,154.88,1.2192));
#13691=CARTESIAN_POINT('polyline point',(391.4658,166.88,1.2192));
#13692=CARTESIAN_POINT('polyline point',(382.4658,166.88,1.2192));
#13693=CARTESIAN_POINT('polyline point',(391.4658,166.88,1.2192));
#13694=CARTESIAN_POINT('polyline point',(391.4658,154.88,1.2192));
#13695=CARTESIAN_POINT('polyline point',(391.4658,154.88,1.2192));
#13696=CARTESIAN_POINT('polyline point',(393.8658,154.88,1.2192));
#13697=CARTESIAN_POINT('Origin',(393.8658,155.88,1.2192));
#13698=CARTESIAN_POINT('',(393.8658,154.88,1.2192));
#13699=CARTESIAN_POINT('',(394.8658,155.88,1.2192));
#13700=CARTESIAN_POINT('polyline point',(394.8658,155.88,1.2192));
#13701=CARTESIAN_POINT('polyline point',(394.8658,252.86,1.2192));
#13702=CARTESIAN_POINT('Origin',(393.8658,252.86,1.2192));
#13703=CARTESIAN_POINT('',(394.8658,252.86,1.2192));
#13704=CARTESIAN_POINT('',(393.8658,253.86,1.2192));
#13705=CARTESIAN_POINT('polyline point',(393.8658,253.86,1.2192));
#13706=CARTESIAN_POINT('polyline point',(393.6058,253.86,1.2192));
#13707=CARTESIAN_POINT('polyline point',(393.6058,253.86,1.2192));
#13708=CARTESIAN_POINT('polyline point',(391.0658,256.4,1.2192));
#13709=CARTESIAN_POINT('polyline point',(391.0658,256.4,1.2192));
#13710=CARTESIAN_POINT('polyline point',(356.8058,256.4,1.2192));
#13711=CARTESIAN_POINT('polyline point',(356.8058,256.4,1.2192));
#13712=CARTESIAN_POINT('polyline point',(354.2658,253.86,1.2192));
#13713=CARTESIAN_POINT('polyline point',(354.2658,253.86,1.2192));
#13714=CARTESIAN_POINT('polyline point',(344.1058,253.86,1.2192));
#13715=CARTESIAN_POINT('polyline point',(344.1058,253.86,1.2192));
#13716=CARTESIAN_POINT('polyline point',(341.5658,251.32,1.2192));
#13717=CARTESIAN_POINT('polyline point',(341.5658,251.32,1.2192));
#13718=CARTESIAN_POINT('polyline point',(341.5658,155.88,1.2192));
#13719=CARTESIAN_POINT('Origin',(342.5658,155.88,1.2192));
#13720=CARTESIAN_POINT('',(341.5658,155.88,1.2192));
#13721=CARTESIAN_POINT('',(342.5658,154.88,1.2192));
#13722=CARTESIAN_POINT('polyline point',(342.5658,154.88,1.2192));
#13723=CARTESIAN_POINT('polyline point',(350.5658,154.88,1.2192));
#13724=CARTESIAN_POINT('polyline point',(350.5658,164.38,1.2192));
#13725=CARTESIAN_POINT('polyline point',(350.5658,154.88,1.2192));
#13726=CARTESIAN_POINT('polyline point',(350.5658,164.38,1.2192));
#13727=CARTESIAN_POINT('polyline point',(362.5658,164.38,1.2192));
#13728=CARTESIAN_POINT('polyline point',(362.5658,164.38,1.2192));
#13729=CARTESIAN_POINT('polyline point',(362.5658,154.88,1.2192));
#13730=CARTESIAN_POINT('polyline point',(362.5658,154.88,1.2192));
#13731=CARTESIAN_POINT('polyline point',(382.4658,154.88,1.2192));
#13732=CARTESIAN_POINT('polyline point',(373.4158,198.51,1.2192));
#13733=CARTESIAN_POINT('polyline point',(373.4158,212.41,1.2192));
#13734=CARTESIAN_POINT('polyline point',(359.5158,198.51,1.2192));
#13735=CARTESIAN_POINT('polyline point',(373.4158,198.51,1.2192));
#13736=CARTESIAN_POINT('polyline point',(359.5158,212.41,1.2192));
#13737=CARTESIAN_POINT('polyline point',(359.5158,198.51,1.2192));
#13738=CARTESIAN_POINT('polyline point',(373.4158,212.41,1.2192));
#13739=CARTESIAN_POINT('polyline point',(359.5158,212.41,1.2192));
#13740=CARTESIAN_POINT('polyline point',(362.9158,172.08,1.2192));
#13741=CARTESIAN_POINT('polyline point',(362.9158,177.08,1.2192));
#13742=CARTESIAN_POINT('polyline point',(357.9158,172.08,1.2192));
#13743=CARTESIAN_POINT('polyline point',(362.9158,172.08,1.2192));
#13744=CARTESIAN_POINT('polyline point',(357.9158,177.08,1.2192));
#13745=CARTESIAN_POINT('polyline point',(357.9158,172.08,1.2192));
#13746=CARTESIAN_POINT('polyline point',(362.9158,177.08,1.2192));
#13747=CARTESIAN_POINT('polyline point',(357.9158,177.08,1.2192));
#13748=CARTESIAN_POINT('polyline point',(374.3158,172.08,1.2192));
#13749=CARTESIAN_POINT('polyline point',(374.3158,174.88,1.2192));
#13750=CARTESIAN_POINT('polyline point',(371.5158,172.08,1.2192));
#13751=CARTESIAN_POINT('polyline point',(374.3158,172.08,1.2192));
#13752=CARTESIAN_POINT('polyline point',(371.5158,174.88,1.2192));
#13753=CARTESIAN_POINT('polyline point',(371.5158,172.08,1.2192));
#13754=CARTESIAN_POINT('polyline point',(374.3158,174.88,1.2192));
#13755=CARTESIAN_POINT('polyline point',(371.5158,174.88,1.2192));
#13756=CARTESIAN_POINT('polyline point',(380.094100352913,161.529692613333,
1.2192));
#13757=CARTESIAN_POINT('polyline point',(380.094100352913,165.029692613333,
1.2192));
#13758=CARTESIAN_POINT('polyline point',(374.094100352913,161.529692613333,
1.2192));
#13759=CARTESIAN_POINT('polyline point',(380.094100352913,161.529692613333,
1.2192));
#13760=CARTESIAN_POINT('polyline point',(374.094100352913,165.029692613333,
1.2192));
#13761=CARTESIAN_POINT('polyline point',(374.094100352913,161.529692613333,
1.2192));
#13762=CARTESIAN_POINT('polyline point',(380.094100352913,165.029692613333,
1.2192));
#13763=CARTESIAN_POINT('polyline point',(374.094100352913,165.029692613333,
1.2192));
#13764=CARTESIAN_POINT('polyline point',(349.0658,157.38,1.2192));
#13765=CARTESIAN_POINT('polyline point',(349.0658,163.88,1.2192));
#13766=CARTESIAN_POINT('polyline point',(342.5658,157.38,1.2192));
#13767=CARTESIAN_POINT('polyline point',(349.0658,157.38,1.2192));
#13768=CARTESIAN_POINT('polyline point',(342.5658,163.88,1.2192));
#13769=CARTESIAN_POINT('polyline point',(342.5658,157.38,1.2192));
#13770=CARTESIAN_POINT('polyline point',(349.0658,163.88,1.2192));
#13771=CARTESIAN_POINT('polyline point',(342.5658,163.88,1.2192));
#13772=CARTESIAN_POINT('polyline point',(370.6358,217.41,1.2192));
#13773=CARTESIAN_POINT('polyline point',(370.6358,222.49,1.2192));
#13774=CARTESIAN_POINT('polyline point',(363.0158,217.41,1.2192));
#13775=CARTESIAN_POINT('polyline point',(370.6358,217.41,1.2192));
#13776=CARTESIAN_POINT('polyline point',(363.0158,222.49,1.2192));
#13777=CARTESIAN_POINT('polyline point',(363.0158,217.41,1.2192));
#13778=CARTESIAN_POINT('polyline point',(370.6358,222.49,1.2192));
#13779=CARTESIAN_POINT('polyline point',(363.0158,222.49,1.2192));
#13780=CARTESIAN_POINT('polyline point',(351.8858,169.01,1.2192));
#13781=CARTESIAN_POINT('polyline point',(351.8858,176.63,1.2192));
#13782=CARTESIAN_POINT('polyline point',(346.8058,169.01,1.2192));
#13783=CARTESIAN_POINT('polyline point',(351.8858,169.01,1.2192));
#13784=CARTESIAN_POINT('polyline point',(346.8058,176.63,1.2192));
#13785=CARTESIAN_POINT('polyline point',(346.8058,169.01,1.2192));
#13786=CARTESIAN_POINT('polyline point',(351.8858,176.63,1.2192));
#13787=CARTESIAN_POINT('polyline point',(346.8058,176.63,1.2192));
#13788=CARTESIAN_POINT('Origin',(392.3258,251.35,1.2192));
#13789=CARTESIAN_POINT('Origin',(359.3358,220.9,1.2192));
#13790=CARTESIAN_POINT('Origin',(387.2458,220.9,1.2192));
#13791=CARTESIAN_POINT('Origin',(392.3258,168.88,1.2192));
#13792=CARTESIAN_POINT('Origin',(344.1058,170.11,1.2192));
#13793=CARTESIAN_POINT('Origin',(344.1058,244.99,1.2192));
#13794=CARTESIAN_POINT('polyline point',(393.5158,181.86,1.2192));
#13795=CARTESIAN_POINT('polyline point',(393.5158,247.9,1.2192));
#13796=CARTESIAN_POINT('polyline point',(390.9758,181.86,1.2192));
#13797=CARTESIAN_POINT('polyline point',(393.5158,181.86,1.2192));
#13798=CARTESIAN_POINT('polyline point',(390.9758,247.9,1.2192));
#13799=CARTESIAN_POINT('polyline point',(390.9758,181.86,1.2192));
#13800=CARTESIAN_POINT('polyline point',(393.5158,247.9,1.2192));
#13801=CARTESIAN_POINT('polyline point',(390.9758,247.9,1.2192));
#13802=CARTESIAN_POINT('polyline point',(388.6358,247.43,1.2192));
#13803=CARTESIAN_POINT('polyline point',(388.6358,252.51,1.2192));
#13804=CARTESIAN_POINT('polyline point',(342.9158,247.43,1.2192));
#13805=CARTESIAN_POINT('polyline point',(388.6358,247.43,1.2192));
#13806=CARTESIAN_POINT('polyline point',(342.9158,252.51,1.2192));
#13807=CARTESIAN_POINT('polyline point',(342.9158,247.43,1.2192));
#13808=CARTESIAN_POINT('polyline point',(388.6358,252.51,1.2192));
#13809=CARTESIAN_POINT('polyline point',(342.9158,252.51,1.2192));
#13810=CARTESIAN_POINT('polyline point',(342.9158,242.43,1.2192));
#13811=CARTESIAN_POINT('polyline point',(342.9158,172.33,1.2192));
#13812=CARTESIAN_POINT('polyline point',(345.4558,242.43,1.2192));
#13813=CARTESIAN_POINT('polyline point',(342.9158,242.43,1.2192));
#13814=CARTESIAN_POINT('polyline point',(345.4558,172.33,1.2192));
#13815=CARTESIAN_POINT('polyline point',(345.4558,242.43,1.2192));
#13816=CARTESIAN_POINT('polyline point',(342.9158,172.33,1.2192));
#13817=CARTESIAN_POINT('polyline point',(345.4558,172.33,1.2192));
#13818=CARTESIAN_POINT('polyline point',(391.4658,155.88,1.2192));
#13819=CARTESIAN_POINT('polyline point',(391.4658,166.88,1.2192));
#13820=CARTESIAN_POINT('polyline point',(382.4658,166.88,1.2192));
#13821=CARTESIAN_POINT('polyline point',(391.4658,166.88,1.2192));
#13822=CARTESIAN_POINT('polyline point',(382.4658,166.88,1.2192));
#13823=CARTESIAN_POINT('polyline point',(382.4658,155.88,1.2192));
#13824=CARTESIAN_POINT('polyline point',(382.4658,155.88,1.2192));
#13825=CARTESIAN_POINT('polyline point',(391.4658,155.88,1.2192));
#13826=CARTESIAN_POINT('polyline point',(382.4658,155.88,1.2192));
#13827=CARTESIAN_POINT('polyline point',(382.4658,152.88,1.2192));
#13828=CARTESIAN_POINT('polyline point',(391.4658,152.88,1.2192));
#13829=CARTESIAN_POINT('polyline point',(382.4658,152.88,1.2192));
#13830=CARTESIAN_POINT('polyline point',(391.4658,155.88,1.2192));
#13831=CARTESIAN_POINT('polyline point',(391.4658,152.88,1.2192));
#13832=CARTESIAN_POINT('polyline point',(391.4658,155.88,1.2192));
#13833=CARTESIAN_POINT('polyline point',(382.4658,155.88,1.2192));
#13834=CARTESIAN_POINT('polyline point',(68.1242,226.4,1.2192));
#13835=CARTESIAN_POINT('polyline point',(68.1242,236.4,1.2192));
#13836=CARTESIAN_POINT('polyline point',(68.1242,236.4,1.2192));
#13837=CARTESIAN_POINT('polyline point',(58.1242,236.4,1.2192));
#13838=CARTESIAN_POINT('polyline point',(58.1242,236.4,1.2192));
#13839=CARTESIAN_POINT('polyline point',(58.1242,192.4,1.2192));
#13840=CARTESIAN_POINT('polyline point',(58.1242,192.4,1.2192));
#13841=CARTESIAN_POINT('polyline point',(61.6242,192.4,1.2192));
#13842=CARTESIAN_POINT('polyline point',(61.6242,192.4,1.2192));
#13843=CARTESIAN_POINT('polyline point',(61.6242,206.4,1.2192));
#13844=CARTESIAN_POINT('polyline point',(61.6242,206.4,1.2192));
#13845=CARTESIAN_POINT('polyline point',(86.6242,206.4,1.2192));
#13846=CARTESIAN_POINT('polyline point',(86.6242,206.4,1.2192));
#13847=CARTESIAN_POINT('polyline point',(86.6242,192.4,1.2192));
#13848=CARTESIAN_POINT('polyline point',(86.6242,192.4,1.2192));
#13849=CARTESIAN_POINT('polyline point',(90.1242,192.4,1.2192));
#13850=CARTESIAN_POINT('polyline point',(90.1242,192.4,1.2192));
#13851=CARTESIAN_POINT('polyline point',(90.1242,236.4,1.2192));
#13852=CARTESIAN_POINT('polyline point',(90.1242,236.4,1.2192));
#13853=CARTESIAN_POINT('polyline point',(80.1242,236.4,1.2192));
#13854=CARTESIAN_POINT('polyline point',(80.1242,236.4,1.2192));
#13855=CARTESIAN_POINT('polyline point',(80.1242,226.4,1.2192));
#13856=CARTESIAN_POINT('polyline point',(80.1242,226.4,1.2192));
#13857=CARTESIAN_POINT('polyline point',(68.1242,226.4,1.2192));
#13858=CARTESIAN_POINT('Origin',(86.6242,212.9,1.2192));
#13859=CARTESIAN_POINT('Origin',(86.6242,232.9,1.2192));
#13860=CARTESIAN_POINT('Origin',(61.6242,232.9,1.2192));
#13861=CARTESIAN_POINT('Origin',(61.6242,212.9,1.2192));
#13862=CARTESIAN_POINT('polyline point',(80.1242,226.4,1.2192));
#13863=CARTESIAN_POINT('polyline point',(80.1242,237.4,1.2192));
#13864=CARTESIAN_POINT('polyline point',(80.1242,237.4,1.2192));
#13865=CARTESIAN_POINT('polyline point',(68.1242,237.4,1.2192));
#13866=CARTESIAN_POINT('polyline point',(68.1242,237.4,1.2192));
#13867=CARTESIAN_POINT('polyline point',(68.1242,226.4,1.2192));
#13868=CARTESIAN_POINT('polyline point',(68.1242,226.4,1.2192));
#13869=CARTESIAN_POINT('polyline point',(80.1242,226.4,1.2192));
#13870=CARTESIAN_POINT('polyline point',(61.6242,206.4,1.2192));
#13871=CARTESIAN_POINT('polyline point',(61.6242,192.4,1.2192));
#13872=CARTESIAN_POINT('polyline point',(61.6242,192.4,1.2192));
#13873=CARTESIAN_POINT('polyline point',(86.6242,192.4,1.2192));
#13874=CARTESIAN_POINT('polyline point',(86.6242,192.4,1.2192));
#13875=CARTESIAN_POINT('polyline point',(86.6242,206.4,1.2192));
#13876=CARTESIAN_POINT('polyline point',(86.6242,206.4,1.2192));
#13877=CARTESIAN_POINT('polyline point',(61.6242,206.4,1.2192));
#13878=CARTESIAN_POINT('polyline point',(108.1242,226.4,1.2192));
#13879=CARTESIAN_POINT('polyline point',(108.1242,236.4,1.2192));
#13880=CARTESIAN_POINT('polyline point',(108.1242,236.4,1.2192));
#13881=CARTESIAN_POINT('polyline point',(98.1242,236.4,1.2192));
#13882=CARTESIAN_POINT('polyline point',(98.1242,236.4,1.2192));
#13883=CARTESIAN_POINT('polyline point',(98.1242,192.4,1.2192));
#13884=CARTESIAN_POINT('polyline point',(98.1242,192.4,1.2192));
#13885=CARTESIAN_POINT('polyline point',(101.6242,192.4,1.2192));
#13886=CARTESIAN_POINT('polyline point',(101.6242,192.4,1.2192));
#13887=CARTESIAN_POINT('polyline point',(101.6242,206.4,1.2192));
#13888=CARTESIAN_POINT('polyline point',(101.6242,206.4,1.2192));
#13889=CARTESIAN_POINT('polyline point',(126.6242,206.4,1.2192));
#13890=CARTESIAN_POINT('polyline point',(126.6242,206.4,1.2192));
#13891=CARTESIAN_POINT('polyline point',(126.6242,192.4,1.2192));
#13892=CARTESIAN_POINT('polyline point',(126.6242,192.4,1.2192));
#13893=CARTESIAN_POINT('polyline point',(130.1242,192.4,1.2192));
#13894=CARTESIAN_POINT('polyline point',(130.1242,192.4,1.2192));
#13895=CARTESIAN_POINT('polyline point',(130.1242,236.4,1.2192));
#13896=CARTESIAN_POINT('polyline point',(130.1242,236.4,1.2192));
#13897=CARTESIAN_POINT('polyline point',(120.1242,236.4,1.2192));
#13898=CARTESIAN_POINT('polyline point',(120.1242,236.4,1.2192));
#13899=CARTESIAN_POINT('polyline point',(120.1242,226.4,1.2192));
#13900=CARTESIAN_POINT('polyline point',(120.1242,226.4,1.2192));
#13901=CARTESIAN_POINT('polyline point',(108.1242,226.4,1.2192));
#13902=CARTESIAN_POINT('Origin',(126.6242,212.9,1.2192));
#13903=CARTESIAN_POINT('Origin',(126.6242,232.9,1.2192));
#13904=CARTESIAN_POINT('Origin',(101.6242,232.9,1.2192));
#13905=CARTESIAN_POINT('Origin',(101.6242,212.9,1.2192));
#13906=CARTESIAN_POINT('polyline point',(120.1242,226.4,1.2192));
#13907=CARTESIAN_POINT('polyline point',(120.1242,237.4,1.2192));
#13908=CARTESIAN_POINT('polyline point',(120.1242,237.4,1.2192));
#13909=CARTESIAN_POINT('polyline point',(108.1242,237.4,1.2192));
#13910=CARTESIAN_POINT('polyline point',(108.1242,237.4,1.2192));
#13911=CARTESIAN_POINT('polyline point',(108.1242,226.4,1.2192));
#13912=CARTESIAN_POINT('polyline point',(108.1242,226.4,1.2192));
#13913=CARTESIAN_POINT('polyline point',(120.1242,226.4,1.2192));
#13914=CARTESIAN_POINT('polyline point',(101.6242,206.4,1.2192));
#13915=CARTESIAN_POINT('polyline point',(101.6242,192.4,1.2192));
#13916=CARTESIAN_POINT('polyline point',(101.6242,192.4,1.2192));
#13917=CARTESIAN_POINT('polyline point',(126.6242,192.4,1.2192));
#13918=CARTESIAN_POINT('polyline point',(126.6242,192.4,1.2192));
#13919=CARTESIAN_POINT('polyline point',(126.6242,206.4,1.2192));
#13920=CARTESIAN_POINT('polyline point',(126.6242,206.4,1.2192));
#13921=CARTESIAN_POINT('polyline point',(101.6242,206.4,1.2192));
#13922=CARTESIAN_POINT('polyline point',(148.1242,226.4,1.2192));
#13923=CARTESIAN_POINT('polyline point',(148.1242,236.4,1.2192));
#13924=CARTESIAN_POINT('polyline point',(148.1242,236.4,1.2192));
#13925=CARTESIAN_POINT('polyline point',(138.1242,236.4,1.2192));
#13926=CARTESIAN_POINT('polyline point',(138.1242,236.4,1.2192));
#13927=CARTESIAN_POINT('polyline point',(138.1242,192.4,1.2192));
#13928=CARTESIAN_POINT('polyline point',(138.1242,192.4,1.2192));
#13929=CARTESIAN_POINT('polyline point',(141.6242,192.4,1.2192));
#13930=CARTESIAN_POINT('polyline point',(141.6242,192.4,1.2192));
#13931=CARTESIAN_POINT('polyline point',(141.6242,206.4,1.2192));
#13932=CARTESIAN_POINT('polyline point',(141.6242,206.4,1.2192));
#13933=CARTESIAN_POINT('polyline point',(166.6242,206.4,1.2192));
#13934=CARTESIAN_POINT('polyline point',(166.6242,206.4,1.2192));
#13935=CARTESIAN_POINT('polyline point',(166.6242,192.4,1.2192));
#13936=CARTESIAN_POINT('polyline point',(166.6242,192.4,1.2192));
#13937=CARTESIAN_POINT('polyline point',(170.1242,192.4,1.2192));
#13938=CARTESIAN_POINT('polyline point',(170.1242,192.4,1.2192));
#13939=CARTESIAN_POINT('polyline point',(170.1242,236.4,1.2192));
#13940=CARTESIAN_POINT('polyline point',(170.1242,236.4,1.2192));
#13941=CARTESIAN_POINT('polyline point',(160.1242,236.4,1.2192));
#13942=CARTESIAN_POINT('polyline point',(160.1242,236.4,1.2192));
#13943=CARTESIAN_POINT('polyline point',(160.1242,226.4,1.2192));
#13944=CARTESIAN_POINT('polyline point',(160.1242,226.4,1.2192));
#13945=CARTESIAN_POINT('polyline point',(148.1242,226.4,1.2192));
#13946=CARTESIAN_POINT('Origin',(166.6242,212.9,1.2192));
#13947=CARTESIAN_POINT('Origin',(166.6242,232.9,1.2192));
#13948=CARTESIAN_POINT('Origin',(141.6242,232.9,1.2192));
#13949=CARTESIAN_POINT('Origin',(141.6242,212.9,1.2192));
#13950=CARTESIAN_POINT('polyline point',(160.1242,226.4,1.2192));
#13951=CARTESIAN_POINT('polyline point',(160.1242,237.4,1.2192));
#13952=CARTESIAN_POINT('polyline point',(160.1242,237.4,1.2192));
#13953=CARTESIAN_POINT('polyline point',(148.1242,237.4,1.2192));
#13954=CARTESIAN_POINT('polyline point',(148.1242,237.4,1.2192));
#13955=CARTESIAN_POINT('polyline point',(148.1242,226.4,1.2192));
#13956=CARTESIAN_POINT('polyline point',(148.1242,226.4,1.2192));
#13957=CARTESIAN_POINT('polyline point',(160.1242,226.4,1.2192));
#13958=CARTESIAN_POINT('polyline point',(141.6242,206.4,1.2192));
#13959=CARTESIAN_POINT('polyline point',(141.6242,192.4,1.2192));
#13960=CARTESIAN_POINT('polyline point',(141.6242,192.4,1.2192));
#13961=CARTESIAN_POINT('polyline point',(166.6242,192.4,1.2192));
#13962=CARTESIAN_POINT('polyline point',(166.6242,192.4,1.2192));
#13963=CARTESIAN_POINT('polyline point',(166.6242,206.4,1.2192));
#13964=CARTESIAN_POINT('polyline point',(166.6242,206.4,1.2192));
#13965=CARTESIAN_POINT('polyline point',(141.6242,206.4,1.2192));
#13966=CARTESIAN_POINT('polyline point',(188.1242,226.4,1.2192));
#13967=CARTESIAN_POINT('polyline point',(188.1242,236.4,1.2192));
#13968=CARTESIAN_POINT('polyline point',(188.1242,236.4,1.2192));
#13969=CARTESIAN_POINT('polyline point',(178.1242,236.4,1.2192));
#13970=CARTESIAN_POINT('polyline point',(178.1242,236.4,1.2192));
#13971=CARTESIAN_POINT('polyline point',(178.1242,192.4,1.2192));
#13972=CARTESIAN_POINT('polyline point',(178.1242,192.4,1.2192));
#13973=CARTESIAN_POINT('polyline point',(181.6242,192.4,1.2192));
#13974=CARTESIAN_POINT('polyline point',(181.6242,192.4,1.2192));
#13975=CARTESIAN_POINT('polyline point',(181.6242,206.4,1.2192));
#13976=CARTESIAN_POINT('polyline point',(181.6242,206.4,1.2192));
#13977=CARTESIAN_POINT('polyline point',(206.6242,206.4,1.2192));
#13978=CARTESIAN_POINT('polyline point',(206.6242,206.4,1.2192));
#13979=CARTESIAN_POINT('polyline point',(206.6242,192.4,1.2192));
#13980=CARTESIAN_POINT('polyline point',(206.6242,192.4,1.2192));
#13981=CARTESIAN_POINT('polyline point',(210.1242,192.4,1.2192));
#13982=CARTESIAN_POINT('polyline point',(210.1242,192.4,1.2192));
#13983=CARTESIAN_POINT('polyline point',(210.1242,236.4,1.2192));
#13984=CARTESIAN_POINT('polyline point',(210.1242,236.4,1.2192));
#13985=CARTESIAN_POINT('polyline point',(200.1242,236.4,1.2192));
#13986=CARTESIAN_POINT('polyline point',(200.1242,236.4,1.2192));
#13987=CARTESIAN_POINT('polyline point',(200.1242,226.4,1.2192));
#13988=CARTESIAN_POINT('polyline point',(200.1242,226.4,1.2192));
#13989=CARTESIAN_POINT('polyline point',(188.1242,226.4,1.2192));
#13990=CARTESIAN_POINT('Origin',(206.6242,212.9,1.2192));
#13991=CARTESIAN_POINT('Origin',(206.6242,232.9,1.2192));
#13992=CARTESIAN_POINT('Origin',(181.6242,232.9,1.2192));
#13993=CARTESIAN_POINT('Origin',(181.6242,212.9,1.2192));
#13994=CARTESIAN_POINT('polyline point',(200.1242,226.4,1.2192));
#13995=CARTESIAN_POINT('polyline point',(200.1242,237.4,1.2192));
#13996=CARTESIAN_POINT('polyline point',(200.1242,237.4,1.2192));
#13997=CARTESIAN_POINT('polyline point',(188.1242,237.4,1.2192));
#13998=CARTESIAN_POINT('polyline point',(188.1242,237.4,1.2192));
#13999=CARTESIAN_POINT('polyline point',(188.1242,226.4,1.2192));
#14000=CARTESIAN_POINT('polyline point',(188.1242,226.4,1.2192));
#14001=CARTESIAN_POINT('polyline point',(200.1242,226.4,1.2192));
#14002=CARTESIAN_POINT('polyline point',(181.6242,206.4,1.2192));
#14003=CARTESIAN_POINT('polyline point',(181.6242,192.4,1.2192));
#14004=CARTESIAN_POINT('polyline point',(181.6242,192.4,1.2192));
#14005=CARTESIAN_POINT('polyline point',(206.6242,192.4,1.2192));
#14006=CARTESIAN_POINT('polyline point',(206.6242,192.4,1.2192));
#14007=CARTESIAN_POINT('polyline point',(206.6242,206.4,1.2192));
#14008=CARTESIAN_POINT('polyline point',(206.6242,206.4,1.2192));
#14009=CARTESIAN_POINT('polyline point',(181.6242,206.4,1.2192));
#14010=CARTESIAN_POINT('polyline point',(28.1242,136.4,1.2192));
#14011=CARTESIAN_POINT('polyline point',(28.1242,146.4,1.2192));
#14012=CARTESIAN_POINT('polyline point',(28.1242,146.4,1.2192));
#14013=CARTESIAN_POINT('polyline point',(18.1242,146.4,1.2192));
#14014=CARTESIAN_POINT('polyline point',(18.1242,146.4,1.2192));
#14015=CARTESIAN_POINT('polyline point',(18.1242,102.4,1.2192));
#14016=CARTESIAN_POINT('polyline point',(18.1242,102.4,1.2192));
#14017=CARTESIAN_POINT('polyline point',(21.6242,102.4,1.2192));
#14018=CARTESIAN_POINT('polyline point',(21.6242,102.4,1.2192));
#14019=CARTESIAN_POINT('polyline point',(21.6242,116.4,1.2192));
#14020=CARTESIAN_POINT('polyline point',(21.6242,116.4,1.2192));
#14021=CARTESIAN_POINT('polyline point',(46.6242,116.4,1.2192));
#14022=CARTESIAN_POINT('polyline point',(46.6242,116.4,1.2192));
#14023=CARTESIAN_POINT('polyline point',(46.6242,102.4,1.2192));
#14024=CARTESIAN_POINT('polyline point',(46.6242,102.4,1.2192));
#14025=CARTESIAN_POINT('polyline point',(50.1242,102.4,1.2192));
#14026=CARTESIAN_POINT('polyline point',(50.1242,102.4,1.2192));
#14027=CARTESIAN_POINT('polyline point',(50.1242,146.4,1.2192));
#14028=CARTESIAN_POINT('polyline point',(50.1242,146.4,1.2192));
#14029=CARTESIAN_POINT('polyline point',(40.1242,146.4,1.2192));
#14030=CARTESIAN_POINT('polyline point',(40.1242,146.4,1.2192));
#14031=CARTESIAN_POINT('polyline point',(40.1242,136.4,1.2192));
#14032=CARTESIAN_POINT('polyline point',(40.1242,136.4,1.2192));
#14033=CARTESIAN_POINT('polyline point',(28.1242,136.4,1.2192));
#14034=CARTESIAN_POINT('Origin',(46.6242,122.9,1.2192));
#14035=CARTESIAN_POINT('Origin',(46.6242,142.9,1.2192));
#14036=CARTESIAN_POINT('Origin',(21.6242,142.9,1.2192));
#14037=CARTESIAN_POINT('Origin',(21.6242,122.9,1.2192));
#14038=CARTESIAN_POINT('polyline point',(40.1242,136.4,1.2192));
#14039=CARTESIAN_POINT('polyline point',(40.1242,147.4,1.2192));
#14040=CARTESIAN_POINT('polyline point',(40.1242,147.4,1.2192));
#14041=CARTESIAN_POINT('polyline point',(28.1242,147.4,1.2192));
#14042=CARTESIAN_POINT('polyline point',(28.1242,147.4,1.2192));
#14043=CARTESIAN_POINT('polyline point',(28.1242,136.4,1.2192));
#14044=CARTESIAN_POINT('polyline point',(28.1242,136.4,1.2192));
#14045=CARTESIAN_POINT('polyline point',(40.1242,136.4,1.2192));
#14046=CARTESIAN_POINT('polyline point',(21.6242,116.4,1.2192));
#14047=CARTESIAN_POINT('polyline point',(21.6242,102.4,1.2192));
#14048=CARTESIAN_POINT('polyline point',(21.6242,102.4,1.2192));
#14049=CARTESIAN_POINT('polyline point',(46.6242,102.4,1.2192));
#14050=CARTESIAN_POINT('polyline point',(46.6242,102.4,1.2192));
#14051=CARTESIAN_POINT('polyline point',(46.6242,116.4,1.2192));
#14052=CARTESIAN_POINT('polyline point',(46.6242,116.4,1.2192));
#14053=CARTESIAN_POINT('polyline point',(21.6242,116.4,1.2192));
#14054=CARTESIAN_POINT('polyline point',(68.1242,136.4,1.2192));
#14055=CARTESIAN_POINT('polyline point',(68.1242,146.4,1.2192));
#14056=CARTESIAN_POINT('polyline point',(68.1242,146.4,1.2192));
#14057=CARTESIAN_POINT('polyline point',(58.1242,146.4,1.2192));
#14058=CARTESIAN_POINT('polyline point',(58.1242,146.4,1.2192));
#14059=CARTESIAN_POINT('polyline point',(58.1242,102.4,1.2192));
#14060=CARTESIAN_POINT('polyline point',(58.1242,102.4,1.2192));
#14061=CARTESIAN_POINT('polyline point',(61.6242,102.4,1.2192));
#14062=CARTESIAN_POINT('polyline point',(61.6242,102.4,1.2192));
#14063=CARTESIAN_POINT('polyline point',(61.6242,116.4,1.2192));
#14064=CARTESIAN_POINT('polyline point',(61.6242,116.4,1.2192));
#14065=CARTESIAN_POINT('polyline point',(86.6242,116.4,1.2192));
#14066=CARTESIAN_POINT('polyline point',(86.6242,116.4,1.2192));
#14067=CARTESIAN_POINT('polyline point',(86.6242,102.4,1.2192));
#14068=CARTESIAN_POINT('polyline point',(86.6242,102.4,1.2192));
#14069=CARTESIAN_POINT('polyline point',(90.1242,102.4,1.2192));
#14070=CARTESIAN_POINT('polyline point',(90.1242,102.4,1.2192));
#14071=CARTESIAN_POINT('polyline point',(90.1242,146.4,1.2192));
#14072=CARTESIAN_POINT('polyline point',(90.1242,146.4,1.2192));
#14073=CARTESIAN_POINT('polyline point',(80.1242,146.4,1.2192));
#14074=CARTESIAN_POINT('polyline point',(80.1242,146.4,1.2192));
#14075=CARTESIAN_POINT('polyline point',(80.1242,136.4,1.2192));
#14076=CARTESIAN_POINT('polyline point',(80.1242,136.4,1.2192));
#14077=CARTESIAN_POINT('polyline point',(68.1242,136.4,1.2192));
#14078=CARTESIAN_POINT('Origin',(86.6242,122.9,1.2192));
#14079=CARTESIAN_POINT('Origin',(86.6242,142.9,1.2192));
#14080=CARTESIAN_POINT('Origin',(61.6242,142.9,1.2192));
#14081=CARTESIAN_POINT('Origin',(61.6242,122.9,1.2192));
#14082=CARTESIAN_POINT('polyline point',(80.1242,136.4,1.2192));
#14083=CARTESIAN_POINT('polyline point',(80.1242,147.4,1.2192));
#14084=CARTESIAN_POINT('polyline point',(80.1242,147.4,1.2192));
#14085=CARTESIAN_POINT('polyline point',(68.1242,147.4,1.2192));
#14086=CARTESIAN_POINT('polyline point',(68.1242,147.4,1.2192));
#14087=CARTESIAN_POINT('polyline point',(68.1242,136.4,1.2192));
#14088=CARTESIAN_POINT('polyline point',(68.1242,136.4,1.2192));
#14089=CARTESIAN_POINT('polyline point',(80.1242,136.4,1.2192));
#14090=CARTESIAN_POINT('polyline point',(61.6242,116.4,1.2192));
#14091=CARTESIAN_POINT('polyline point',(61.6242,102.4,1.2192));
#14092=CARTESIAN_POINT('polyline point',(61.6242,102.4,1.2192));
#14093=CARTESIAN_POINT('polyline point',(86.6242,102.4,1.2192));
#14094=CARTESIAN_POINT('polyline point',(86.6242,102.4,1.2192));
#14095=CARTESIAN_POINT('polyline point',(86.6242,116.4,1.2192));
#14096=CARTESIAN_POINT('polyline point',(86.6242,116.4,1.2192));
#14097=CARTESIAN_POINT('polyline point',(61.6242,116.4,1.2192));
#14098=CARTESIAN_POINT('polyline point',(108.1242,136.4,1.2192));
#14099=CARTESIAN_POINT('polyline point',(108.1242,146.4,1.2192));
#14100=CARTESIAN_POINT('polyline point',(108.1242,146.4,1.2192));
#14101=CARTESIAN_POINT('polyline point',(98.1242,146.4,1.2192));
#14102=CARTESIAN_POINT('polyline point',(98.1242,146.4,1.2192));
#14103=CARTESIAN_POINT('polyline point',(98.1242,102.4,1.2192));
#14104=CARTESIAN_POINT('polyline point',(98.1242,102.4,1.2192));
#14105=CARTESIAN_POINT('polyline point',(101.6242,102.4,1.2192));
#14106=CARTESIAN_POINT('polyline point',(101.6242,102.4,1.2192));
#14107=CARTESIAN_POINT('polyline point',(101.6242,116.4,1.2192));
#14108=CARTESIAN_POINT('polyline point',(101.6242,116.4,1.2192));
#14109=CARTESIAN_POINT('polyline point',(126.6242,116.4,1.2192));
#14110=CARTESIAN_POINT('polyline point',(126.6242,116.4,1.2192));
#14111=CARTESIAN_POINT('polyline point',(126.6242,102.4,1.2192));
#14112=CARTESIAN_POINT('polyline point',(126.6242,102.4,1.2192));
#14113=CARTESIAN_POINT('polyline point',(130.1242,102.4,1.2192));
#14114=CARTESIAN_POINT('polyline point',(130.1242,102.4,1.2192));
#14115=CARTESIAN_POINT('polyline point',(130.1242,146.4,1.2192));
#14116=CARTESIAN_POINT('polyline point',(130.1242,146.4,1.2192));
#14117=CARTESIAN_POINT('polyline point',(120.1242,146.4,1.2192));
#14118=CARTESIAN_POINT('polyline point',(120.1242,146.4,1.2192));
#14119=CARTESIAN_POINT('polyline point',(120.1242,136.4,1.2192));
#14120=CARTESIAN_POINT('polyline point',(120.1242,136.4,1.2192));
#14121=CARTESIAN_POINT('polyline point',(108.1242,136.4,1.2192));
#14122=CARTESIAN_POINT('Origin',(126.6242,122.9,1.2192));
#14123=CARTESIAN_POINT('Origin',(126.6242,142.9,1.2192));
#14124=CARTESIAN_POINT('Origin',(101.6242,142.9,1.2192));
#14125=CARTESIAN_POINT('Origin',(101.6242,122.9,1.2192));
#14126=CARTESIAN_POINT('polyline point',(120.1242,136.4,1.2192));
#14127=CARTESIAN_POINT('polyline point',(120.1242,147.4,1.2192));
#14128=CARTESIAN_POINT('polyline point',(120.1242,147.4,1.2192));
#14129=CARTESIAN_POINT('polyline point',(108.1242,147.4,1.2192));
#14130=CARTESIAN_POINT('polyline point',(108.1242,147.4,1.2192));
#14131=CARTESIAN_POINT('polyline point',(108.1242,136.4,1.2192));
#14132=CARTESIAN_POINT('polyline point',(108.1242,136.4,1.2192));
#14133=CARTESIAN_POINT('polyline point',(120.1242,136.4,1.2192));
#14134=CARTESIAN_POINT('polyline point',(101.6242,116.4,1.2192));
#14135=CARTESIAN_POINT('polyline point',(101.6242,102.4,1.2192));
#14136=CARTESIAN_POINT('polyline point',(101.6242,102.4,1.2192));
#14137=CARTESIAN_POINT('polyline point',(126.6242,102.4,1.2192));
#14138=CARTESIAN_POINT('polyline point',(126.6242,102.4,1.2192));
#14139=CARTESIAN_POINT('polyline point',(126.6242,116.4,1.2192));
#14140=CARTESIAN_POINT('polyline point',(126.6242,116.4,1.2192));
#14141=CARTESIAN_POINT('polyline point',(101.6242,116.4,1.2192));
#14142=CARTESIAN_POINT('polyline point',(148.1242,136.4,1.2192));
#14143=CARTESIAN_POINT('polyline point',(148.1242,146.4,1.2192));
#14144=CARTESIAN_POINT('polyline point',(148.1242,146.4,1.2192));
#14145=CARTESIAN_POINT('polyline point',(138.1242,146.4,1.2192));
#14146=CARTESIAN_POINT('polyline point',(138.1242,146.4,1.2192));
#14147=CARTESIAN_POINT('polyline point',(138.1242,102.4,1.2192));
#14148=CARTESIAN_POINT('polyline point',(138.1242,102.4,1.2192));
#14149=CARTESIAN_POINT('polyline point',(141.6242,102.4,1.2192));
#14150=CARTESIAN_POINT('polyline point',(141.6242,102.4,1.2192));
#14151=CARTESIAN_POINT('polyline point',(141.6242,116.4,1.2192));
#14152=CARTESIAN_POINT('polyline point',(141.6242,116.4,1.2192));
#14153=CARTESIAN_POINT('polyline point',(166.6242,116.4,1.2192));
#14154=CARTESIAN_POINT('polyline point',(166.6242,116.4,1.2192));
#14155=CARTESIAN_POINT('polyline point',(166.6242,102.4,1.2192));
#14156=CARTESIAN_POINT('polyline point',(166.6242,102.4,1.2192));
#14157=CARTESIAN_POINT('polyline point',(170.1242,102.4,1.2192));
#14158=CARTESIAN_POINT('polyline point',(170.1242,102.4,1.2192));
#14159=CARTESIAN_POINT('polyline point',(170.1242,146.4,1.2192));
#14160=CARTESIAN_POINT('polyline point',(170.1242,146.4,1.2192));
#14161=CARTESIAN_POINT('polyline point',(160.1242,146.4,1.2192));
#14162=CARTESIAN_POINT('polyline point',(160.1242,146.4,1.2192));
#14163=CARTESIAN_POINT('polyline point',(160.1242,136.4,1.2192));
#14164=CARTESIAN_POINT('polyline point',(160.1242,136.4,1.2192));
#14165=CARTESIAN_POINT('polyline point',(148.1242,136.4,1.2192));
#14166=CARTESIAN_POINT('Origin',(166.6242,122.9,1.2192));
#14167=CARTESIAN_POINT('Origin',(166.6242,142.9,1.2192));
#14168=CARTESIAN_POINT('Origin',(141.6242,142.9,1.2192));
#14169=CARTESIAN_POINT('Origin',(141.6242,122.9,1.2192));
#14170=CARTESIAN_POINT('polyline point',(160.1242,136.4,1.2192));
#14171=CARTESIAN_POINT('polyline point',(160.1242,147.4,1.2192));
#14172=CARTESIAN_POINT('polyline point',(160.1242,147.4,1.2192));
#14173=CARTESIAN_POINT('polyline point',(148.1242,147.4,1.2192));
#14174=CARTESIAN_POINT('polyline point',(148.1242,147.4,1.2192));
#14175=CARTESIAN_POINT('polyline point',(148.1242,136.4,1.2192));
#14176=CARTESIAN_POINT('polyline point',(148.1242,136.4,1.2192));
#14177=CARTESIAN_POINT('polyline point',(160.1242,136.4,1.2192));
#14178=CARTESIAN_POINT('polyline point',(141.6242,116.4,1.2192));
#14179=CARTESIAN_POINT('polyline point',(141.6242,102.4,1.2192));
#14180=CARTESIAN_POINT('polyline point',(141.6242,102.4,1.2192));
#14181=CARTESIAN_POINT('polyline point',(166.6242,102.4,1.2192));
#14182=CARTESIAN_POINT('polyline point',(166.6242,102.4,1.2192));
#14183=CARTESIAN_POINT('polyline point',(166.6242,116.4,1.2192));
#14184=CARTESIAN_POINT('polyline point',(166.6242,116.4,1.2192));
#14185=CARTESIAN_POINT('polyline point',(141.6242,116.4,1.2192));
#14186=CARTESIAN_POINT('polyline point',(188.1242,136.4,1.2192));
#14187=CARTESIAN_POINT('polyline point',(188.1242,146.4,1.2192));
#14188=CARTESIAN_POINT('polyline point',(188.1242,146.4,1.2192));
#14189=CARTESIAN_POINT('polyline point',(178.1242,146.4,1.2192));
#14190=CARTESIAN_POINT('polyline point',(178.1242,146.4,1.2192));
#14191=CARTESIAN_POINT('polyline point',(178.1242,102.4,1.2192));
#14192=CARTESIAN_POINT('polyline point',(178.1242,102.4,1.2192));
#14193=CARTESIAN_POINT('polyline point',(181.6242,102.4,1.2192));
#14194=CARTESIAN_POINT('polyline point',(181.6242,102.4,1.2192));
#14195=CARTESIAN_POINT('polyline point',(181.6242,116.4,1.2192));
#14196=CARTESIAN_POINT('polyline point',(181.6242,116.4,1.2192));
#14197=CARTESIAN_POINT('polyline point',(206.6242,116.4,1.2192));
#14198=CARTESIAN_POINT('polyline point',(206.6242,116.4,1.2192));
#14199=CARTESIAN_POINT('polyline point',(206.6242,102.4,1.2192));
#14200=CARTESIAN_POINT('polyline point',(206.6242,102.4,1.2192));
#14201=CARTESIAN_POINT('polyline point',(210.1242,102.4,1.2192));
#14202=CARTESIAN_POINT('polyline point',(210.1242,102.4,1.2192));
#14203=CARTESIAN_POINT('polyline point',(210.1242,146.4,1.2192));
#14204=CARTESIAN_POINT('polyline point',(210.1242,146.4,1.2192));
#14205=CARTESIAN_POINT('polyline point',(200.1242,146.4,1.2192));
#14206=CARTESIAN_POINT('polyline point',(200.1242,146.4,1.2192));
#14207=CARTESIAN_POINT('polyline point',(200.1242,136.4,1.2192));
#14208=CARTESIAN_POINT('polyline point',(200.1242,136.4,1.2192));
#14209=CARTESIAN_POINT('polyline point',(188.1242,136.4,1.2192));
#14210=CARTESIAN_POINT('Origin',(206.6242,122.9,1.2192));
#14211=CARTESIAN_POINT('Origin',(206.6242,142.9,1.2192));
#14212=CARTESIAN_POINT('Origin',(181.6242,142.9,1.2192));
#14213=CARTESIAN_POINT('Origin',(181.6242,122.9,1.2192));
#14214=CARTESIAN_POINT('polyline point',(200.1242,136.4,1.2192));
#14215=CARTESIAN_POINT('polyline point',(200.1242,147.4,1.2192));
#14216=CARTESIAN_POINT('polyline point',(200.1242,147.4,1.2192));
#14217=CARTESIAN_POINT('polyline point',(188.1242,147.4,1.2192));
#14218=CARTESIAN_POINT('polyline point',(188.1242,147.4,1.2192));
#14219=CARTESIAN_POINT('polyline point',(188.1242,136.4,1.2192));
#14220=CARTESIAN_POINT('polyline point',(188.1242,136.4,1.2192));
#14221=CARTESIAN_POINT('polyline point',(200.1242,136.4,1.2192));
#14222=CARTESIAN_POINT('polyline point',(181.6242,116.4,1.2192));
#14223=CARTESIAN_POINT('polyline point',(181.6242,102.4,1.2192));
#14224=CARTESIAN_POINT('polyline point',(181.6242,102.4,1.2192));
#14225=CARTESIAN_POINT('polyline point',(206.6242,102.4,1.2192));
#14226=CARTESIAN_POINT('polyline point',(206.6242,102.4,1.2192));
#14227=CARTESIAN_POINT('polyline point',(206.6242,116.4,1.2192));
#14228=CARTESIAN_POINT('polyline point',(206.6242,116.4,1.2192));
#14229=CARTESIAN_POINT('polyline point',(181.6242,116.4,1.2192));
#14230=CARTESIAN_POINT('polyline point',(228.1242,226.4,1.2192));
#14231=CARTESIAN_POINT('polyline point',(228.1242,236.4,1.2192));
#14232=CARTESIAN_POINT('polyline point',(228.1242,236.4,1.2192));
#14233=CARTESIAN_POINT('polyline point',(218.1242,236.4,1.2192));
#14234=CARTESIAN_POINT('polyline point',(218.1242,236.4,1.2192));
#14235=CARTESIAN_POINT('polyline point',(218.1242,192.4,1.2192));
#14236=CARTESIAN_POINT('polyline point',(218.1242,192.4,1.2192));
#14237=CARTESIAN_POINT('polyline point',(221.6242,192.4,1.2192));
#14238=CARTESIAN_POINT('polyline point',(221.6242,192.4,1.2192));
#14239=CARTESIAN_POINT('polyline point',(221.6242,206.4,1.2192));
#14240=CARTESIAN_POINT('polyline point',(221.6242,206.4,1.2192));
#14241=CARTESIAN_POINT('polyline point',(246.6242,206.4,1.2192));
#14242=CARTESIAN_POINT('polyline point',(246.6242,206.4,1.2192));
#14243=CARTESIAN_POINT('polyline point',(246.6242,192.4,1.2192));
#14244=CARTESIAN_POINT('polyline point',(246.6242,192.4,1.2192));
#14245=CARTESIAN_POINT('polyline point',(250.1242,192.4,1.2192));
#14246=CARTESIAN_POINT('polyline point',(250.1242,192.4,1.2192));
#14247=CARTESIAN_POINT('polyline point',(250.1242,236.4,1.2192));
#14248=CARTESIAN_POINT('polyline point',(250.1242,236.4,1.2192));
#14249=CARTESIAN_POINT('polyline point',(240.1242,236.4,1.2192));
#14250=CARTESIAN_POINT('polyline point',(240.1242,236.4,1.2192));
#14251=CARTESIAN_POINT('polyline point',(240.1242,226.4,1.2192));
#14252=CARTESIAN_POINT('polyline point',(240.1242,226.4,1.2192));
#14253=CARTESIAN_POINT('polyline point',(228.1242,226.4,1.2192));
#14254=CARTESIAN_POINT('Origin',(246.6242,212.9,1.2192));
#14255=CARTESIAN_POINT('Origin',(246.6242,232.9,1.2192));
#14256=CARTESIAN_POINT('Origin',(221.6242,232.9,1.2192));
#14257=CARTESIAN_POINT('Origin',(221.6242,212.9,1.2192));
#14258=CARTESIAN_POINT('polyline point',(240.1242,226.4,1.2192));
#14259=CARTESIAN_POINT('polyline point',(240.1242,237.4,1.2192));
#14260=CARTESIAN_POINT('polyline point',(240.1242,237.4,1.2192));
#14261=CARTESIAN_POINT('polyline point',(228.1242,237.4,1.2192));
#14262=CARTESIAN_POINT('polyline point',(228.1242,237.4,1.2192));
#14263=CARTESIAN_POINT('polyline point',(228.1242,226.4,1.2192));
#14264=CARTESIAN_POINT('polyline point',(228.1242,226.4,1.2192));
#14265=CARTESIAN_POINT('polyline point',(240.1242,226.4,1.2192));
#14266=CARTESIAN_POINT('polyline point',(221.6242,206.4,1.2192));
#14267=CARTESIAN_POINT('polyline point',(221.6242,192.4,1.2192));
#14268=CARTESIAN_POINT('polyline point',(221.6242,192.4,1.2192));
#14269=CARTESIAN_POINT('polyline point',(246.6242,192.4,1.2192));
#14270=CARTESIAN_POINT('polyline point',(246.6242,192.4,1.2192));
#14271=CARTESIAN_POINT('polyline point',(246.6242,206.4,1.2192));
#14272=CARTESIAN_POINT('polyline point',(246.6242,206.4,1.2192));
#14273=CARTESIAN_POINT('polyline point',(221.6242,206.4,1.2192));
#14274=CARTESIAN_POINT('polyline point',(228.1242,136.4,1.2192));
#14275=CARTESIAN_POINT('polyline point',(228.1242,146.4,1.2192));
#14276=CARTESIAN_POINT('polyline point',(228.1242,146.4,1.2192));
#14277=CARTESIAN_POINT('polyline point',(218.1242,146.4,1.2192));
#14278=CARTESIAN_POINT('polyline point',(218.1242,146.4,1.2192));
#14279=CARTESIAN_POINT('polyline point',(218.1242,102.4,1.2192));
#14280=CARTESIAN_POINT('polyline point',(218.1242,102.4,1.2192));
#14281=CARTESIAN_POINT('polyline point',(221.6242,102.4,1.2192));
#14282=CARTESIAN_POINT('polyline point',(221.6242,102.4,1.2192));
#14283=CARTESIAN_POINT('polyline point',(221.6242,116.4,1.2192));
#14284=CARTESIAN_POINT('polyline point',(221.6242,116.4,1.2192));
#14285=CARTESIAN_POINT('polyline point',(246.6242,116.4,1.2192));
#14286=CARTESIAN_POINT('polyline point',(246.6242,116.4,1.2192));
#14287=CARTESIAN_POINT('polyline point',(246.6242,102.4,1.2192));
#14288=CARTESIAN_POINT('polyline point',(246.6242,102.4,1.2192));
#14289=CARTESIAN_POINT('polyline point',(250.1242,102.4,1.2192));
#14290=CARTESIAN_POINT('polyline point',(250.1242,102.4,1.2192));
#14291=CARTESIAN_POINT('polyline point',(250.1242,146.4,1.2192));
#14292=CARTESIAN_POINT('polyline point',(250.1242,146.4,1.2192));
#14293=CARTESIAN_POINT('polyline point',(240.1242,146.4,1.2192));
#14294=CARTESIAN_POINT('polyline point',(240.1242,146.4,1.2192));
#14295=CARTESIAN_POINT('polyline point',(240.1242,136.4,1.2192));
#14296=CARTESIAN_POINT('polyline point',(240.1242,136.4,1.2192));
#14297=CARTESIAN_POINT('polyline point',(228.1242,136.4,1.2192));
#14298=CARTESIAN_POINT('Origin',(246.6242,122.9,1.2192));
#14299=CARTESIAN_POINT('Origin',(246.6242,142.9,1.2192));
#14300=CARTESIAN_POINT('Origin',(221.6242,142.9,1.2192));
#14301=CARTESIAN_POINT('Origin',(221.6242,122.9,1.2192));
#14302=CARTESIAN_POINT('polyline point',(240.1242,136.4,1.2192));
#14303=CARTESIAN_POINT('polyline point',(240.1242,147.4,1.2192));
#14304=CARTESIAN_POINT('polyline point',(240.1242,147.4,1.2192));
#14305=CARTESIAN_POINT('polyline point',(228.1242,147.4,1.2192));
#14306=CARTESIAN_POINT('polyline point',(228.1242,147.4,1.2192));
#14307=CARTESIAN_POINT('polyline point',(228.1242,136.4,1.2192));
#14308=CARTESIAN_POINT('polyline point',(228.1242,136.4,1.2192));
#14309=CARTESIAN_POINT('polyline point',(240.1242,136.4,1.2192));
#14310=CARTESIAN_POINT('polyline point',(221.6242,116.4,1.2192));
#14311=CARTESIAN_POINT('polyline point',(221.6242,102.4,1.2192));
#14312=CARTESIAN_POINT('polyline point',(221.6242,102.4,1.2192));
#14313=CARTESIAN_POINT('polyline point',(246.6242,102.4,1.2192));
#14314=CARTESIAN_POINT('polyline point',(246.6242,102.4,1.2192));
#14315=CARTESIAN_POINT('polyline point',(246.6242,116.4,1.2192));
#14316=CARTESIAN_POINT('polyline point',(246.6242,116.4,1.2192));
#14317=CARTESIAN_POINT('polyline point',(221.6242,116.4,1.2192));
#14318=CARTESIAN_POINT('polyline point',(268.1242,226.4,1.2192));
#14319=CARTESIAN_POINT('polyline point',(268.1242,236.4,1.2192));
#14320=CARTESIAN_POINT('polyline point',(268.1242,236.4,1.2192));
#14321=CARTESIAN_POINT('polyline point',(258.1242,236.4,1.2192));
#14322=CARTESIAN_POINT('polyline point',(258.1242,236.4,1.2192));
#14323=CARTESIAN_POINT('polyline point',(258.1242,192.4,1.2192));
#14324=CARTESIAN_POINT('polyline point',(258.1242,192.4,1.2192));
#14325=CARTESIAN_POINT('polyline point',(261.6242,192.4,1.2192));
#14326=CARTESIAN_POINT('polyline point',(261.6242,192.4,1.2192));
#14327=CARTESIAN_POINT('polyline point',(261.6242,206.4,1.2192));
#14328=CARTESIAN_POINT('polyline point',(261.6242,206.4,1.2192));
#14329=CARTESIAN_POINT('polyline point',(286.6242,206.4,1.2192));
#14330=CARTESIAN_POINT('polyline point',(286.6242,206.4,1.2192));
#14331=CARTESIAN_POINT('polyline point',(286.6242,192.4,1.2192));
#14332=CARTESIAN_POINT('polyline point',(286.6242,192.4,1.2192));
#14333=CARTESIAN_POINT('polyline point',(290.1242,192.4,1.2192));
#14334=CARTESIAN_POINT('polyline point',(290.1242,192.4,1.2192));
#14335=CARTESIAN_POINT('polyline point',(290.1242,236.4,1.2192));
#14336=CARTESIAN_POINT('polyline point',(290.1242,236.4,1.2192));
#14337=CARTESIAN_POINT('polyline point',(280.1242,236.4,1.2192));
#14338=CARTESIAN_POINT('polyline point',(280.1242,236.4,1.2192));
#14339=CARTESIAN_POINT('polyline point',(280.1242,226.4,1.2192));
#14340=CARTESIAN_POINT('polyline point',(280.1242,226.4,1.2192));
#14341=CARTESIAN_POINT('polyline point',(268.1242,226.4,1.2192));
#14342=CARTESIAN_POINT('Origin',(286.6242,212.9,1.2192));
#14343=CARTESIAN_POINT('Origin',(286.6242,232.9,1.2192));
#14344=CARTESIAN_POINT('Origin',(261.6242,232.9,1.2192));
#14345=CARTESIAN_POINT('Origin',(261.6242,212.9,1.2192));
#14346=CARTESIAN_POINT('polyline point',(280.1242,226.4,1.2192));
#14347=CARTESIAN_POINT('polyline point',(280.1242,237.4,1.2192));
#14348=CARTESIAN_POINT('polyline point',(280.1242,237.4,1.2192));
#14349=CARTESIAN_POINT('polyline point',(268.1242,237.4,1.2192));
#14350=CARTESIAN_POINT('polyline point',(268.1242,237.4,1.2192));
#14351=CARTESIAN_POINT('polyline point',(268.1242,226.4,1.2192));
#14352=CARTESIAN_POINT('polyline point',(268.1242,226.4,1.2192));
#14353=CARTESIAN_POINT('polyline point',(280.1242,226.4,1.2192));
#14354=CARTESIAN_POINT('polyline point',(261.6242,206.4,1.2192));
#14355=CARTESIAN_POINT('polyline point',(261.6242,192.4,1.2192));
#14356=CARTESIAN_POINT('polyline point',(261.6242,192.4,1.2192));
#14357=CARTESIAN_POINT('polyline point',(286.6242,192.4,1.2192));
#14358=CARTESIAN_POINT('polyline point',(286.6242,192.4,1.2192));
#14359=CARTESIAN_POINT('polyline point',(286.6242,206.4,1.2192));
#14360=CARTESIAN_POINT('polyline point',(286.6242,206.4,1.2192));
#14361=CARTESIAN_POINT('polyline point',(261.6242,206.4,1.2192));
#14362=CARTESIAN_POINT('polyline point',(268.1242,136.4,1.2192));
#14363=CARTESIAN_POINT('polyline point',(268.1242,146.4,1.2192));
#14364=CARTESIAN_POINT('polyline point',(268.1242,146.4,1.2192));
#14365=CARTESIAN_POINT('polyline point',(258.1242,146.4,1.2192));
#14366=CARTESIAN_POINT('polyline point',(258.1242,146.4,1.2192));
#14367=CARTESIAN_POINT('polyline point',(258.1242,102.4,1.2192));
#14368=CARTESIAN_POINT('polyline point',(258.1242,102.4,1.2192));
#14369=CARTESIAN_POINT('polyline point',(261.6242,102.4,1.2192));
#14370=CARTESIAN_POINT('polyline point',(261.6242,102.4,1.2192));
#14371=CARTESIAN_POINT('polyline point',(261.6242,116.4,1.2192));
#14372=CARTESIAN_POINT('polyline point',(261.6242,116.4,1.2192));
#14373=CARTESIAN_POINT('polyline point',(286.6242,116.4,1.2192));
#14374=CARTESIAN_POINT('polyline point',(286.6242,116.4,1.2192));
#14375=CARTESIAN_POINT('polyline point',(286.6242,102.4,1.2192));
#14376=CARTESIAN_POINT('polyline point',(286.6242,102.4,1.2192));
#14377=CARTESIAN_POINT('polyline point',(290.1242,102.4,1.2192));
#14378=CARTESIAN_POINT('polyline point',(290.1242,102.4,1.2192));
#14379=CARTESIAN_POINT('polyline point',(290.1242,146.4,1.2192));
#14380=CARTESIAN_POINT('polyline point',(290.1242,146.4,1.2192));
#14381=CARTESIAN_POINT('polyline point',(280.1242,146.4,1.2192));
#14382=CARTESIAN_POINT('polyline point',(280.1242,146.4,1.2192));
#14383=CARTESIAN_POINT('polyline point',(280.1242,136.4,1.2192));
#14384=CARTESIAN_POINT('polyline point',(280.1242,136.4,1.2192));
#14385=CARTESIAN_POINT('polyline point',(268.1242,136.4,1.2192));
#14386=CARTESIAN_POINT('Origin',(286.6242,122.9,1.2192));
#14387=CARTESIAN_POINT('Origin',(286.6242,142.9,1.2192));
#14388=CARTESIAN_POINT('Origin',(261.6242,142.9,1.2192));
#14389=CARTESIAN_POINT('Origin',(261.6242,122.9,1.2192));
#14390=CARTESIAN_POINT('polyline point',(280.1242,136.4,1.2192));
#14391=CARTESIAN_POINT('polyline point',(280.1242,147.4,1.2192));
#14392=CARTESIAN_POINT('polyline point',(280.1242,147.4,1.2192));
#14393=CARTESIAN_POINT('polyline point',(268.1242,147.4,1.2192));
#14394=CARTESIAN_POINT('polyline point',(268.1242,147.4,1.2192));
#14395=CARTESIAN_POINT('polyline point',(268.1242,136.4,1.2192));
#14396=CARTESIAN_POINT('polyline point',(268.1242,136.4,1.2192));
#14397=CARTESIAN_POINT('polyline point',(280.1242,136.4,1.2192));
#14398=CARTESIAN_POINT('polyline point',(261.6242,116.4,1.2192));
#14399=CARTESIAN_POINT('polyline point',(261.6242,102.4,1.2192));
#14400=CARTESIAN_POINT('polyline point',(261.6242,102.4,1.2192));
#14401=CARTESIAN_POINT('polyline point',(286.6242,102.4,1.2192));
#14402=CARTESIAN_POINT('polyline point',(286.6242,102.4,1.2192));
#14403=CARTESIAN_POINT('polyline point',(286.6242,116.4,1.2192));
#14404=CARTESIAN_POINT('polyline point',(286.6242,116.4,1.2192));
#14405=CARTESIAN_POINT('polyline point',(261.6242,116.4,1.2192));
#14406=CARTESIAN_POINT('polyline point',(308.1242,226.4,1.2192));
#14407=CARTESIAN_POINT('polyline point',(308.1242,236.4,1.2192));
#14408=CARTESIAN_POINT('polyline point',(308.1242,236.4,1.2192));
#14409=CARTESIAN_POINT('polyline point',(298.1242,236.4,1.2192));
#14410=CARTESIAN_POINT('polyline point',(298.1242,236.4,1.2192));
#14411=CARTESIAN_POINT('polyline point',(298.1242,192.4,1.2192));
#14412=CARTESIAN_POINT('polyline point',(298.1242,192.4,1.2192));
#14413=CARTESIAN_POINT('polyline point',(301.6242,192.4,1.2192));
#14414=CARTESIAN_POINT('polyline point',(301.6242,192.4,1.2192));
#14415=CARTESIAN_POINT('polyline point',(301.6242,206.4,1.2192));
#14416=CARTESIAN_POINT('polyline point',(301.6242,206.4,1.2192));
#14417=CARTESIAN_POINT('polyline point',(326.6242,206.4,1.2192));
#14418=CARTESIAN_POINT('polyline point',(326.6242,206.4,1.2192));
#14419=CARTESIAN_POINT('polyline point',(326.6242,192.4,1.2192));
#14420=CARTESIAN_POINT('polyline point',(326.6242,192.4,1.2192));
#14421=CARTESIAN_POINT('polyline point',(330.1242,192.4,1.2192));
#14422=CARTESIAN_POINT('polyline point',(330.1242,192.4,1.2192));
#14423=CARTESIAN_POINT('polyline point',(330.1242,236.4,1.2192));
#14424=CARTESIAN_POINT('polyline point',(330.1242,236.4,1.2192));
#14425=CARTESIAN_POINT('polyline point',(320.1242,236.4,1.2192));
#14426=CARTESIAN_POINT('polyline point',(320.1242,236.4,1.2192));
#14427=CARTESIAN_POINT('polyline point',(320.1242,226.4,1.2192));
#14428=CARTESIAN_POINT('polyline point',(320.1242,226.4,1.2192));
#14429=CARTESIAN_POINT('polyline point',(308.1242,226.4,1.2192));
#14430=CARTESIAN_POINT('Origin',(326.6242,212.9,1.2192));
#14431=CARTESIAN_POINT('Origin',(326.6242,232.9,1.2192));
#14432=CARTESIAN_POINT('Origin',(301.6242,232.9,1.2192));
#14433=CARTESIAN_POINT('Origin',(301.6242,212.9,1.2192));
#14434=CARTESIAN_POINT('polyline point',(320.1242,226.4,1.2192));
#14435=CARTESIAN_POINT('polyline point',(320.1242,237.4,1.2192));
#14436=CARTESIAN_POINT('polyline point',(320.1242,237.4,1.2192));
#14437=CARTESIAN_POINT('polyline point',(308.1242,237.4,1.2192));
#14438=CARTESIAN_POINT('polyline point',(308.1242,237.4,1.2192));
#14439=CARTESIAN_POINT('polyline point',(308.1242,226.4,1.2192));
#14440=CARTESIAN_POINT('polyline point',(308.1242,226.4,1.2192));
#14441=CARTESIAN_POINT('polyline point',(320.1242,226.4,1.2192));
#14442=CARTESIAN_POINT('polyline point',(301.6242,206.4,1.2192));
#14443=CARTESIAN_POINT('polyline point',(301.6242,192.4,1.2192));
#14444=CARTESIAN_POINT('polyline point',(301.6242,192.4,1.2192));
#14445=CARTESIAN_POINT('polyline point',(326.6242,192.4,1.2192));
#14446=CARTESIAN_POINT('polyline point',(326.6242,192.4,1.2192));
#14447=CARTESIAN_POINT('polyline point',(326.6242,206.4,1.2192));
#14448=CARTESIAN_POINT('polyline point',(326.6242,206.4,1.2192));
#14449=CARTESIAN_POINT('polyline point',(301.6242,206.4,1.2192));
#14450=CARTESIAN_POINT('polyline point',(308.1242,136.4,1.2192));
#14451=CARTESIAN_POINT('polyline point',(308.1242,146.4,1.2192));
#14452=CARTESIAN_POINT('polyline point',(308.1242,146.4,1.2192));
#14453=CARTESIAN_POINT('polyline point',(298.1242,146.4,1.2192));
#14454=CARTESIAN_POINT('polyline point',(298.1242,146.4,1.2192));
#14455=CARTESIAN_POINT('polyline point',(298.1242,102.4,1.2192));
#14456=CARTESIAN_POINT('polyline point',(298.1242,102.4,1.2192));
#14457=CARTESIAN_POINT('polyline point',(301.6242,102.4,1.2192));
#14458=CARTESIAN_POINT('polyline point',(301.6242,102.4,1.2192));
#14459=CARTESIAN_POINT('polyline point',(301.6242,116.4,1.2192));
#14460=CARTESIAN_POINT('polyline point',(301.6242,116.4,1.2192));
#14461=CARTESIAN_POINT('polyline point',(326.6242,116.4,1.2192));
#14462=CARTESIAN_POINT('polyline point',(326.6242,116.4,1.2192));
#14463=CARTESIAN_POINT('polyline point',(326.6242,102.4,1.2192));
#14464=CARTESIAN_POINT('polyline point',(326.6242,102.4,1.2192));
#14465=CARTESIAN_POINT('polyline point',(330.1242,102.4,1.2192));
#14466=CARTESIAN_POINT('polyline point',(330.1242,102.4,1.2192));
#14467=CARTESIAN_POINT('polyline point',(330.1242,146.4,1.2192));
#14468=CARTESIAN_POINT('polyline point',(330.1242,146.4,1.2192));
#14469=CARTESIAN_POINT('polyline point',(320.1242,146.4,1.2192));
#14470=CARTESIAN_POINT('polyline point',(320.1242,146.4,1.2192));
#14471=CARTESIAN_POINT('polyline point',(320.1242,136.4,1.2192));
#14472=CARTESIAN_POINT('polyline point',(320.1242,136.4,1.2192));
#14473=CARTESIAN_POINT('polyline point',(308.1242,136.4,1.2192));
#14474=CARTESIAN_POINT('Origin',(326.6242,122.9,1.2192));
#14475=CARTESIAN_POINT('Origin',(326.6242,142.9,1.2192));
#14476=CARTESIAN_POINT('Origin',(301.6242,142.9,1.2192));
#14477=CARTESIAN_POINT('Origin',(301.6242,122.9,1.2192));
#14478=CARTESIAN_POINT('polyline point',(320.1242,136.4,1.2192));
#14479=CARTESIAN_POINT('polyline point',(320.1242,147.4,1.2192));
#14480=CARTESIAN_POINT('polyline point',(320.1242,147.4,1.2192));
#14481=CARTESIAN_POINT('polyline point',(308.1242,147.4,1.2192));
#14482=CARTESIAN_POINT('polyline point',(308.1242,147.4,1.2192));
#14483=CARTESIAN_POINT('polyline point',(308.1242,136.4,1.2192));
#14484=CARTESIAN_POINT('polyline point',(308.1242,136.4,1.2192));
#14485=CARTESIAN_POINT('polyline point',(320.1242,136.4,1.2192));
#14486=CARTESIAN_POINT('polyline point',(301.6242,116.4,1.2192));
#14487=CARTESIAN_POINT('polyline point',(301.6242,102.4,1.2192));
#14488=CARTESIAN_POINT('polyline point',(301.6242,102.4,1.2192));
#14489=CARTESIAN_POINT('polyline point',(326.6242,102.4,1.2192));
#14490=CARTESIAN_POINT('polyline point',(326.6242,102.4,1.2192));
#14491=CARTESIAN_POINT('polyline point',(326.6242,116.4,1.2192));
#14492=CARTESIAN_POINT('polyline point',(326.6242,116.4,1.2192));
#14493=CARTESIAN_POINT('polyline point',(301.6242,116.4,1.2192));
#14494=CARTESIAN_POINT('polyline point',(161.8742,386.4,1.2192));
#14495=CARTESIAN_POINT('polyline point',(161.8742,262.7,1.2192));
#14496=CARTESIAN_POINT('polyline point',(161.8742,262.7,1.2192));
#14497=CARTESIAN_POINT('polyline point',(19.1242,262.7,1.2192));
#14498=CARTESIAN_POINT('polyline point',(19.1242,262.7,1.2192));
#14499=CARTESIAN_POINT('polyline point',(19.1242,386.4,1.2192));
#14500=CARTESIAN_POINT('polyline point',(19.1242,386.4,1.2192));
#14501=CARTESIAN_POINT('polyline point',(161.8742,386.4,1.2192));
#14502=CARTESIAN_POINT('polyline point',(153.241189411258,357.764136741995,
1.2192));
#14503=CARTESIAN_POINT('polyline point',(153.241189411258,291.326091328486,
1.2192));
#14504=CARTESIAN_POINT('polyline point',(153.241189411258,291.326091328486,
1.2192));
#14505=CARTESIAN_POINT('polyline point',(125.022880671274,291.326091328486,
1.2192));
#14506=CARTESIAN_POINT('polyline point',(125.022880671274,291.326091328486,
1.2192));
#14507=CARTESIAN_POINT('polyline point',(125.022880671274,357.764136741995,
1.2192));
#14508=CARTESIAN_POINT('polyline point',(125.022880671274,357.764136741995,
1.2192));
#14509=CARTESIAN_POINT('polyline point',(153.241189411258,357.764136741995,
1.2192));
#14510=CARTESIAN_POINT('polyline point',(83.2312082335757,278.109921004293,
1.2192));
#14511=CARTESIAN_POINT('polyline point',(83.2312082335757,265.608138265192,
1.2192));
#14512=CARTESIAN_POINT('polyline point',(83.2312082335757,265.608138265192,
1.2192));
#14513=CARTESIAN_POINT('polyline point',(45.3686673925844,265.608138265192,
1.2192));
#14514=CARTESIAN_POINT('polyline point',(45.3686673925844,265.608138265192,
1.2192));
#14515=CARTESIAN_POINT('polyline point',(45.3686673925844,278.109921004293,
1.2192));
#14516=CARTESIAN_POINT('polyline point',(45.3686673925844,278.109921004293,
1.2192));
#14517=CARTESIAN_POINT('polyline point',(83.2312082335757,278.109921004293,
1.2192));
#14518=CARTESIAN_POINT('polyline point',(334.6242,386.4,1.2192));
#14519=CARTESIAN_POINT('polyline point',(334.6242,262.7,1.2192));
#14520=CARTESIAN_POINT('polyline point',(334.6242,262.7,1.2192));
#14521=CARTESIAN_POINT('polyline point',(191.8742,262.7,1.2192));
#14522=CARTESIAN_POINT('polyline point',(191.8742,262.7,1.2192));
#14523=CARTESIAN_POINT('polyline point',(191.8742,386.4,1.2192));
#14524=CARTESIAN_POINT('polyline point',(191.8742,386.4,1.2192));
#14525=CARTESIAN_POINT('polyline point',(334.6242,386.4,1.2192));
#14526=CARTESIAN_POINT('polyline point',(325.991189411258,357.764136741995,
1.2192));
#14527=CARTESIAN_POINT('polyline point',(325.991189411258,291.326091328486,
1.2192));
#14528=CARTESIAN_POINT('polyline point',(325.991189411258,291.326091328486,
1.2192));
#14529=CARTESIAN_POINT('polyline point',(297.772880671274,291.326091328486,
1.2192));
#14530=CARTESIAN_POINT('polyline point',(297.772880671274,291.326091328486,
1.2192));
#14531=CARTESIAN_POINT('polyline point',(297.772880671274,357.764136741995,
1.2192));
#14532=CARTESIAN_POINT('polyline point',(297.772880671274,357.764136741995,
1.2192));
#14533=CARTESIAN_POINT('polyline point',(325.991189411258,357.764136741995,
1.2192));
#14534=CARTESIAN_POINT('polyline point',(255.981208233576,278.109921004293,
1.2192));
#14535=CARTESIAN_POINT('polyline point',(255.981208233576,265.608138265192,
1.2192));
#14536=CARTESIAN_POINT('polyline point',(255.981208233576,265.608138265192,
1.2192));
#14537=CARTESIAN_POINT('polyline point',(218.118667392584,265.608138265192,
1.2192));
#14538=CARTESIAN_POINT('polyline point',(218.118667392584,265.608138265192,
1.2192));
#14539=CARTESIAN_POINT('polyline point',(218.118667392584,278.109921004293,
1.2192));
#14540=CARTESIAN_POINT('polyline point',(218.118667392584,278.109921004293,
1.2192));
#14541=CARTESIAN_POINT('polyline point',(255.981208233576,278.109921004293,
1.2192));
#14542=CARTESIAN_POINT('polyline point',(3.1242,0.,1.2192));
#14543=CARTESIAN_POINT('polyline point',(15.7988,0.,1.2192));
#14544=CARTESIAN_POINT('Origin',(15.7988000014732,0.507999998539006,1.2192));
#14545=CARTESIAN_POINT('',(15.7988,1.3988810110277E-14,1.2192));
#14546=CARTESIAN_POINT('',(16.3068000000122,0.508000000000024,1.2192));
#14547=CARTESIAN_POINT('polyline point',(16.3068,0.508000000000024,1.2192));
#14548=CARTESIAN_POINT('polyline point',(16.3068,3.429,1.2192));
#14549=CARTESIAN_POINT('polyline point',(16.3068,3.429,1.2192));
#14550=CARTESIAN_POINT('polyline point',(17.5768,3.429,1.2192));
#14551=CARTESIAN_POINT('polyline point',(17.5768,3.429,1.2192));
#14552=CARTESIAN_POINT('polyline point',(17.5768,3.12420000000003,1.2192));
#14553=CARTESIAN_POINT('polyline point',(17.5768,3.12420000000003,1.2192));
#14554=CARTESIAN_POINT('polyline point',(410.4132,3.12420000000003,1.2192));
#14555=CARTESIAN_POINT('polyline point',(410.4132,3.12420000000003,1.2192));
#14556=CARTESIAN_POINT('polyline point',(410.4132,3.429,1.2192));
#14557=CARTESIAN_POINT('polyline point',(410.4132,3.429,1.2192));
#14558=CARTESIAN_POINT('polyline point',(411.6832,3.429,1.2192));
#14559=CARTESIAN_POINT('polyline point',(411.6832,3.429,1.2192));
#14560=CARTESIAN_POINT('polyline point',(411.6832,0.508000000000024,1.2192));
#14561=CARTESIAN_POINT('Origin',(412.191199998527,0.507999998539006,1.2192));
#14562=CARTESIAN_POINT('',(411.683199999988,0.508000000000024,1.2192));
#14563=CARTESIAN_POINT('',(412.1912,1.3988810110277E-14,1.2192));
#14564=CARTESIAN_POINT('polyline point',(412.1912,0.,1.2192));
#14565=CARTESIAN_POINT('polyline point',(424.8658,-7.105427357601E-14,1.2192));
#14566=CARTESIAN_POINT('polyline point',(424.8658,-7.105427357601E-14,1.2192));
#14567=CARTESIAN_POINT('polyline point',(424.8658,406.4,1.2192));
#14568=CARTESIAN_POINT('polyline point',(424.8658,406.4,1.2192));
#14569=CARTESIAN_POINT('polyline point',(3.1242,406.4,1.2192));
#14570=CARTESIAN_POINT('polyline point',(3.1242,406.4,1.2192));
#14571=CARTESIAN_POINT('polyline point',(3.1242,0.,1.2192));
#14572=CARTESIAN_POINT('Origin',(36.1442,397.5989,1.2192));
#14573=CARTESIAN_POINT('Origin',(391.8458,397.5989,1.2192));
#14574=CARTESIAN_POINT('Origin',(213.995,397.5989,1.2192));
#14575=CARTESIAN_POINT('polyline point',(424.8658,-7.105427357601E-14,1.2192));
#14576=CARTESIAN_POINT('polyline point',(424.8658,406.4,1.2192));
#14577=CARTESIAN_POINT('',(34.1242,214.4,1.2192));
#14578=CARTESIAN_POINT('',(368.2158,204.37,1.2192));
#14579=CARTESIAN_POINT('',(74.1242,214.4,1.2192));
#14580=CARTESIAN_POINT('',(114.1242,214.4,1.2192));
#14581=CARTESIAN_POINT('',(154.1242,214.4,1.2192));
#14582=CARTESIAN_POINT('',(194.1242,214.4,1.2192));
#14583=CARTESIAN_POINT('',(34.1242,124.4,1.2192));
#14584=CARTESIAN_POINT('',(74.1242,124.4,1.2192));
#14585=CARTESIAN_POINT('',(114.1242,124.4,1.2192));
#14586=CARTESIAN_POINT('',(154.1242,124.4,1.2192));
#14587=CARTESIAN_POINT('',(194.1242,124.4,1.2192));
#14588=CARTESIAN_POINT('',(234.1242,214.4,1.2192));
#14589=CARTESIAN_POINT('',(234.1242,124.4,1.2192));
#14590=CARTESIAN_POINT('',(274.1242,214.4,1.2192));
#14591=CARTESIAN_POINT('',(274.1242,124.4,1.2192));
#14592=CARTESIAN_POINT('',(314.1242,214.4,1.2192));
#14593=CARTESIAN_POINT('',(314.1242,124.4,1.2192));
#14594=CARTESIAN_POINT('',(149.1742,268.92,1.2192));
#14595=CARTESIAN_POINT('',(149.1742,373.7,1.2192));
#14596=CARTESIAN_POINT('',(25.3442,373.7,1.2192));
#14597=CARTESIAN_POINT('',(25.3442,268.92,1.2192));
#14598=CARTESIAN_POINT('',(321.9242,268.92,1.2192));
#14599=CARTESIAN_POINT('',(321.9242,373.7,1.2192));
#14600=CARTESIAN_POINT('',(198.0942,373.7,1.2192));
#14601=CARTESIAN_POINT('',(198.0942,268.92,1.2192));
#14602=CARTESIAN_POINT('',(0.,0.,1.2192));
#14603=CARTESIAN_POINT('',(0.,0.,0.));
#14604=CARTESIAN_POINT('Origin',(1.651,406.4,123.1138));
#14605=CARTESIAN_POINT('',(-0.253999999999898,0.508,123.1138));
#14606=CARTESIAN_POINT('',(1.651,0.508,125.0188));
#14607=CARTESIAN_POINT('Origin',(1.65100144769325,0.507999999999987,123.113798552307));
#14608=CARTESIAN_POINT('',(-0.253999999999873,406.4,123.1138));
#14609=CARTESIAN_POINT('',(-0.253999999999873,406.4,123.1138));
#14610=CARTESIAN_POINT('',(1.651,406.4,125.0188));
#14611=CARTESIAN_POINT('Origin',(1.65100144769324,406.4,123.113798552307));
#14612=CARTESIAN_POINT('',(1.651,0.508,125.0188));
#14613=CARTESIAN_POINT('Origin',(0.303962005856655,0.508000000000005,124.460837994139));
#14614=CARTESIAN_POINT('',(1.651,0.508,126.238));
#14615=CARTESIAN_POINT('',(1.651,0.508,126.238));
#14616=CARTESIAN_POINT('',(-1.4732,0.508,123.1138));
#14617=CARTESIAN_POINT('Origin',(1.65099999999995,0.507999999999953,123.1138));
#14618=CARTESIAN_POINT('',(-0.253999999999898,0.508,123.1138));
#14619=CARTESIAN_POINT('Origin',(213.995,203.454,125.0188));
#14620=CARTESIAN_POINT('',(426.339,0.508,125.0188));
#14621=CARTESIAN_POINT('',(426.339,0.508,125.0188));
#14622=CARTESIAN_POINT('',(426.339,406.4,125.0188));
#14623=CARTESIAN_POINT('',(1.651,406.4,125.0188));
#14624=CARTESIAN_POINT('',(426.339,406.4,125.0188));
#14625=CARTESIAN_POINT('',(394.3223,396.9639,125.0188));
#14626=CARTESIAN_POINT('Origin',(391.8458,396.9639,125.0188));
#14627=CARTESIAN_POINT('',(216.4715,396.9639,125.0188));
#14628=CARTESIAN_POINT('Origin',(213.995,396.9639,125.0188));
#14629=CARTESIAN_POINT('',(38.6207,396.9639,125.0188));
#14630=CARTESIAN_POINT('Origin',(36.1442,396.9639,125.0188));
#14631=CARTESIAN_POINT('Origin',(213.995,396.9639,126.238));
#14632=CARTESIAN_POINT('',(216.4715,396.9639,126.238));
#14633=CARTESIAN_POINT('',(216.4715,396.9639,126.238));
#14634=CARTESIAN_POINT('Origin',(213.995,396.9639,126.238));
#14635=CARTESIAN_POINT('Origin',(391.8458,396.9639,126.238));
#14636=CARTESIAN_POINT('',(394.3223,396.9639,126.238));
#14637=CARTESIAN_POINT('',(394.3223,396.9639,126.238));
#14638=CARTESIAN_POINT('Origin',(391.8458,396.9639,126.238));
#14639=CARTESIAN_POINT('Origin',(36.1442,396.9639,126.238));
#14640=CARTESIAN_POINT('',(38.6207,396.9639,126.238));
#14641=CARTESIAN_POINT('',(38.6207,396.9639,126.238));
#14642=CARTESIAN_POINT('Origin',(36.1442,396.9639,126.238));
#14643=CARTESIAN_POINT('Origin',(-0.253999999999898,203.454000000152,116.531777833438));
#14644=CARTESIAN_POINT('',(-0.253999999999898,0.508,111.2012));
#14645=CARTESIAN_POINT('',(-0.253999999999898,0.508,123.1138));
#14646=CARTESIAN_POINT('',(-0.253999999999898,1.778,109.9312));
#14647=CARTESIAN_POINT('Origin',(-0.253999999999898,1.7779999993523,111.201199999365));
#14648=CARTESIAN_POINT('',(-0.253999999999873,405.13,109.9312));
#14649=CARTESIAN_POINT('',(-0.253999999999898,1.778,109.9312));
#14650=CARTESIAN_POINT('',(-0.253999999999873,406.4,111.2012));
#14651=CARTESIAN_POINT('Origin',(-0.253999999999873,405.13000000066,111.20119999934));
#14652=CARTESIAN_POINT('',(-0.253999999999873,406.4,111.2012));
#14653=CARTESIAN_POINT('',(-0.253999999999873,396.1765,116.7003));
#14654=CARTESIAN_POINT('Origin',(-0.253999999999873,393.7,116.7003));
#14655=CARTESIAN_POINT('',(-0.253999999999898,205.6765,116.7003));
#14656=CARTESIAN_POINT('Origin',(-0.253999999999898,203.2,116.7003));
#14657=CARTESIAN_POINT('',(-0.253999999999898,15.1765,116.7003));
#14658=CARTESIAN_POINT('Origin',(-0.253999999999898,12.7,116.7003));
#14659=CARTESIAN_POINT('Origin',(-1.4732,406.4,111.2012));
#14660=CARTESIAN_POINT('',(-1.4732,406.4,111.2012));
#14661=CARTESIAN_POINT('',(-1.4732,406.4,111.2012));
#14662=CARTESIAN_POINT('',(-1.4732,406.4,123.1138));
#14663=CARTESIAN_POINT('',(-1.4732,406.4,111.2012));
#14664=CARTESIAN_POINT('',(-1.4732,406.4,123.1138));
#14665=CARTESIAN_POINT('Origin',(426.339,0.508,126.238));
#14666=CARTESIAN_POINT('',(426.339,0.508,126.238));
#14667=CARTESIAN_POINT('',(426.339,0.508,125.0188));
#14668=CARTESIAN_POINT('',(426.339,0.508,126.238));
#14669=CARTESIAN_POINT('Origin',(-1.4732,1.778,109.9312));
#14670=CARTESIAN_POINT('',(-1.4732,1.778,109.9312));
#14671=CARTESIAN_POINT('',(-1.4732,1.778,109.9312));
#14672=CARTESIAN_POINT('',(-1.4732,405.13,109.9312));
#14673=CARTESIAN_POINT('',(-1.4732,1.778,109.9312));
#14674=CARTESIAN_POINT('',(-1.4732,405.13,109.9312));
#14675=CARTESIAN_POINT('Origin',(1.651,406.4,126.238));
#14676=CARTESIAN_POINT('',(1.651,406.4,126.238));
#14677=CARTESIAN_POINT('',(1.651,406.4,125.0188));
#14678=CARTESIAN_POINT('',(426.339,406.4,126.238));
#14679=CARTESIAN_POINT('',(1.651,406.4,126.238));
#14680=CARTESIAN_POINT('',(426.339,406.4,126.238));
#14681=CARTESIAN_POINT('Origin',(426.339,0.508,123.1138));
#14682=CARTESIAN_POINT('',(428.244,406.4,123.1138));
#14683=CARTESIAN_POINT('Origin',(426.338998552308,406.4,123.113798552308));
#14684=CARTESIAN_POINT('',(428.244,0.508,123.1138));
#14685=CARTESIAN_POINT('',(428.244,0.508,123.1138));
#14686=CARTESIAN_POINT('Origin',(426.338998552308,0.508,123.113798552308));
#14687=CARTESIAN_POINT('Origin',(429.4632,203.453999999848,116.531777833438));
#14688=CARTESIAN_POINT('',(429.4632,0.508,123.1138));
#14689=CARTESIAN_POINT('',(429.4632,406.4,123.1138));
#14690=CARTESIAN_POINT('',(429.4632,0.508,123.1138));
#14691=CARTESIAN_POINT('',(429.4632,0.508,111.2012));
#14692=CARTESIAN_POINT('',(429.4632,0.508,111.2012));
#14693=CARTESIAN_POINT('',(429.4632,1.778,109.9312));
#14694=CARTESIAN_POINT('Origin',(429.4632,1.7779999993523,111.201199999365));
#14695=CARTESIAN_POINT('',(429.4632,405.13,109.9312));
#14696=CARTESIAN_POINT('',(429.4632,405.13,109.9312));
#14697=CARTESIAN_POINT('',(429.4632,406.4,111.2012));
#14698=CARTESIAN_POINT('Origin',(429.4632,405.13000000066,111.20119999934));
#14699=CARTESIAN_POINT('',(429.4632,406.4,123.1138));
#14700=CARTESIAN_POINT('',(429.4632,10.2235,116.7003));
#14701=CARTESIAN_POINT('Origin',(429.4632,12.7,116.7003));
#14702=CARTESIAN_POINT('',(429.4632,200.7235,116.7003));
#14703=CARTESIAN_POINT('Origin',(429.4632,203.2,116.7003));
#14704=CARTESIAN_POINT('',(429.4632,391.2235,116.7003));
#14705=CARTESIAN_POINT('Origin',(429.4632,393.7,116.7003));
#14706=CARTESIAN_POINT('Origin',(426.339,0.508,123.1138));
#14707=CARTESIAN_POINT('Origin',(426.339,406.4,123.1138));
#14708=CARTESIAN_POINT('',(426.339,406.4,126.238));
#14709=CARTESIAN_POINT('Origin',(426.339,0.508,123.1138));
#14710=CARTESIAN_POINT('Origin',(429.4632,203.2,116.7003));
#14711=CARTESIAN_POINT('',(428.244,200.7235,116.7003));
#14712=CARTESIAN_POINT('Origin',(428.244,203.2,116.7003));
#14713=CARTESIAN_POINT('',(429.4632,200.7235,116.7003));
#14714=CARTESIAN_POINT('Origin',(429.4632,393.7,116.7003));
#14715=CARTESIAN_POINT('',(428.244,391.2235,116.7003));
#14716=CARTESIAN_POINT('Origin',(428.244,393.7,116.7003));
#14717=CARTESIAN_POINT('',(429.4632,391.2235,116.7003));
#14718=CARTESIAN_POINT('Origin',(429.4632,405.13,109.9312));
#14719=CARTESIAN_POINT('',(428.244,405.13,109.9312));
#14720=CARTESIAN_POINT('',(429.4632,405.13,109.9312));
#14721=CARTESIAN_POINT('',(428.244,1.778,109.9312));
#14722=CARTESIAN_POINT('',(429.4632,1.778,109.9312));
#14723=CARTESIAN_POINT('',(428.244,405.13,109.9312));
#14724=CARTESIAN_POINT('Origin',(428.244,203.453999999848,116.531777833438));
#14725=CARTESIAN_POINT('',(428.244,406.4,111.2012));
#14726=CARTESIAN_POINT('',(428.244,406.4,123.1138));
#14727=CARTESIAN_POINT('Origin',(428.244,405.13000000066,111.20119999934));
#14728=CARTESIAN_POINT('',(428.244,0.508,111.2012));
#14729=CARTESIAN_POINT('Origin',(428.244,1.7779999993523,111.201199999365));
#14730=CARTESIAN_POINT('',(428.244,0.508,111.2012));
#14731=CARTESIAN_POINT('',(428.244,10.2235,116.7003));
#14732=CARTESIAN_POINT('Origin',(428.244,12.7,116.7003));
#14733=CARTESIAN_POINT('Origin',(429.4632,0.508,111.2012));
#14734=CARTESIAN_POINT('',(429.4632,0.508,111.2012));
#14735=CARTESIAN_POINT('',(429.4632,0.508,123.1138));
#14736=CARTESIAN_POINT('Origin',(429.4632,1.7779999993523,111.201199999365));
#14737=CARTESIAN_POINT('Origin',(429.4632,406.4,123.1138));
#14738=CARTESIAN_POINT('',(428.244,406.4,123.1138));
#14739=CARTESIAN_POINT('',(429.4632,406.4,111.2012));
#14740=CARTESIAN_POINT('Origin',(429.4632,405.13000000066,111.20119999934));
#14741=CARTESIAN_POINT('Origin',(213.995,203.454,126.238));
#14742=CARTESIAN_POINT('',(1.651,0.508,126.238));
#14743=CARTESIAN_POINT('Origin',(0.303962005856661,406.4,124.460837994139));
#14744=CARTESIAN_POINT('Origin',(1.651,406.4,123.1138));
#14745=CARTESIAN_POINT('Origin',(-1.4732,393.7,116.7003));
#14746=CARTESIAN_POINT('',(-1.4732,396.1765,116.7003));
#14747=CARTESIAN_POINT('',(-1.4732,396.1765,116.7003));
#14748=CARTESIAN_POINT('Origin',(-1.4732,393.7,116.7003));
#14749=CARTESIAN_POINT('Origin',(-1.4732,1.7779999993523,111.201199999365));
#14750=CARTESIAN_POINT('',(-1.4732,0.508,111.2012));
#14751=CARTESIAN_POINT('',(-1.4732,0.508,111.2012));
#14752=CARTESIAN_POINT('Origin',(-1.4732,1.7779999993523,111.201199999365));
#14753=CARTESIAN_POINT('Origin',(-1.4732,405.13000000066,111.20119999934));
#14754=CARTESIAN_POINT('Origin',(-1.4732,405.13000000066,111.20119999934));
#14755=CARTESIAN_POINT('Origin',(-1.4732,203.454000000152,116.531777833438));
#14756=CARTESIAN_POINT('',(-1.4732,406.4,123.1138));
#14757=CARTESIAN_POINT('',(-1.4732,0.508,123.1138));
#14758=CARTESIAN_POINT('',(-1.4732,205.6765,116.7003));
#14759=CARTESIAN_POINT('Origin',(-1.4732,203.2,116.7003));
#14760=CARTESIAN_POINT('',(-1.4732,15.1765,116.7003));
#14761=CARTESIAN_POINT('Origin',(-1.4732,12.7,116.7003));
#14762=CARTESIAN_POINT('Origin',(-1.4732,203.2,116.7003));
#14763=CARTESIAN_POINT('',(-1.4732,205.6765,116.7003));
#14764=CARTESIAN_POINT('Origin',(-1.4732,0.508,123.1138));
#14765=CARTESIAN_POINT('Origin',(429.4632,12.7,116.7003));
#14766=CARTESIAN_POINT('',(429.4632,10.2235,116.7003));
#14767=CARTESIAN_POINT('Origin',(-1.4732,12.7,116.7003));
#14768=CARTESIAN_POINT('',(-1.4732,15.1765,116.7003));
#14769=CARTESIAN_POINT('Origin',(427.686037994144,406.4,124.460837994139));
#14770=CARTESIAN_POINT('Origin',(427.686037994144,0.508,124.460837994139));
#14771=CARTESIAN_POINT('Origin',(1.651,406.4,123.1138));
#14772=CARTESIAN_POINT('',(0.,0.,0.));
#14773=CARTESIAN_POINT('Origin',(240.8318,-36.4643045649087,100.2824));
#14774=CARTESIAN_POINT('',(239.2108,406.4,100.2824));
#14775=CARTESIAN_POINT('Origin',(240.8318,406.4,100.2824));
#14776=CARTESIAN_POINT('',(239.2108,405.1808,100.2824));
#14777=CARTESIAN_POINT('',(239.2108,-36.4643045649087,100.2824));
#14778=CARTESIAN_POINT('Origin',(240.8318,405.1808,100.2824));
#14779=CARTESIAN_POINT('Origin',(90.8318,-36.4643045649087,100.2824));
#14780=CARTESIAN_POINT('',(89.2108,406.4,100.2824));
#14781=CARTESIAN_POINT('Origin',(90.8318000000001,406.4,100.2824));
#14782=CARTESIAN_POINT('',(89.2108,405.1808,100.2824));
#14783=CARTESIAN_POINT('',(89.2108,-36.4643045649087,100.2824));
#14784=CARTESIAN_POINT('Origin',(90.8318000000001,405.1808,100.2824));
#14785=CARTESIAN_POINT('Origin',(240.8318,-36.4643045649087,28.9124));
#14786=CARTESIAN_POINT('',(239.2108,406.4,28.9124));
#14787=CARTESIAN_POINT('Origin',(240.8318,406.4,28.9124));
#14788=CARTESIAN_POINT('',(239.2108,405.1808,28.9124));
#14789=CARTESIAN_POINT('',(239.2108,-36.4643045649087,28.9124));
#14790=CARTESIAN_POINT('Origin',(240.8318,405.1808,28.9124));
#14791=CARTESIAN_POINT('Origin',(90.8318,-36.4643045649087,28.9124));
#14792=CARTESIAN_POINT('',(89.2108,406.4,28.9124));
#14793=CARTESIAN_POINT('Origin',(90.8318000000001,406.4,28.9124));
#14794=CARTESIAN_POINT('',(89.2108,405.1808,28.9124));
#14795=CARTESIAN_POINT('',(89.2108,-36.4643045649087,28.9124));
#14796=CARTESIAN_POINT('Origin',(90.8318000000001,405.1808,28.9124));
#14797=CARTESIAN_POINT('Origin',(312.2018,-36.4643045649087,28.9124));
#14798=CARTESIAN_POINT('',(310.5808,406.4,28.9124));
#14799=CARTESIAN_POINT('Origin',(312.2018,406.4,28.9124));
#14800=CARTESIAN_POINT('',(310.5808,405.1808,28.9124));
#14801=CARTESIAN_POINT('',(310.5808,-36.4643045649087,28.9124));
#14802=CARTESIAN_POINT('Origin',(312.2018,405.1808,28.9124));
#14803=CARTESIAN_POINT('Origin',(162.2018,-36.4643045649087,28.9124));
#14804=CARTESIAN_POINT('',(160.5808,406.4,28.9124));
#14805=CARTESIAN_POINT('Origin',(162.2018,406.4,28.9124));
#14806=CARTESIAN_POINT('',(160.5808,405.1808,28.9124));
#14807=CARTESIAN_POINT('',(160.5808,-36.4643045649087,28.9124));
#14808=CARTESIAN_POINT('Origin',(162.2018,405.1808,28.9124));
#14809=CARTESIAN_POINT('Origin',(312.2018,-36.4643045649087,100.2824));
#14810=CARTESIAN_POINT('',(310.5808,406.4,100.2824));
#14811=CARTESIAN_POINT('Origin',(312.2018,406.4,100.2824));
#14812=CARTESIAN_POINT('',(310.5808,405.1808,100.2824));
#14813=CARTESIAN_POINT('',(310.5808,-36.4643045649087,100.2824));
#14814=CARTESIAN_POINT('Origin',(312.2018,405.1808,100.2824));
#14815=CARTESIAN_POINT('Origin',(162.2018,-36.4643045649087,100.2824));
#14816=CARTESIAN_POINT('',(160.5808,406.4,100.2824));
#14817=CARTESIAN_POINT('Origin',(162.2018,406.4,100.2824));
#14818=CARTESIAN_POINT('',(160.5808,405.1808,100.2824));
#14819=CARTESIAN_POINT('',(160.5808,-36.4643045649087,100.2824));
#14820=CARTESIAN_POINT('Origin',(162.2018,405.1808,100.2824));
#14821=CARTESIAN_POINT('Origin',(411.5168,-36.4643045649088,34.5974));
#14822=CARTESIAN_POINT('',(409.8958,406.4,34.5974));
#14823=CARTESIAN_POINT('Origin',(411.5168,406.4,34.5974));
#14824=CARTESIAN_POINT('',(409.8958,405.1808,34.5974));
#14825=CARTESIAN_POINT('',(409.8958,-36.4643045649088,34.5974));
#14826=CARTESIAN_POINT('Origin',(411.5168,405.1808,34.5974));
#14827=CARTESIAN_POINT('Origin',(361.7668,406.4,55.0974));
#14828=CARTESIAN_POINT('',(359.9668,406.4,55.0974));
#14829=CARTESIAN_POINT('Origin',(361.7668,406.4,55.0974));
#14830=CARTESIAN_POINT('',(359.9668,405.1808,55.0974));
#14831=CARTESIAN_POINT('',(359.9668,406.4,55.0974));
#14832=CARTESIAN_POINT('Origin',(361.7668,405.1808,55.0974));
#14833=CARTESIAN_POINT('Origin',(396.5168,406.4,24.5974));
#14834=CARTESIAN_POINT('',(396.5168,405.1808,85.5974));
#14835=CARTESIAN_POINT('',(396.5168,405.1808,24.5974));
#14836=CARTESIAN_POINT('',(396.5168,405.1808,43.5466836687032));
#14837=CARTESIAN_POINT('',(396.5168,406.4,85.5974));
#14838=CARTESIAN_POINT('',(396.5168,406.4,85.5974));
#14839=CARTESIAN_POINT('',(396.5168,406.4,24.5974));
#14840=CARTESIAN_POINT('',(396.5168,406.4,43.5466836687032));
#14841=CARTESIAN_POINT('',(396.5168,406.4,24.5974));
#14842=CARTESIAN_POINT('Origin',(367.0168,406.4,24.5974));
#14843=CARTESIAN_POINT('',(367.0168,405.1808,24.5974));
#14844=CARTESIAN_POINT('',(290.505899999911,405.1808,24.5974));
#14845=CARTESIAN_POINT('',(367.0168,406.4,24.5974));
#14846=CARTESIAN_POINT('',(290.505899999911,406.4,24.5974));
#14847=CARTESIAN_POINT('',(367.0168,406.4,24.5974));
#14848=CARTESIAN_POINT('Origin',(367.0168,406.4,85.5974));
#14849=CARTESIAN_POINT('',(367.0168,405.1808,85.5974));
#14850=CARTESIAN_POINT('',(367.0168,405.1808,74.0466836687032));
#14851=CARTESIAN_POINT('',(367.0168,406.4,85.5974));
#14852=CARTESIAN_POINT('',(367.0168,406.4,74.0466836687032));
#14853=CARTESIAN_POINT('',(367.0168,406.4,85.5974));
#14854=CARTESIAN_POINT('Origin',(396.5168,406.4,85.5974));
#14855=CARTESIAN_POINT('',(305.255899999911,405.1808,85.5974));
#14856=CARTESIAN_POINT('',(305.255899999911,406.4,85.5974));
#14857=CARTESIAN_POINT('Origin',(401.7668,406.4,55.0974));
#14858=CARTESIAN_POINT('',(399.9668,406.4,55.0974));
#14859=CARTESIAN_POINT('Origin',(401.7668,406.4,55.0974));
#14860=CARTESIAN_POINT('',(399.9668,405.1808,55.0974));
#14861=CARTESIAN_POINT('',(399.9668,406.4,55.0974));
#14862=CARTESIAN_POINT('Origin',(401.7668,405.1808,55.0974));
#14863=CARTESIAN_POINT('Origin',(126.5168,406.4,64.5974));
#14864=CARTESIAN_POINT('',(96.5168000000001,406.4,64.5974));
#14865=CARTESIAN_POINT('Origin',(126.5168,406.4,64.5974));
#14866=CARTESIAN_POINT('',(96.5168000000001,405.1808,64.5974));
#14867=CARTESIAN_POINT('',(96.5168000000001,406.4,64.5974));
#14868=CARTESIAN_POINT('Origin',(126.5168,405.1808,64.5974));
#14869=CARTESIAN_POINT('Origin',(276.5168,406.4,64.5974));
#14870=CARTESIAN_POINT('',(246.5168,406.4,64.5974));
#14871=CARTESIAN_POINT('Origin',(276.5168,406.4,64.5974));
#14872=CARTESIAN_POINT('',(246.5168,405.1808,64.5974));
#14873=CARTESIAN_POINT('',(246.5168,406.4,64.5974));
#14874=CARTESIAN_POINT('Origin',(276.5168,405.1808,64.5974));
#14875=CARTESIAN_POINT('Origin',(7.5946,404.622837994139,3.25036200585613));
#14876=CARTESIAN_POINT('',(7.5946,403.2758,2.6924));
#14877=CARTESIAN_POINT('',(7.5946,405.1808,4.5974));
#14878=CARTESIAN_POINT('Origin',(7.5946,403.275798552308,4.5974014476923));
#14879=CARTESIAN_POINT('',(7.5946,406.4,4.5974));
#14880=CARTESIAN_POINT('',(7.5946,406.4,4.5974));
#14881=CARTESIAN_POINT('',(7.5946,403.2758,1.4732));
#14882=CARTESIAN_POINT('Origin',(7.59459999999997,403.2758,4.59740000000001));
#14883=CARTESIAN_POINT('',(7.5946,403.2758,2.6924));
#14884=CARTESIAN_POINT('Origin',(7.5946,406.4,4.9022));
#14885=CARTESIAN_POINT('',(7.5946,406.4,4.9022));
#14886=CARTESIAN_POINT('',(7.5946,405.1808,4.9022));
#14887=CARTESIAN_POINT('',(7.5946,406.4,4.9022));
#14888=CARTESIAN_POINT('',(7.5946,406.4,4.9022));
#14889=CARTESIAN_POINT('',(7.5946,405.1808,4.9022));
#14890=CARTESIAN_POINT('Origin',(420.3954,406.4,4.9022));
#14891=CARTESIAN_POINT('',(420.3954,406.4,4.9022));
#14892=CARTESIAN_POINT('',(420.3954,405.1808,4.9022));
#14893=CARTESIAN_POINT('',(420.3954,406.4,4.9022));
#14894=CARTESIAN_POINT('',(420.7002,406.4,4.9022));
#14895=CARTESIAN_POINT('',(420.3954,406.4,4.9022));
#14896=CARTESIAN_POINT('',(420.7002,405.1808,4.9022));
#14897=CARTESIAN_POINT('',(420.7002,406.4,4.9022));
#14898=CARTESIAN_POINT('',(420.3954,405.1808,4.9022));
#14899=CARTESIAN_POINT('Origin',(213.994999999822,406.4,62.4959673374064));
#14900=CARTESIAN_POINT('',(3.3782,406.4,1.4732));
#14901=CARTESIAN_POINT('',(6.0198,406.4,1.4732));
#14902=CARTESIAN_POINT('',(3.3782,406.4,1.4732));
#14903=CARTESIAN_POINT('',(1.4732,406.4,3.3782));
#14904=CARTESIAN_POINT('Origin',(3.3781999990348,406.4,3.3781999990348));
#14905=CARTESIAN_POINT('',(1.4732,406.4,121.6406));
#14906=CARTESIAN_POINT('',(1.4732,406.4,121.6406));
#14907=CARTESIAN_POINT('',(426.5168,406.4,121.6406));
#14908=CARTESIAN_POINT('',(426.5168,406.4,121.6406));
#14909=CARTESIAN_POINT('',(426.5168,406.4,3.3782));
#14910=CARTESIAN_POINT('',(426.5168,406.4,3.3782));
#14911=CARTESIAN_POINT('',(424.6118,406.4,1.4732));
#14912=CARTESIAN_POINT('Origin',(424.611800000965,406.4,3.3781999990348));
#14913=CARTESIAN_POINT('',(421.9702,406.4,1.4732));
#14914=CARTESIAN_POINT('',(421.9702,406.4,1.4732));
#14915=CARTESIAN_POINT('',(420.7002,406.4,2.7432));
#14916=CARTESIAN_POINT('Origin',(421.9702,406.4,2.7432));
#14917=CARTESIAN_POINT('',(420.7002,406.4,4.9022));
#14918=CARTESIAN_POINT('',(420.3954,406.4,4.5974));
#14919=CARTESIAN_POINT('',(420.3954,406.4,4.5974));
#14920=CARTESIAN_POINT('',(7.5946,406.4,4.5974));
#14921=CARTESIAN_POINT('',(7.2898,406.4,4.9022));
#14922=CARTESIAN_POINT('',(7.2898,406.4,4.9022));
#14923=CARTESIAN_POINT('',(7.2898,406.4,2.7432));
#14924=CARTESIAN_POINT('',(7.2898,406.4,2.7432));
#14925=CARTESIAN_POINT('Origin',(6.0198,406.4,2.7432));
#14926=CARTESIAN_POINT('Origin',(421.9702,406.4,2.7432));
#14927=CARTESIAN_POINT('',(420.7002,405.1808,2.7432));
#14928=CARTESIAN_POINT('',(420.7002,406.4,2.7432));
#14929=CARTESIAN_POINT('',(421.9702,405.1808,1.4732));
#14930=CARTESIAN_POINT('',(421.9702,406.4,1.4732));
#14931=CARTESIAN_POINT('Origin',(421.9702,405.1808,2.7432));
#14932=CARTESIAN_POINT('Origin',(421.9702,406.4,1.4732));
#14933=CARTESIAN_POINT('',(424.6118,405.1808,1.4732));
#14934=CARTESIAN_POINT('',(424.6118,406.4,1.4732));
#14935=CARTESIAN_POINT('',(421.9702,405.1808,1.4732));
#14936=CARTESIAN_POINT('Origin',(1.4732,403.2758,121.6406));
#14937=CARTESIAN_POINT('',(426.5168,403.2758,124.7648));
#14938=CARTESIAN_POINT('Origin',(426.5168,403.2758,121.6406));
#14939=CARTESIAN_POINT('',(1.4732,403.2758,124.7648));
#14940=CARTESIAN_POINT('Origin',(1.4732,403.2758,121.6406));
#14941=CARTESIAN_POINT('',(1.4732,403.2758,124.7648));
#14942=CARTESIAN_POINT('Origin',(426.5168,404.622837994139,122.987637994144));
#14943=CARTESIAN_POINT('',(426.5168,403.2758,123.5456));
#14944=CARTESIAN_POINT('',(426.5168,405.1808,121.6406));
#14945=CARTESIAN_POINT('Origin',(426.5168,403.275798552308,121.640598552308));
#14946=CARTESIAN_POINT('',(426.5168,406.4,121.6406));
#14947=CARTESIAN_POINT('',(426.5168,403.2758,123.5456));
#14948=CARTESIAN_POINT('Origin',(1.4732,403.2758,121.6406));
#14949=CARTESIAN_POINT('',(1.4732,403.2758,123.5456));
#14950=CARTESIAN_POINT('',(1.4732,403.2758,123.5456));
#14951=CARTESIAN_POINT('',(1.4732,405.1808,121.6406));
#14952=CARTESIAN_POINT('Origin',(1.4732,403.275798552308,121.640598552308));
#14953=CARTESIAN_POINT('',(426.5168,405.1808,121.6406));
#14954=CARTESIAN_POINT('Origin',(213.995,396.9639,124.7648));
#14955=CARTESIAN_POINT('',(211.2899,396.9639,123.5456));
#14956=CARTESIAN_POINT('Origin',(213.995,396.9639,123.5456));
#14957=CARTESIAN_POINT('',(211.2899,396.9639,124.7648));
#14958=CARTESIAN_POINT('',(211.2899,396.9639,124.7648));
#14959=CARTESIAN_POINT('Origin',(213.995,396.9639,124.7648));
#14960=CARTESIAN_POINT('Origin',(213.994999999771,396.698056991352,123.5456));
#14961=CARTESIAN_POINT('',(426.5168,391.9982,123.5456));
#14962=CARTESIAN_POINT('',(426.5168,403.2758,123.5456));
#14963=CARTESIAN_POINT('',(424.6118,390.0932,123.5456));
#14964=CARTESIAN_POINT('Origin',(424.611800000965,391.998199999035,123.5456));
#14965=CARTESIAN_POINT('',(3.3782,390.0932,123.5456));
#14966=CARTESIAN_POINT('',(424.6118,390.0932,123.5456));
#14967=CARTESIAN_POINT('',(1.4732,391.9982,123.5456));
#14968=CARTESIAN_POINT('Origin',(3.3781999990348,391.998199999035,123.5456));
#14969=CARTESIAN_POINT('',(1.4732,391.9982,123.5456));
#14970=CARTESIAN_POINT('',(389.1407,396.9639,123.5456));
#14971=CARTESIAN_POINT('Origin',(391.8458,396.9639,123.5456));
#14972=CARTESIAN_POINT('',(33.4391,396.9639,123.5456));
#14973=CARTESIAN_POINT('Origin',(36.1442,396.9639,123.5456));
#14974=CARTESIAN_POINT('Origin',(1.4732,404.622837994139,122.987637994144));
#14975=CARTESIAN_POINT('',(1.4732,403.2758,124.7648));
#14976=CARTESIAN_POINT('',(1.4732,405.1808,121.6406));
#14977=CARTESIAN_POINT('Origin',(36.1442,396.9639,124.7648));
#14978=CARTESIAN_POINT('',(33.4391,396.9639,124.7648));
#14979=CARTESIAN_POINT('',(33.4391,396.9639,124.7648));
#14980=CARTESIAN_POINT('Origin',(36.1442,396.9639,124.7648));
#14981=CARTESIAN_POINT('Origin',(1.4732,406.4,121.6406));
#14982=CARTESIAN_POINT('',(1.4732,405.1808,3.3782));
#14983=CARTESIAN_POINT('',(1.4732,406.4,3.3782));
#14984=CARTESIAN_POINT('',(1.4732,405.1808,121.6406));
#14985=CARTESIAN_POINT('Origin',(3.3782,406.4,1.4732));
#14986=CARTESIAN_POINT('',(3.3782,405.1808,1.4732));
#14987=CARTESIAN_POINT('',(3.3782,406.4,1.4732));
#14988=CARTESIAN_POINT('',(6.0198,405.1808,1.4732));
#14989=CARTESIAN_POINT('',(6.0198,406.4,1.4732));
#14990=CARTESIAN_POINT('',(3.3782,405.1808,1.4732));
#14991=CARTESIAN_POINT('Origin',(391.8458,396.9639,124.7648));
#14992=CARTESIAN_POINT('',(389.1407,396.9639,124.7648));
#14993=CARTESIAN_POINT('',(389.1407,396.9639,124.7648));
#14994=CARTESIAN_POINT('Origin',(391.8458,396.9639,124.7648));
#14995=CARTESIAN_POINT('Origin',(1.4732,391.9982,124.7648));
#14996=CARTESIAN_POINT('',(1.4732,391.9982,124.7648));
#14997=CARTESIAN_POINT('',(1.4732,391.9982,124.7648));
#14998=CARTESIAN_POINT('',(1.4732,391.9982,124.7648));
#14999=CARTESIAN_POINT('Origin',(6.0198,406.4,2.7432));
#15000=CARTESIAN_POINT('',(7.2898,405.1808,2.7432));
#15001=CARTESIAN_POINT('',(7.2898,406.4,2.7432));
#15002=CARTESIAN_POINT('Origin',(6.0198,405.1808,2.7432));
#15003=CARTESIAN_POINT('Origin',(424.611800000965,391.998199999035,124.7648));
#15004=CARTESIAN_POINT('',(426.5168,391.9982,124.7648));
#15005=CARTESIAN_POINT('',(426.5168,391.9982,124.7648));
#15006=CARTESIAN_POINT('',(424.6118,390.0932,124.7648));
#15007=CARTESIAN_POINT('Origin',(424.611800000965,391.998199999035,124.7648));
#15008=CARTESIAN_POINT('',(424.6118,390.0932,124.7648));
#15009=CARTESIAN_POINT('Origin',(7.5946,403.2758,1.4732));
#15010=CARTESIAN_POINT('',(7.5946,391.9982,1.4732));
#15011=CARTESIAN_POINT('',(7.5946,403.2758,1.4732));
#15012=CARTESIAN_POINT('',(7.5946,391.9982,2.6924));
#15013=CARTESIAN_POINT('',(7.5946,391.9982,1.4732));
#15014=CARTESIAN_POINT('',(7.5946,403.2758,2.6924));
#15015=CARTESIAN_POINT('Origin',(418.490399999771,391.998200000229,1.4732));
#15016=CARTESIAN_POINT('',(418.4904,390.0932,1.4732));
#15017=CARTESIAN_POINT('',(418.4904,390.0932,2.6924));
#15018=CARTESIAN_POINT('',(418.4904,390.0932,1.4732));
#15019=CARTESIAN_POINT('',(420.3954,391.9982,1.4732));
#15020=CARTESIAN_POINT('Origin',(418.490399999771,391.998200000229,1.4732));
#15021=CARTESIAN_POINT('',(420.3954,391.9982,2.6924));
#15022=CARTESIAN_POINT('',(420.3954,391.9982,1.4732));
#15023=CARTESIAN_POINT('Origin',(418.490399999771,391.998200000229,2.6924));
#15024=CARTESIAN_POINT('Origin',(213.995000000127,396.698447401036,2.6924));
#15025=CARTESIAN_POINT('',(420.3954,403.2758,2.6924));
#15026=CARTESIAN_POINT('',(420.3954,403.2758,2.6924));
#15027=CARTESIAN_POINT('',(9.4996,390.0932,2.6924));
#15028=CARTESIAN_POINT('Origin',(9.4995999990348,391.998199999035,2.6924));
#15029=CARTESIAN_POINT('',(9.4996,390.0932,2.6924));
#15030=CARTESIAN_POINT('',(420.3954,391.9982,2.6924));
#15031=CARTESIAN_POINT('',(394.3223,397.5989,2.6924));
#15032=CARTESIAN_POINT('Origin',(391.8458,397.5989,2.6924));
#15033=CARTESIAN_POINT('',(38.6207,397.5989,2.6924));
#15034=CARTESIAN_POINT('Origin',(36.1442,397.5989,2.6924));
#15035=CARTESIAN_POINT('',(216.4715,397.5989,2.6924));
#15036=CARTESIAN_POINT('Origin',(213.995,397.5989,2.6924));
#15037=CARTESIAN_POINT('Origin',(36.1442,397.5989,1.4732));
#15038=CARTESIAN_POINT('',(38.6207,397.5989,1.4732));
#15039=CARTESIAN_POINT('',(38.6207,397.5989,1.4732));
#15040=CARTESIAN_POINT('Origin',(36.1442,397.5989,1.4732));
#15041=CARTESIAN_POINT('Origin',(391.8458,397.5989,1.4732));
#15042=CARTESIAN_POINT('',(394.3223,397.5989,1.4732));
#15043=CARTESIAN_POINT('',(394.3223,397.5989,1.4732));
#15044=CARTESIAN_POINT('Origin',(391.8458,397.5989,1.4732));
#15045=CARTESIAN_POINT('Origin',(426.5168,403.2758,124.7648));
#15046=CARTESIAN_POINT('',(426.5168,403.2758,124.7648));
#15047=CARTESIAN_POINT('Origin',(9.4996,390.0932,1.4732));
#15048=CARTESIAN_POINT('',(9.4996,390.0932,1.4732));
#15049=CARTESIAN_POINT('',(9.4996,390.0932,1.4732));
#15050=CARTESIAN_POINT('',(9.4996,390.0932,1.4732));
#15051=CARTESIAN_POINT('Origin',(7.2898,406.4,2.7432));
#15052=CARTESIAN_POINT('',(7.2898,405.1808,4.9022));
#15053=CARTESIAN_POINT('',(7.2898,406.4,4.9022));
#15054=CARTESIAN_POINT('',(7.2898,405.1808,2.7432));
#15055=CARTESIAN_POINT('Origin',(424.6118,390.0932,124.7648));
#15056=CARTESIAN_POINT('',(3.3782,390.0932,124.7648));
#15057=CARTESIAN_POINT('',(424.6118,390.0932,124.7648));
#15058=CARTESIAN_POINT('',(3.3782,390.0932,124.7648));
#15059=CARTESIAN_POINT('Origin',(420.3954,403.2758,4.5974));
#15060=CARTESIAN_POINT('',(420.3954,405.1808,4.5974));
#15061=CARTESIAN_POINT('Origin',(420.3954,403.275798552308,4.5974014476923));
#15062=CARTESIAN_POINT('',(7.5946,405.1808,4.5974));
#15063=CARTESIAN_POINT('Origin',(420.3954,404.622837994139,3.25036200585613));
#15064=CARTESIAN_POINT('',(420.3954,403.2758,1.4732));
#15065=CARTESIAN_POINT('',(420.3954,403.2758,1.4732));
#15066=CARTESIAN_POINT('Origin',(420.3954,403.2758,4.59740000000005));
#15067=CARTESIAN_POINT('',(420.3954,405.1808,4.5974));
#15068=CARTESIAN_POINT('Origin',(3.3781999990348,391.998199999035,124.7648));
#15069=CARTESIAN_POINT('Origin',(3.3781999990348,391.998199999035,124.7648));
#15070=CARTESIAN_POINT('Origin',(7.2898,406.4,4.9022));
#15071=CARTESIAN_POINT('',(7.2898,405.1808,4.9022));
#15072=CARTESIAN_POINT('Origin',(213.995,397.5989,1.4732));
#15073=CARTESIAN_POINT('',(216.4715,397.5989,1.4732));
#15074=CARTESIAN_POINT('',(216.4715,397.5989,1.4732));
#15075=CARTESIAN_POINT('Origin',(213.995,397.5989,1.4732));
#15076=CARTESIAN_POINT('Origin',(213.995000000127,396.698447401036,1.4732));
#15077=CARTESIAN_POINT('',(420.3954,403.2758,1.4732));
#15078=CARTESIAN_POINT('',(420.3954,391.9982,1.4732));
#15079=CARTESIAN_POINT('Origin',(9.4995999990348,391.998199999035,1.4732));
#15080=CARTESIAN_POINT('Origin',(420.7002,406.4,4.9022));
#15081=CARTESIAN_POINT('',(420.7002,405.1808,4.9022));
#15082=CARTESIAN_POINT('Origin',(3.3781999990348,406.4,3.3781999990348));
#15083=CARTESIAN_POINT('Origin',(3.3781999990348,405.1808,3.3781999990348));
#15084=CARTESIAN_POINT('Origin',(213.994999999771,396.698056991352,124.7648));
#15085=CARTESIAN_POINT('Origin',(420.3954,406.4,4.5974));
#15086=CARTESIAN_POINT('',(420.3954,405.1808,4.5974));
#15087=CARTESIAN_POINT('Origin',(420.3954,391.9982,1.4732));
#15088=CARTESIAN_POINT('Origin',(420.3954,403.2758,4.5974));
#15089=CARTESIAN_POINT('Origin',(426.5168,406.4,3.3782));
#15090=CARTESIAN_POINT('',(426.5168,405.1808,3.3782));
#15091=CARTESIAN_POINT('',(426.5168,406.4,3.3782));
#15092=CARTESIAN_POINT('',(426.5168,405.1808,3.3782));
#15093=CARTESIAN_POINT('Origin',(213.994999999822,405.1808,62.4959673374064));
#15094=CARTESIAN_POINT('Origin',(424.611800000965,405.1808,3.3781999990348));
#15095=CARTESIAN_POINT('Origin',(424.611800000965,406.4,3.3781999990348));
#15096=CARTESIAN_POINT('Origin',(9.4995999990348,391.998199999035,1.4732));
#15097=CARTESIAN_POINT('',(0.,0.,0.));
#15098=CARTESIAN_POINT('Origin',(303.864216152036,81.24942572428,0.));
#15099=CARTESIAN_POINT('',(310.263786450111,81.24942572428,1.905));
#15100=CARTESIAN_POINT('',(303.864216152036,81.24942572428,1.905));
#15101=CARTESIAN_POINT('',(272.074108075459,81.2494257242801,1.905));
#15102=CARTESIAN_POINT('',(310.263786450111,81.24942572428,0.));
#15103=CARTESIAN_POINT('',(310.263786450111,81.24942572428,0.));
#15104=CARTESIAN_POINT('',(303.864216152036,81.24942572428,0.));
#15105=CARTESIAN_POINT('',(272.074108075459,81.2494257242801,0.));
#15106=CARTESIAN_POINT('',(303.864216152036,81.24942572428,0.));
#15107=CARTESIAN_POINT('Origin',(307.064001301073,86.80942572428,0.));
#15108=CARTESIAN_POINT('Origin',(307.064001301073,86.80942572428,1.905));
#15109=CARTESIAN_POINT('Origin',(307.064001301073,86.80942572428,0.));
#15110=CARTESIAN_POINT('Origin',(411.984000150254,89.8737167457067,0.));
#15111=CARTESIAN_POINT('',(419.484000150254,89.8737164178711,0.));
#15112=CARTESIAN_POINT('Origin',(411.984000150254,89.8737167457067,0.));
#15113=CARTESIAN_POINT('',(419.484000150254,89.8737164178711,1.905));
#15114=CARTESIAN_POINT('',(419.484000150254,89.8737164178711,0.));
#15115=CARTESIAN_POINT('Origin',(411.984000150254,89.8737167457067,1.905));
#15116=CARTESIAN_POINT('Origin',(331.903998338317,102.80888572428,0.));
#15117=CARTESIAN_POINT('',(335.10378373039,108.368885584413,1.905));
#15118=CARTESIAN_POINT('',(328.704213432315,108.368885864147,1.905));
#15119=CARTESIAN_POINT('Origin',(331.903998338317,102.80888572428,1.905));
#15120=CARTESIAN_POINT('',(335.10378373039,108.368885584413,0.));
#15121=CARTESIAN_POINT('',(335.10378373039,108.368885584413,0.));
#15122=CARTESIAN_POINT('',(328.704213432315,108.368885864147,0.));
#15123=CARTESIAN_POINT('Origin',(331.903998338317,102.80888572428,0.));
#15124=CARTESIAN_POINT('',(328.704213432315,108.368885864147,0.));
#15125=CARTESIAN_POINT('Origin',(335.10378373039,108.368885584413,0.));
#15126=CARTESIAN_POINT('',(287.693892784213,108.368887656766,1.905));
#15127=CARTESIAN_POINT('',(287.693892784213,108.368887656766,0.));
#15128=CARTESIAN_POINT('Origin',(381.984000150254,39.8737167457067,0.));
#15129=CARTESIAN_POINT('',(389.484000150254,39.8737164178711,0.));
#15130=CARTESIAN_POINT('Origin',(381.984000150254,39.8737167457067,0.));
#15131=CARTESIAN_POINT('',(389.484000150254,39.8737164178711,1.905));
#15132=CARTESIAN_POINT('',(389.484000150254,39.8737164178711,0.));
#15133=CARTESIAN_POINT('Origin',(381.984000150254,39.8737167457067,1.905));
#15134=CARTESIAN_POINT('Origin',(331.903997638958,36.80942572428,0.));
#15135=CARTESIAN_POINT('',(328.704212489921,31.24942572428,1.905));
#15136=CARTESIAN_POINT('',(335.103782787996,31.24942572428,1.905));
#15137=CARTESIAN_POINT('Origin',(331.903997638958,36.80942572428,1.905));
#15138=CARTESIAN_POINT('',(328.704212489921,31.24942572428,0.));
#15139=CARTESIAN_POINT('',(328.704212489921,31.24942572428,0.));
#15140=CARTESIAN_POINT('',(335.103782787996,31.24942572428,0.));
#15141=CARTESIAN_POINT('Origin',(331.903997638958,36.80942572428,0.));
#15142=CARTESIAN_POINT('',(335.103782787996,31.24942572428,0.));
#15143=CARTESIAN_POINT('Origin',(328.704212489921,31.24942572428,0.));
#15144=CARTESIAN_POINT('',(284.494106244402,31.2494257242801,1.905));
#15145=CARTESIAN_POINT('',(284.494106244402,31.2494257242801,0.));
#15146=CARTESIAN_POINT('Origin',(261.984000150254,89.8737167457067,0.));
#15147=CARTESIAN_POINT('',(269.484000150254,89.8737164178711,0.));
#15148=CARTESIAN_POINT('Origin',(261.984000150254,89.8737167457067,0.));
#15149=CARTESIAN_POINT('',(269.484000150254,89.8737164178711,1.905));
#15150=CARTESIAN_POINT('',(269.484000150254,89.8737164178711,0.));
#15151=CARTESIAN_POINT('Origin',(261.984000150254,89.8737167457067,1.905));
#15152=CARTESIAN_POINT('Origin',(181.903998338317,102.80888572428,0.));
#15153=CARTESIAN_POINT('',(185.10378373039,108.368885584413,1.905));
#15154=CARTESIAN_POINT('',(178.704213432315,108.368885864147,1.905));
#15155=CARTESIAN_POINT('Origin',(181.903998338317,102.80888572428,1.905));
#15156=CARTESIAN_POINT('',(185.10378373039,108.368885584413,0.));
#15157=CARTESIAN_POINT('',(185.10378373039,108.368885584413,0.));
#15158=CARTESIAN_POINT('',(178.704213432315,108.368885864147,0.));
#15159=CARTESIAN_POINT('Origin',(181.903998338317,102.80888572428,0.));
#15160=CARTESIAN_POINT('',(178.704213432315,108.368885864147,0.));
#15161=CARTESIAN_POINT('Origin',(185.10378373039,108.368885584413,0.));
#15162=CARTESIAN_POINT('',(212.693892784212,108.36888437841,1.905));
#15163=CARTESIAN_POINT('',(212.693892784212,108.36888437841,0.));
#15164=CARTESIAN_POINT('Origin',(261.984000150254,39.8737167457067,0.));
#15165=CARTESIAN_POINT('',(269.484000150254,39.8737164178711,0.));
#15166=CARTESIAN_POINT('Origin',(261.984000150254,39.8737167457067,0.));
#15167=CARTESIAN_POINT('',(269.484000150254,39.8737164178711,1.905));
#15168=CARTESIAN_POINT('',(269.484000150254,39.8737164178711,0.));
#15169=CARTESIAN_POINT('Origin',(261.984000150254,39.8737167457067,1.905));
#15170=CARTESIAN_POINT('Origin',(181.903997638958,36.80942572428,0.));
#15171=CARTESIAN_POINT('',(178.704212489921,31.24942572428,1.905));
#15172=CARTESIAN_POINT('',(185.103782787996,31.24942572428,1.905));
#15173=CARTESIAN_POINT('Origin',(181.903997638958,36.80942572428,1.905));
#15174=CARTESIAN_POINT('',(178.704212489921,31.24942572428,0.));
#15175=CARTESIAN_POINT('',(178.704212489921,31.24942572428,0.));
#15176=CARTESIAN_POINT('',(185.103782787996,31.24942572428,0.));
#15177=CARTESIAN_POINT('Origin',(181.903997638958,36.80942572428,0.));
#15178=CARTESIAN_POINT('',(185.103782787996,31.24942572428,0.));
#15179=CARTESIAN_POINT('Origin',(178.704212489921,31.24942572428,0.));
#15180=CARTESIAN_POINT('',(209.494106244402,31.2494257242799,1.905));
#15181=CARTESIAN_POINT('',(209.494106244402,31.2494257242799,0.));
#15182=CARTESIAN_POINT('Origin',(128.984,65.,0.));
#15183=CARTESIAN_POINT('',(131.746188003096,68.1172972966258,1.905));
#15184=CARTESIAN_POINT('',(131.610187013828,61.7672972966258,1.905));
#15185=CARTESIAN_POINT('Origin',(128.984,65.,1.905));
#15186=CARTESIAN_POINT('',(131.746188003096,68.1172972966258,0.));
#15187=CARTESIAN_POINT('',(131.746188003096,68.1172972966258,0.));
#15188=CARTESIAN_POINT('',(131.610187013828,61.7672972966258,0.));
#15189=CARTESIAN_POINT('Origin',(128.984,65.,0.));
#15190=CARTESIAN_POINT('',(131.610187013828,61.7672972966258,0.));
#15191=CARTESIAN_POINT('Origin',(126.357812986172,61.7672972966258,0.));
#15192=CARTESIAN_POINT('',(126.357812986172,61.7672972966258,1.905));
#15193=CARTESIAN_POINT('',(183.320906492527,61.7672972966258,1.905));
#15194=CARTESIAN_POINT('',(126.357812986172,61.7672972966258,0.));
#15195=CARTESIAN_POINT('',(183.320906492527,61.7672972966258,0.));
#15196=CARTESIAN_POINT('',(126.357812986172,61.7672972966258,0.));
#15197=CARTESIAN_POINT('Origin',(128.984,65.,0.));
#15198=CARTESIAN_POINT('',(126.221811996904,68.1172972966258,1.905));
#15199=CARTESIAN_POINT('Origin',(128.984,65.,1.905));
#15200=CARTESIAN_POINT('',(126.221811996904,68.1172972966258,0.));
#15201=CARTESIAN_POINT('Origin',(128.984,65.,0.));
#15202=CARTESIAN_POINT('',(126.221811996904,68.1172972966258,0.));
#15203=CARTESIAN_POINT('Origin',(131.746188003096,68.1172972966258,0.));
#15204=CARTESIAN_POINT('',(186.015094000989,68.1172972966265,1.905));
#15205=CARTESIAN_POINT('',(186.015094000989,68.1172972966265,0.));
#15206=CARTESIAN_POINT('Origin',(181.903998338317,52.80888572428,0.));
#15207=CARTESIAN_POINT('',(185.10378373039,58.3688855844129,1.905));
#15208=CARTESIAN_POINT('',(178.704213432315,58.3688858641471,1.905));
#15209=CARTESIAN_POINT('Origin',(181.903998338317,52.80888572428,1.905));
#15210=CARTESIAN_POINT('',(185.10378373039,58.3688855844129,0.));
#15211=CARTESIAN_POINT('',(185.10378373039,58.3688855844129,0.));
#15212=CARTESIAN_POINT('',(178.704213432315,58.3688858641471,0.));
#15213=CARTESIAN_POINT('Origin',(181.903998338317,52.80888572428,0.));
#15214=CARTESIAN_POINT('',(178.704213432315,58.3688858641471,0.));
#15215=CARTESIAN_POINT('Origin',(185.10378373039,58.3688855844129,0.));
#15216=CARTESIAN_POINT('',(212.693891691427,58.3688843784104,1.905));
#15217=CARTESIAN_POINT('',(212.693891691427,58.3688843784104,0.));
#15218=CARTESIAN_POINT('Origin',(160.26378714947,58.36888572428,0.));
#15219=CARTESIAN_POINT('',(153.864216851395,58.36888572428,1.905));
#15220=CARTESIAN_POINT('',(160.26378714947,58.36888572428,1.905));
#15221=CARTESIAN_POINT('',(200.273893574176,58.36888572428,1.905));
#15222=CARTESIAN_POINT('',(153.864216851395,58.36888572428,0.));
#15223=CARTESIAN_POINT('',(153.864216851395,58.36888572428,0.));
#15224=CARTESIAN_POINT('',(160.26378714947,58.36888572428,0.));
#15225=CARTESIAN_POINT('',(200.273893574176,58.36888572428,0.));
#15226=CARTESIAN_POINT('',(160.26378714947,58.36888572428,0.));
#15227=CARTESIAN_POINT('Origin',(157.064002000432,52.80888572428,0.));
#15228=CARTESIAN_POINT('Origin',(157.064002000432,52.80888572428,1.905));
#15229=CARTESIAN_POINT('Origin',(157.064002000432,52.80888572428,0.));
#15230=CARTESIAN_POINT('Origin',(131.746188003096,93.1172972966258,0.));
#15231=CARTESIAN_POINT('',(126.221811996904,93.1172972966258,1.905));
#15232=CARTESIAN_POINT('',(131.746188003096,93.1172972966258,1.905));
#15233=CARTESIAN_POINT('',(186.015094000989,93.1172972966265,1.905));
#15234=CARTESIAN_POINT('',(126.221811996904,93.1172972966258,0.));
#15235=CARTESIAN_POINT('',(126.221811996904,93.1172972966258,0.));
#15236=CARTESIAN_POINT('',(131.746188003096,93.1172972966258,0.));
#15237=CARTESIAN_POINT('',(186.015094000989,93.1172972966265,0.));
#15238=CARTESIAN_POINT('',(131.746188003096,93.1172972966258,0.));
#15239=CARTESIAN_POINT('Origin',(128.984,90.,0.));
#15240=CARTESIAN_POINT('',(126.357812986172,86.7672972966258,1.905));
#15241=CARTESIAN_POINT('Origin',(128.984,90.,1.905));
#15242=CARTESIAN_POINT('',(126.357812986172,86.7672972966258,0.));
#15243=CARTESIAN_POINT('',(126.357812986172,86.7672972966258,0.));
#15244=CARTESIAN_POINT('Origin',(128.984,90.,0.));
#15245=CARTESIAN_POINT('Origin',(126.357812986172,86.7672972966258,0.));
#15246=CARTESIAN_POINT('',(131.610187013828,86.7672972966258,1.905));
#15247=CARTESIAN_POINT('',(183.320906492527,86.7672972966258,1.905));
#15248=CARTESIAN_POINT('',(131.610187013828,86.7672972966258,0.));
#15249=CARTESIAN_POINT('',(131.610187013828,86.7672972966258,0.));
#15250=CARTESIAN_POINT('',(183.320906492527,86.7672972966258,0.));
#15251=CARTESIAN_POINT('Origin',(128.984,90.,0.));
#15252=CARTESIAN_POINT('Origin',(128.984,90.,1.905));
#15253=CARTESIAN_POINT('Origin',(128.984,90.,0.));
#15254=CARTESIAN_POINT('Origin',(128.984,40.,0.));
#15255=CARTESIAN_POINT('',(131.746188003096,43.1172972966258,1.905));
#15256=CARTESIAN_POINT('',(131.610187013828,36.7672972966258,1.905));
#15257=CARTESIAN_POINT('Origin',(128.984,40.,1.905));
#15258=CARTESIAN_POINT('',(131.746188003096,43.1172972966258,0.));
#15259=CARTESIAN_POINT('',(131.746188003096,43.1172972966258,0.));
#15260=CARTESIAN_POINT('',(131.610187013828,36.7672972966258,0.));
#15261=CARTESIAN_POINT('Origin',(128.984,40.,0.));
#15262=CARTESIAN_POINT('',(131.610187013828,36.7672972966258,0.));
#15263=CARTESIAN_POINT('Origin',(126.357812986172,36.7672972966258,0.));
#15264=CARTESIAN_POINT('',(126.357812986172,36.7672972966258,1.905));
#15265=CARTESIAN_POINT('',(183.320906492527,36.7672972966258,1.905));
#15266=CARTESIAN_POINT('',(126.357812986172,36.7672972966258,0.));
#15267=CARTESIAN_POINT('',(183.320906492527,36.7672972966258,0.));
#15268=CARTESIAN_POINT('',(126.357812986172,36.7672972966258,0.));
#15269=CARTESIAN_POINT('Origin',(128.984,40.,0.));
#15270=CARTESIAN_POINT('',(126.221811996904,43.1172972966258,1.905));
#15271=CARTESIAN_POINT('Origin',(128.984,40.,1.905));
#15272=CARTESIAN_POINT('',(126.221811996904,43.1172972966258,0.));
#15273=CARTESIAN_POINT('Origin',(128.984,40.,0.));
#15274=CARTESIAN_POINT('',(126.221811996904,43.1172972966258,0.));
#15275=CARTESIAN_POINT('Origin',(131.746188003096,43.1172972966258,0.));
#15276=CARTESIAN_POINT('',(186.015094000989,43.1172972966265,1.905));
#15277=CARTESIAN_POINT('',(186.015094000989,43.1172972966265,0.));
#15278=CARTESIAN_POINT('Origin',(231.984000150254,39.8737167457067,0.));
#15279=CARTESIAN_POINT('',(239.484000150254,39.8737164178711,0.));
#15280=CARTESIAN_POINT('Origin',(231.984000150254,39.8737167457067,0.));
#15281=CARTESIAN_POINT('',(239.484000150254,39.8737164178711,1.905));
#15282=CARTESIAN_POINT('',(239.484000150254,39.8737164178711,0.));
#15283=CARTESIAN_POINT('Origin',(231.984000150254,39.8737167457067,1.905));
#15284=CARTESIAN_POINT('Origin',(210.103783487355,108.36888572428,0.));
#15285=CARTESIAN_POINT('',(203.70421318928,108.36888572428,1.905));
#15286=CARTESIAN_POINT('',(210.103783487355,108.36888572428,1.905));
#15287=CARTESIAN_POINT('',(225.193891743119,108.36888572428,1.905));
#15288=CARTESIAN_POINT('',(203.70421318928,108.36888572428,0.));
#15289=CARTESIAN_POINT('',(203.70421318928,108.36888572428,0.));
#15290=CARTESIAN_POINT('',(210.103783487355,108.36888572428,0.));
#15291=CARTESIAN_POINT('',(225.193891743119,108.36888572428,0.));
#15292=CARTESIAN_POINT('',(210.103783487355,108.36888572428,0.));
#15293=CARTESIAN_POINT('Origin',(206.903998338317,102.80888572428,0.));
#15294=CARTESIAN_POINT('Origin',(206.903998338317,102.80888572428,1.905));
#15295=CARTESIAN_POINT('Origin',(206.903998338317,102.80888572428,0.));
#15296=CARTESIAN_POINT('Origin',(231.984000150253,89.8737167457067,0.));
#15297=CARTESIAN_POINT('',(239.484000150253,89.8737164178711,0.));
#15298=CARTESIAN_POINT('Origin',(231.984000150253,89.8737167457067,0.));
#15299=CARTESIAN_POINT('',(239.484000150253,89.8737164178711,1.905));
#15300=CARTESIAN_POINT('',(239.484000150253,89.8737164178711,0.));
#15301=CARTESIAN_POINT('Origin',(231.984000150253,89.8737167457067,1.905));
#15302=CARTESIAN_POINT('Origin',(303.864216152036,31.24942572428,0.));
#15303=CARTESIAN_POINT('',(310.263786450111,31.24942572428,1.905));
#15304=CARTESIAN_POINT('',(303.864216152036,31.24942572428,1.905));
#15305=CARTESIAN_POINT('',(272.074108075459,31.2494257242801,1.905));
#15306=CARTESIAN_POINT('',(310.263786450111,31.24942572428,0.));
#15307=CARTESIAN_POINT('',(310.263786450111,31.24942572428,0.));
#15308=CARTESIAN_POINT('',(303.864216152036,31.24942572428,0.));
#15309=CARTESIAN_POINT('',(272.074108075459,31.2494257242801,0.));
#15310=CARTESIAN_POINT('',(303.864216152036,31.24942572428,0.));
#15311=CARTESIAN_POINT('Origin',(307.064001301073,36.80942572428,0.));
#15312=CARTESIAN_POINT('Origin',(307.064001301073,36.80942572428,1.905));
#15313=CARTESIAN_POINT('Origin',(307.064001301073,36.80942572428,0.));
#15314=CARTESIAN_POINT('Origin',(356.903997638958,36.80942572428,0.));
#15315=CARTESIAN_POINT('',(353.704212489921,31.24942572428,1.905));
#15316=CARTESIAN_POINT('',(360.103782787996,31.24942572428,1.905));
#15317=CARTESIAN_POINT('Origin',(356.903997638958,36.80942572428,1.905));
#15318=CARTESIAN_POINT('',(353.704212489921,31.24942572428,0.));
#15319=CARTESIAN_POINT('',(353.704212489921,31.24942572428,0.));
#15320=CARTESIAN_POINT('',(360.103782787996,31.24942572428,0.));
#15321=CARTESIAN_POINT('Origin',(356.903997638958,36.80942572428,0.));
#15322=CARTESIAN_POINT('',(360.103782787996,31.24942572428,0.));
#15323=CARTESIAN_POINT('Origin',(353.704212489921,31.24942572428,0.));
#15324=CARTESIAN_POINT('',(296.994106244402,31.2494257242803,1.905));
#15325=CARTESIAN_POINT('',(296.994106244402,31.2494257242803,0.));
#15326=CARTESIAN_POINT('Origin',(353.704212489921,81.24942572428,0.));
#15327=CARTESIAN_POINT('',(360.103782787996,81.24942572428,1.905));
#15328=CARTESIAN_POINT('',(353.704212489921,81.24942572428,1.905));
#15329=CARTESIAN_POINT('',(296.994106244402,81.2494257242803,1.905));
#15330=CARTESIAN_POINT('',(360.103782787996,81.24942572428,0.));
#15331=CARTESIAN_POINT('',(360.103782787996,81.24942572428,0.));
#15332=CARTESIAN_POINT('',(353.704212489921,81.24942572428,0.));
#15333=CARTESIAN_POINT('',(296.994106244402,81.2494257242803,0.));
#15334=CARTESIAN_POINT('',(353.704212489921,81.24942572428,0.));
#15335=CARTESIAN_POINT('Origin',(356.903997638958,86.80942572428,0.));
#15336=CARTESIAN_POINT('Origin',(356.903997638958,86.80942572428,1.905));
#15337=CARTESIAN_POINT('Origin',(356.903997638958,86.80942572428,0.));
#15338=CARTESIAN_POINT('Origin',(381.984000150254,89.8737167457067,0.));
#15339=CARTESIAN_POINT('',(389.484000150254,89.8737164178711,0.));
#15340=CARTESIAN_POINT('Origin',(381.984000150254,89.8737167457067,0.));
#15341=CARTESIAN_POINT('',(389.484000150254,89.8737164178711,1.905));
#15342=CARTESIAN_POINT('',(389.484000150254,89.8737164178711,0.));
#15343=CARTESIAN_POINT('Origin',(381.984000150254,89.8737167457067,1.905));
#15344=CARTESIAN_POINT('Origin',(328.704212489921,81.24942572428,0.));
#15345=CARTESIAN_POINT('',(335.103782787996,81.24942572428,1.905));
#15346=CARTESIAN_POINT('',(328.704212489921,81.24942572428,1.905));
#15347=CARTESIAN_POINT('',(284.494106244402,81.2494257242801,1.905));
#15348=CARTESIAN_POINT('',(335.103782787996,81.24942572428,0.));
#15349=CARTESIAN_POINT('',(335.103782787996,81.24942572428,0.));
#15350=CARTESIAN_POINT('',(328.704212489921,81.24942572428,0.));
#15351=CARTESIAN_POINT('',(284.494106244402,81.2494257242801,0.));
#15352=CARTESIAN_POINT('',(328.704212489921,81.24942572428,0.));
#15353=CARTESIAN_POINT('Origin',(331.903997638958,86.80942572428,0.));
#15354=CARTESIAN_POINT('Origin',(331.903997638958,86.80942572428,1.905));
#15355=CARTESIAN_POINT('Origin',(331.903997638958,86.80942572428,0.));
#15356=CARTESIAN_POINT('Origin',(356.903998338317,102.80888572428,0.));
#15357=CARTESIAN_POINT('',(360.103783487355,108.36888572428,1.905));
#15358=CARTESIAN_POINT('',(353.70421318928,108.36888572428,1.905));
#15359=CARTESIAN_POINT('Origin',(356.903998338317,102.80888572428,1.905));
#15360=CARTESIAN_POINT('',(360.103783487355,108.36888572428,0.));
#15361=CARTESIAN_POINT('',(360.103783487355,108.36888572428,0.));
#15362=CARTESIAN_POINT('',(353.70421318928,108.36888572428,0.));
#15363=CARTESIAN_POINT('Origin',(356.903998338317,102.80888572428,0.));
#15364=CARTESIAN_POINT('',(353.70421318928,108.36888572428,0.));
#15365=CARTESIAN_POINT('Origin',(360.103783487355,108.36888572428,0.));
#15366=CARTESIAN_POINT('',(300.193891743119,108.36888572428,1.905));
#15367=CARTESIAN_POINT('',(300.193891743119,108.36888572428,0.));
#15368=CARTESIAN_POINT('Origin',(335.10378373039,58.3688855844129,0.));
#15369=CARTESIAN_POINT('',(328.704213432315,58.3688858641471,1.905));
#15370=CARTESIAN_POINT('',(335.10378373039,58.3688855844129,1.905));
#15371=CARTESIAN_POINT('',(287.693891691427,58.3688876567661,1.905));
#15372=CARTESIAN_POINT('',(328.704213432315,58.3688858641471,0.));
#15373=CARTESIAN_POINT('',(328.704213432315,58.3688858641471,0.));
#15374=CARTESIAN_POINT('',(335.10378373039,58.3688855844129,0.));
#15375=CARTESIAN_POINT('',(287.693891691427,58.3688876567661,0.));
#15376=CARTESIAN_POINT('',(335.10378373039,58.3688855844129,0.));
#15377=CARTESIAN_POINT('Origin',(331.903998338317,52.80888572428,0.));
#15378=CARTESIAN_POINT('Origin',(331.903998338317,52.80888572428,1.905));
#15379=CARTESIAN_POINT('Origin',(331.903998338317,52.80888572428,0.));
#15380=CARTESIAN_POINT('Origin',(411.984000150254,39.8737167457067,0.));
#15381=CARTESIAN_POINT('',(419.484000150254,39.8737164178711,0.));
#15382=CARTESIAN_POINT('Origin',(411.984000150254,39.8737167457067,0.));
#15383=CARTESIAN_POINT('',(419.484000150254,39.8737164178711,1.905));
#15384=CARTESIAN_POINT('',(419.484000150254,39.8737164178711,0.));
#15385=CARTESIAN_POINT('Origin',(411.984000150254,39.8737167457067,1.905));
#15386=CARTESIAN_POINT('Origin',(178.704212489921,81.24942572428,0.));
#15387=CARTESIAN_POINT('',(185.103782787996,81.24942572428,1.905));
#15388=CARTESIAN_POINT('',(178.704212489921,81.24942572428,1.905));
#15389=CARTESIAN_POINT('',(209.494106244402,81.2494257242799,1.905));
#15390=CARTESIAN_POINT('',(185.103782787996,81.24942572428,0.));
#15391=CARTESIAN_POINT('',(185.103782787996,81.24942572428,0.));
#15392=CARTESIAN_POINT('',(178.704212489921,81.24942572428,0.));
#15393=CARTESIAN_POINT('',(209.494106244402,81.2494257242799,0.));
#15394=CARTESIAN_POINT('',(178.704212489921,81.24942572428,0.));
#15395=CARTESIAN_POINT('Origin',(181.903997638958,86.80942572428,0.));
#15396=CARTESIAN_POINT('Origin',(181.903997638958,86.80942572428,1.905));
#15397=CARTESIAN_POINT('Origin',(181.903997638958,86.80942572428,0.));
#15398=CARTESIAN_POINT('Origin',(157.064001301073,86.8094257242801,0.));
#15399=CARTESIAN_POINT('',(153.864216152036,81.24942572428,1.905));
#15400=CARTESIAN_POINT('',(160.263786450111,81.24942572428,1.905));
#15401=CARTESIAN_POINT('Origin',(157.064001301073,86.8094257242801,1.905));
#15402=CARTESIAN_POINT('',(153.864216152036,81.24942572428,0.));
#15403=CARTESIAN_POINT('',(153.864216152036,81.24942572428,0.));
#15404=CARTESIAN_POINT('',(160.263786450111,81.24942572428,0.));
#15405=CARTESIAN_POINT('Origin',(157.064001301073,86.8094257242801,0.));
#15406=CARTESIAN_POINT('',(160.263786450111,81.24942572428,0.));
#15407=CARTESIAN_POINT('Origin',(153.864216152036,81.24942572428,0.));
#15408=CARTESIAN_POINT('',(197.074108075459,81.2494257242799,1.905));
#15409=CARTESIAN_POINT('',(197.074108075459,81.2494257242799,0.));
#15410=CARTESIAN_POINT('Origin',(210.103783487355,58.36888572428,0.));
#15411=CARTESIAN_POINT('',(203.70421318928,58.36888572428,1.905));
#15412=CARTESIAN_POINT('',(210.103783487355,58.36888572428,1.905));
#15413=CARTESIAN_POINT('',(225.193891743119,58.36888572428,1.905));
#15414=CARTESIAN_POINT('',(203.70421318928,58.36888572428,0.));
#15415=CARTESIAN_POINT('',(203.70421318928,58.36888572428,0.));
#15416=CARTESIAN_POINT('',(210.103783487355,58.36888572428,0.));
#15417=CARTESIAN_POINT('',(225.193891743119,58.36888572428,0.));
#15418=CARTESIAN_POINT('',(210.103783487355,58.36888572428,0.));
#15419=CARTESIAN_POINT('Origin',(206.903998338317,52.80888572428,0.));
#15420=CARTESIAN_POINT('Origin',(206.903998338317,52.80888572428,1.905));
#15421=CARTESIAN_POINT('Origin',(206.903998338317,52.80888572428,0.));
#15422=CARTESIAN_POINT('Origin',(111.746188003096,68.1172972966258,0.));
#15423=CARTESIAN_POINT('',(106.221811996904,68.1172972966258,1.905));
#15424=CARTESIAN_POINT('',(111.746188003096,68.1172972966258,1.905));
#15425=CARTESIAN_POINT('',(176.015094000989,68.1172972966266,1.905));
#15426=CARTESIAN_POINT('',(106.221811996904,68.1172972966258,0.));
#15427=CARTESIAN_POINT('',(106.221811996904,68.1172972966258,0.));
#15428=CARTESIAN_POINT('',(111.746188003096,68.1172972966258,0.));
#15429=CARTESIAN_POINT('',(176.015094000989,68.1172972966266,0.));
#15430=CARTESIAN_POINT('',(111.746188003096,68.1172972966258,0.));
#15431=CARTESIAN_POINT('Origin',(108.984,65.,0.));
#15432=CARTESIAN_POINT('',(106.357812986172,61.7672972966258,1.905));
#15433=CARTESIAN_POINT('Origin',(108.984,65.,1.905));
#15434=CARTESIAN_POINT('',(106.357812986172,61.7672972966258,0.));
#15435=CARTESIAN_POINT('',(106.357812986172,61.7672972966258,0.));
#15436=CARTESIAN_POINT('Origin',(108.984,65.,0.));
#15437=CARTESIAN_POINT('Origin',(106.357812986172,61.7672972966258,0.));
#15438=CARTESIAN_POINT('',(111.610187013828,61.7672972966258,1.905));
#15439=CARTESIAN_POINT('',(173.320906492527,61.7672972966258,1.905));
#15440=CARTESIAN_POINT('',(111.610187013828,61.7672972966258,0.));
#15441=CARTESIAN_POINT('',(111.610187013828,61.7672972966258,0.));
#15442=CARTESIAN_POINT('',(173.320906492527,61.7672972966258,0.));
#15443=CARTESIAN_POINT('Origin',(108.984,65.,0.));
#15444=CARTESIAN_POINT('Origin',(108.984,65.,1.905));
#15445=CARTESIAN_POINT('Origin',(108.984,65.,0.));
#15446=CARTESIAN_POINT('Origin',(153.864216152036,31.24942572428,0.));
#15447=CARTESIAN_POINT('',(160.263786450111,31.24942572428,1.905));
#15448=CARTESIAN_POINT('',(153.864216152036,31.24942572428,1.905));
#15449=CARTESIAN_POINT('',(197.074108075459,31.2494257242799,1.905));
#15450=CARTESIAN_POINT('',(160.263786450111,31.24942572428,0.));
#15451=CARTESIAN_POINT('',(160.263786450111,31.24942572428,0.));
#15452=CARTESIAN_POINT('',(153.864216152036,31.24942572428,0.));
#15453=CARTESIAN_POINT('',(197.074108075459,31.2494257242799,0.));
#15454=CARTESIAN_POINT('',(153.864216152036,31.24942572428,0.));
#15455=CARTESIAN_POINT('Origin',(157.064001301073,36.80942572428,0.));
#15456=CARTESIAN_POINT('Origin',(157.064001301073,36.80942572428,1.905));
#15457=CARTESIAN_POINT('Origin',(157.064001301073,36.80942572428,0.));
#15458=CARTESIAN_POINT('Origin',(76.784,75.4,0.));
#15459=CARTESIAN_POINT('',(58.984,75.4,1.905));
#15460=CARTESIAN_POINT('',(76.784,75.4,1.905));
#15461=CARTESIAN_POINT('',(158.533999999441,75.4,1.905));
#15462=CARTESIAN_POINT('',(58.984,75.4,0.));
#15463=CARTESIAN_POINT('',(58.984,75.4,0.));
#15464=CARTESIAN_POINT('',(76.784,75.4,0.));
#15465=CARTESIAN_POINT('',(158.533999999441,75.4,0.));
#15466=CARTESIAN_POINT('',(76.784,75.4,0.));
#15467=CARTESIAN_POINT('Origin',(58.984,75.4,0.));
#15468=CARTESIAN_POINT('',(58.984,50.,1.905));
#15469=CARTESIAN_POINT('',(58.984,70.847,1.905));
#15470=CARTESIAN_POINT('',(58.984,50.,0.));
#15471=CARTESIAN_POINT('',(58.984,50.,0.));
#15472=CARTESIAN_POINT('',(58.984,70.847,0.));
#15473=CARTESIAN_POINT('Origin',(58.984,50.,0.));
#15474=CARTESIAN_POINT('',(76.784,50.,1.905));
#15475=CARTESIAN_POINT('',(149.633999999441,50.,1.905));
#15476=CARTESIAN_POINT('',(76.784,50.,0.));
#15477=CARTESIAN_POINT('',(76.784,50.,0.));
#15478=CARTESIAN_POINT('',(149.633999999441,50.,0.));
#15479=CARTESIAN_POINT('Origin',(76.784,50.,0.));
#15480=CARTESIAN_POINT('',(76.784,58.147,1.905));
#15481=CARTESIAN_POINT('',(76.784,58.147,0.));
#15482=CARTESIAN_POINT('Origin',(108.984,90.,0.));
#15483=CARTESIAN_POINT('',(111.746188003096,93.1172972966258,1.905));
#15484=CARTESIAN_POINT('',(111.610187013828,86.7672972966258,1.905));
#15485=CARTESIAN_POINT('Origin',(108.984,90.,1.905));
#15486=CARTESIAN_POINT('',(111.746188003096,93.1172972966258,0.));
#15487=CARTESIAN_POINT('',(111.746188003096,93.1172972966258,0.));
#15488=CARTESIAN_POINT('',(111.610187013828,86.7672972966258,0.));
#15489=CARTESIAN_POINT('Origin',(108.984,90.,0.));
#15490=CARTESIAN_POINT('',(111.610187013828,86.7672972966258,0.));
#15491=CARTESIAN_POINT('Origin',(106.357812986172,86.7672972966258,0.));
#15492=CARTESIAN_POINT('',(106.357812986172,86.7672972966258,1.905));
#15493=CARTESIAN_POINT('',(173.320906492527,86.7672972966258,1.905));
#15494=CARTESIAN_POINT('',(106.357812986172,86.7672972966258,0.));
#15495=CARTESIAN_POINT('',(173.320906492527,86.7672972966258,0.));
#15496=CARTESIAN_POINT('',(106.357812986172,86.7672972966258,0.));
#15497=CARTESIAN_POINT('Origin',(108.984,90.,0.));
#15498=CARTESIAN_POINT('',(106.221811996904,93.1172972966258,1.905));
#15499=CARTESIAN_POINT('Origin',(108.984,90.,1.905));
#15500=CARTESIAN_POINT('',(106.221811996904,93.1172972966258,0.));
#15501=CARTESIAN_POINT('Origin',(108.984,90.,0.));
#15502=CARTESIAN_POINT('',(106.221811996904,93.1172972966258,0.));
#15503=CARTESIAN_POINT('Origin',(111.746188003096,93.1172972966258,0.));
#15504=CARTESIAN_POINT('',(176.015094000989,93.1172972966266,1.905));
#15505=CARTESIAN_POINT('',(176.015094000989,93.1172972966266,0.));
#15506=CARTESIAN_POINT('Origin',(111.746188003096,43.1172972966258,0.));
#15507=CARTESIAN_POINT('',(106.221811996904,43.1172972966258,1.905));
#15508=CARTESIAN_POINT('',(111.746188003096,43.1172972966258,1.905));
#15509=CARTESIAN_POINT('',(176.015094000989,43.1172972966266,1.905));
#15510=CARTESIAN_POINT('',(106.221811996904,43.1172972966258,0.));
#15511=CARTESIAN_POINT('',(106.221811996904,43.1172972966258,0.));
#15512=CARTESIAN_POINT('',(111.746188003096,43.1172972966258,0.));
#15513=CARTESIAN_POINT('',(176.015094000989,43.1172972966266,0.));
#15514=CARTESIAN_POINT('',(111.746188003096,43.1172972966258,0.));
#15515=CARTESIAN_POINT('Origin',(108.984,40.,0.));
#15516=CARTESIAN_POINT('',(106.357812986172,36.7672972966258,1.905));
#15517=CARTESIAN_POINT('Origin',(108.984,40.,1.905));
#15518=CARTESIAN_POINT('',(106.357812986172,36.7672972966258,0.));
#15519=CARTESIAN_POINT('',(106.357812986172,36.7672972966258,0.));
#15520=CARTESIAN_POINT('Origin',(108.984,40.,0.));
#15521=CARTESIAN_POINT('Origin',(106.357812986172,36.7672972966258,0.));
#15522=CARTESIAN_POINT('',(111.610187013828,36.7672972966258,1.905));
#15523=CARTESIAN_POINT('',(173.320906492527,36.7672972966258,1.905));
#15524=CARTESIAN_POINT('',(111.610187013828,36.7672972966258,0.));
#15525=CARTESIAN_POINT('',(111.610187013828,36.7672972966258,0.));
#15526=CARTESIAN_POINT('',(173.320906492527,36.7672972966258,0.));
#15527=CARTESIAN_POINT('Origin',(108.984,40.,0.));
#15528=CARTESIAN_POINT('Origin',(108.984,40.,1.905));
#15529=CARTESIAN_POINT('Origin',(108.984,40.,0.));
#15530=CARTESIAN_POINT('Origin',(203.704212489921,31.24942572428,0.));
#15531=CARTESIAN_POINT('',(210.103782787996,31.24942572428,1.905));
#15532=CARTESIAN_POINT('',(203.704212489921,31.24942572428,1.905));
#15533=CARTESIAN_POINT('',(221.994106244402,31.2494257242799,1.905));
#15534=CARTESIAN_POINT('',(210.103782787996,31.24942572428,0.));
#15535=CARTESIAN_POINT('',(210.103782787996,31.24942572428,0.));
#15536=CARTESIAN_POINT('',(203.704212489921,31.24942572428,0.));
#15537=CARTESIAN_POINT('',(221.994106244402,31.2494257242799,0.));
#15538=CARTESIAN_POINT('',(203.704212489921,31.24942572428,0.));
#15539=CARTESIAN_POINT('Origin',(206.903997638958,36.80942572428,0.));
#15540=CARTESIAN_POINT('Origin',(206.903997638958,36.80942572428,1.905));
#15541=CARTESIAN_POINT('Origin',(206.903997638958,36.80942572428,0.));
#15542=CARTESIAN_POINT('Origin',(206.903997638958,86.80942572428,0.));
#15543=CARTESIAN_POINT('',(203.704212489921,81.24942572428,1.905));
#15544=CARTESIAN_POINT('',(210.103782787996,81.24942572428,1.905));
#15545=CARTESIAN_POINT('Origin',(206.903997638958,86.80942572428,1.905));
#15546=CARTESIAN_POINT('',(203.704212489921,81.24942572428,0.));
#15547=CARTESIAN_POINT('',(203.704212489921,81.24942572428,0.));
#15548=CARTESIAN_POINT('',(210.103782787996,81.24942572428,0.));
#15549=CARTESIAN_POINT('Origin',(206.903997638958,86.80942572428,0.));
#15550=CARTESIAN_POINT('',(210.103782787996,81.24942572428,0.));
#15551=CARTESIAN_POINT('Origin',(203.704212489921,81.24942572428,0.));
#15552=CARTESIAN_POINT('',(221.994106244402,81.24942572428,1.905));
#15553=CARTESIAN_POINT('',(221.994106244402,81.24942572428,0.));
#15554=CARTESIAN_POINT('Origin',(160.263787149469,108.36888572428,0.));
#15555=CARTESIAN_POINT('',(153.864216851395,108.36888572428,1.905));
#15556=CARTESIAN_POINT('',(160.263787149469,108.36888572428,1.905));
#15557=CARTESIAN_POINT('',(200.273893574176,108.36888572428,1.905));
#15558=CARTESIAN_POINT('',(153.864216851395,108.36888572428,0.));
#15559=CARTESIAN_POINT('',(153.864216851395,108.36888572428,0.));
#15560=CARTESIAN_POINT('',(160.263787149469,108.36888572428,0.));
#15561=CARTESIAN_POINT('',(200.273893574176,108.36888572428,0.));
#15562=CARTESIAN_POINT('',(160.263787149469,108.36888572428,0.));
#15563=CARTESIAN_POINT('Origin',(157.064002000432,102.80888572428,0.));
#15564=CARTESIAN_POINT('Origin',(157.064002000432,102.80888572428,1.905));
#15565=CARTESIAN_POINT('Origin',(157.064002000432,102.80888572428,0.));
#15566=CARTESIAN_POINT('Origin',(307.064002000432,52.80888572428,0.));
#15567=CARTESIAN_POINT('',(310.26378714947,58.36888572428,1.905));
#15568=CARTESIAN_POINT('',(303.864216851395,58.36888572428,1.905));
#15569=CARTESIAN_POINT('Origin',(307.064002000432,52.80888572428,1.905));
#15570=CARTESIAN_POINT('',(310.26378714947,58.36888572428,0.));
#15571=CARTESIAN_POINT('',(310.26378714947,58.36888572428,0.));
#15572=CARTESIAN_POINT('',(303.864216851395,58.36888572428,0.));
#15573=CARTESIAN_POINT('Origin',(307.064002000432,52.80888572428,0.));
#15574=CARTESIAN_POINT('',(303.864216851395,58.36888572428,0.));
#15575=CARTESIAN_POINT('Origin',(310.26378714947,58.36888572428,0.));
#15576=CARTESIAN_POINT('',(275.273893574176,58.36888572428,1.905));
#15577=CARTESIAN_POINT('',(275.273893574176,58.36888572428,0.));
#15578=CARTESIAN_POINT('Origin',(360.103783487355,58.36888572428,0.));
#15579=CARTESIAN_POINT('',(353.70421318928,58.36888572428,1.905));
#15580=CARTESIAN_POINT('',(360.103783487355,58.36888572428,1.905));
#15581=CARTESIAN_POINT('',(300.193891743118,58.3688857242801,1.905));
#15582=CARTESIAN_POINT('',(353.70421318928,58.36888572428,0.));
#15583=CARTESIAN_POINT('',(353.70421318928,58.36888572428,0.));
#15584=CARTESIAN_POINT('',(360.103783487355,58.36888572428,0.));
#15585=CARTESIAN_POINT('',(300.193891743118,58.3688857242801,0.));
#15586=CARTESIAN_POINT('',(360.103783487355,58.36888572428,0.));
#15587=CARTESIAN_POINT('Origin',(356.903998338317,52.80888572428,0.));
#15588=CARTESIAN_POINT('Origin',(356.903998338317,52.80888572428,1.905));
#15589=CARTESIAN_POINT('Origin',(356.903998338317,52.80888572428,0.));
#15590=CARTESIAN_POINT('Origin',(307.064002000432,102.80888572428,0.));
#15591=CARTESIAN_POINT('',(310.26378714947,108.36888572428,1.905));
#15592=CARTESIAN_POINT('',(303.864216851395,108.36888572428,1.905));
#15593=CARTESIAN_POINT('Origin',(307.064002000432,102.80888572428,1.905));
#15594=CARTESIAN_POINT('',(310.26378714947,108.36888572428,0.));
#15595=CARTESIAN_POINT('',(310.26378714947,108.36888572428,0.));
#15596=CARTESIAN_POINT('',(303.864216851395,108.36888572428,0.));
#15597=CARTESIAN_POINT('Origin',(307.064002000432,102.80888572428,0.));
#15598=CARTESIAN_POINT('',(303.864216851395,108.36888572428,0.));
#15599=CARTESIAN_POINT('Origin',(310.26378714947,108.36888572428,0.));
#15600=CARTESIAN_POINT('',(275.273893574176,108.36888572428,1.905));
#15601=CARTESIAN_POINT('',(275.273893574176,108.36888572428,0.));
#15602=CARTESIAN_POINT('Origin',(67.884,47.2,500.485730834556));
#15603=CARTESIAN_POINT('',(68.96223,47.2,0.));
#15604=CARTESIAN_POINT('Origin',(67.884,47.2,0.));
#15605=CARTESIAN_POINT('',(68.96223,47.2,1.905));
#15606=CARTESIAN_POINT('',(68.96223,47.2,500.485730834556));
#15607=CARTESIAN_POINT('Origin',(67.884,47.2,1.905));
#15608=CARTESIAN_POINT('Origin',(67.884,78.2,500.485730834556));
#15609=CARTESIAN_POINT('',(68.96223,78.2,0.));
#15610=CARTESIAN_POINT('Origin',(67.884,78.2,0.));
#15611=CARTESIAN_POINT('',(68.96223,78.2,1.905));
#15612=CARTESIAN_POINT('',(68.96223,78.2,500.485730834556));
#15613=CARTESIAN_POINT('Origin',(67.884,78.2,1.905));
#15614=CARTESIAN_POINT('Origin',(0.,0.,0.));
#15615=CARTESIAN_POINT('',(0.,-4.40619762898158E-16,0.));
#15616=CARTESIAN_POINT('',(0.,-4.40619762898158E-16,1.905));
#15617=CARTESIAN_POINT('',(0.,-4.40619762898158E-16,0.));
#15618=CARTESIAN_POINT('',(480.568,0.,0.));
#15619=CARTESIAN_POINT('',(0.,0.,0.));
#15620=CARTESIAN_POINT('',(480.568,0.,1.905));
#15621=CARTESIAN_POINT('',(480.568,0.,0.));
#15622=CARTESIAN_POINT('',(0.,0.,1.905));
#15623=CARTESIAN_POINT('Origin',(480.568000002921,1.01599999707798,0.));
#15624=CARTESIAN_POINT('',(481.584,1.016,0.));
#15625=CARTESIAN_POINT('Origin',(480.568000002921,1.01599999707798,0.));
#15626=CARTESIAN_POINT('',(481.584,1.016,1.905));
#15627=CARTESIAN_POINT('',(481.584,1.016,0.));
#15628=CARTESIAN_POINT('Origin',(480.568000002921,1.01599999707798,1.905));
#15629=CARTESIAN_POINT('Origin',(481.584,1.016,0.));
#15630=CARTESIAN_POINT('',(481.584,131.572,0.));
#15631=CARTESIAN_POINT('',(481.584,1.016,0.));
#15632=CARTESIAN_POINT('',(481.584,131.572,1.905));
#15633=CARTESIAN_POINT('',(481.584,131.572,0.));
#15634=CARTESIAN_POINT('',(481.584,1.016,1.905));
#15635=CARTESIAN_POINT('Origin',(480.568000002921,131.572000002921,0.));
#15636=CARTESIAN_POINT('',(480.568,132.588,0.));
#15637=CARTESIAN_POINT('Origin',(480.568000002921,131.572000002921,0.));
#15638=CARTESIAN_POINT('',(480.568,132.588,1.905));
#15639=CARTESIAN_POINT('',(480.568,132.588,0.));
#15640=CARTESIAN_POINT('Origin',(480.568000002921,131.572000002921,1.905));
#15641=CARTESIAN_POINT('Origin',(480.568,132.588,0.));
#15642=CARTESIAN_POINT('',(0.,132.588,0.));
#15643=CARTESIAN_POINT('',(480.568,132.588,0.));
#15644=CARTESIAN_POINT('',(0.,132.588,1.905));
#15645=CARTESIAN_POINT('',(0.,132.588,0.));
#15646=CARTESIAN_POINT('',(480.568,132.588,1.905));
#15647=CARTESIAN_POINT('Origin',(-2.92202670948328E-9,131.572000002921,
0.));
#15648=CARTESIAN_POINT('',(-1.016,131.572,0.));
#15649=CARTESIAN_POINT('Origin',(-2.92202670948328E-9,131.572000002921,
0.));
#15650=CARTESIAN_POINT('',(-1.016,131.572,1.905));
#15651=CARTESIAN_POINT('',(-1.016,131.572,0.));
#15652=CARTESIAN_POINT('Origin',(-2.92202670948328E-9,131.572000002921,
1.905));
#15653=CARTESIAN_POINT('Origin',(-1.016,131.572,0.));
#15654=CARTESIAN_POINT('',(-1.016,1.016,0.));
#15655=CARTESIAN_POINT('',(-1.016,131.572,0.));
#15656=CARTESIAN_POINT('',(-1.016,1.016,1.905));
#15657=CARTESIAN_POINT('',(-1.016,1.016,0.));
#15658=CARTESIAN_POINT('',(-1.016,131.572,1.905));
#15659=CARTESIAN_POINT('Origin',(-2.92202670948328E-9,1.01599999707798,
0.));
#15660=CARTESIAN_POINT('Origin',(-2.92202670948328E-9,1.01599999707798,
0.));
#15661=CARTESIAN_POINT('Origin',(-2.92202670948328E-9,1.01599999707798,
1.905));
#15662=CARTESIAN_POINT('Origin',(35.7251,109.9947,0.));
#15663=CARTESIAN_POINT('',(33.3375,109.9947,1.905));
#15664=CARTESIAN_POINT('Origin',(35.7251,109.9947,1.905));
#15665=CARTESIAN_POINT('',(33.3375,109.9947,0.));
#15666=CARTESIAN_POINT('',(33.3375,109.9947,0.));
#15667=CARTESIAN_POINT('Origin',(35.7251,109.9947,0.));
#15668=CARTESIAN_POINT('Origin',(35.7251,21.0947,0.));
#15669=CARTESIAN_POINT('',(33.3375,21.0947,1.905));
#15670=CARTESIAN_POINT('Origin',(35.7251,21.0947,1.905));
#15671=CARTESIAN_POINT('',(33.3375,21.0947,0.));
#15672=CARTESIAN_POINT('',(33.3375,21.0947,0.));
#15673=CARTESIAN_POINT('Origin',(35.7251,21.0947,0.));
#15674=CARTESIAN_POINT('Origin',(444.8429,109.9947,0.));
#15675=CARTESIAN_POINT('',(442.4553,109.9947,1.905));
#15676=CARTESIAN_POINT('Origin',(444.8429,109.9947,1.905));
#15677=CARTESIAN_POINT('',(442.4553,109.9947,0.));
#15678=CARTESIAN_POINT('',(442.4553,109.9947,0.));
#15679=CARTESIAN_POINT('Origin',(444.8429,109.9947,0.));
#15680=CARTESIAN_POINT('Origin',(444.8429,21.0947,0.));
#15681=CARTESIAN_POINT('',(442.4553,21.0947,1.905));
#15682=CARTESIAN_POINT('Origin',(444.8429,21.0947,1.905));
#15683=CARTESIAN_POINT('',(442.4553,21.0947,0.));
#15684=CARTESIAN_POINT('',(442.4553,21.0947,0.));
#15685=CARTESIAN_POINT('Origin',(444.8429,21.0947,0.));
#15686=CARTESIAN_POINT('Origin',(474.9546,94.8944,0.));
#15687=CARTESIAN_POINT('',(474.9546,91.3384,0.));
#15688=CARTESIAN_POINT('',(474.9546,91.3384,1.905));
#15689=CARTESIAN_POINT('',(474.9546,91.3384,0.));
#15690=CARTESIAN_POINT('',(474.9546,98.4504,1.905));
#15691=CARTESIAN_POINT('Origin',(474.9546,94.8944,1.905));
#15692=CARTESIAN_POINT('',(474.9546,98.4504,0.));
#15693=CARTESIAN_POINT('',(474.9546,98.4504,0.));
#15694=CARTESIAN_POINT('Origin',(474.9546,94.8944,0.));
#15695=CARTESIAN_POINT('Origin',(474.9546,98.4504,0.));
#15696=CARTESIAN_POINT('',(471.8812,98.4504,1.905));
#15697=CARTESIAN_POINT('',(474.9546,98.4504,1.905));
#15698=CARTESIAN_POINT('',(471.8812,98.4504,0.));
#15699=CARTESIAN_POINT('',(471.8812,98.4504,0.));
#15700=CARTESIAN_POINT('',(474.9546,98.4504,0.));
#15701=CARTESIAN_POINT('Origin',(471.8812,94.8944,0.));
#15702=CARTESIAN_POINT('',(471.8812,91.3384,1.905));
#15703=CARTESIAN_POINT('Origin',(471.8812,94.8944,1.905));
#15704=CARTESIAN_POINT('',(471.8812,91.3384,0.));
#15705=CARTESIAN_POINT('',(471.8812,91.3384,0.));
#15706=CARTESIAN_POINT('Origin',(471.8812,94.8944,0.));
#15707=CARTESIAN_POINT('Origin',(471.8812,91.3384,0.));
#15708=CARTESIAN_POINT('',(471.8812,91.3384,1.905));
#15709=CARTESIAN_POINT('',(471.8812,91.3384,0.));
#15710=CARTESIAN_POINT('Origin',(474.9546,37.6936,0.));
#15711=CARTESIAN_POINT('',(474.9546,34.1376,0.));
#15712=CARTESIAN_POINT('',(474.9546,34.1376,1.905));
#15713=CARTESIAN_POINT('',(474.9546,34.1376,0.));
#15714=CARTESIAN_POINT('',(474.9546,41.2496,1.905));
#15715=CARTESIAN_POINT('Origin',(474.9546,37.6936,1.905));
#15716=CARTESIAN_POINT('',(474.9546,41.2496,0.));
#15717=CARTESIAN_POINT('',(474.9546,41.2496,0.));
#15718=CARTESIAN_POINT('Origin',(474.9546,37.6936,0.));
#15719=CARTESIAN_POINT('Origin',(474.9546,41.2496,0.));
#15720=CARTESIAN_POINT('',(471.8812,41.2496,1.905));
#15721=CARTESIAN_POINT('',(474.9546,41.2496,1.905));
#15722=CARTESIAN_POINT('',(471.8812,41.2496,0.));
#15723=CARTESIAN_POINT('',(471.8812,41.2496,0.));
#15724=CARTESIAN_POINT('',(474.9546,41.2496,0.));
#15725=CARTESIAN_POINT('Origin',(471.8812,37.6936,0.));
#15726=CARTESIAN_POINT('',(471.8812,34.1376,1.905));
#15727=CARTESIAN_POINT('Origin',(471.8812,37.6936,1.905));
#15728=CARTESIAN_POINT('',(471.8812,34.1376,0.));
#15729=CARTESIAN_POINT('',(471.8812,34.1376,0.));
#15730=CARTESIAN_POINT('Origin',(471.8812,37.6936,0.));
#15731=CARTESIAN_POINT('Origin',(471.8812,34.1376,0.));
#15732=CARTESIAN_POINT('',(471.8812,34.1376,1.905));
#15733=CARTESIAN_POINT('',(471.8812,34.1376,0.));
#15734=CARTESIAN_POINT('Origin',(8.6868,94.8944,0.));
#15735=CARTESIAN_POINT('',(8.6868,91.3384,0.));
#15736=CARTESIAN_POINT('',(8.6868,91.3384,1.905));
#15737=CARTESIAN_POINT('',(8.6868,91.3384,0.));
#15738=CARTESIAN_POINT('',(8.6868,98.4504,1.905));
#15739=CARTESIAN_POINT('Origin',(8.6868,94.8944,1.905));
#15740=CARTESIAN_POINT('',(8.6868,98.4504,0.));
#15741=CARTESIAN_POINT('',(8.6868,98.4504,0.));
#15742=CARTESIAN_POINT('Origin',(8.6868,94.8944,0.));
#15743=CARTESIAN_POINT('Origin',(8.6868,98.4504,0.));
#15744=CARTESIAN_POINT('',(5.6134,98.4504,1.905));
#15745=CARTESIAN_POINT('',(8.6868,98.4504,1.905));
#15746=CARTESIAN_POINT('',(5.6134,98.4504,0.));
#15747=CARTESIAN_POINT('',(5.6134,98.4504,0.));
#15748=CARTESIAN_POINT('',(8.6868,98.4504,0.));
#15749=CARTESIAN_POINT('Origin',(5.6134,94.8944,0.));
#15750=CARTESIAN_POINT('',(5.6134,91.3384,1.905));
#15751=CARTESIAN_POINT('Origin',(5.6134,94.8944,1.905));
#15752=CARTESIAN_POINT('',(5.6134,91.3384,0.));
#15753=CARTESIAN_POINT('',(5.6134,91.3384,0.));
#15754=CARTESIAN_POINT('Origin',(5.6134,94.8944,0.));
#15755=CARTESIAN_POINT('Origin',(5.6134,91.3384,0.));
#15756=CARTESIAN_POINT('',(5.6134,91.3384,1.905));
#15757=CARTESIAN_POINT('',(5.6134,91.3384,0.));
#15758=CARTESIAN_POINT('Origin',(8.6868,37.6936,0.));
#15759=CARTESIAN_POINT('',(8.6868,34.1376,0.));
#15760=CARTESIAN_POINT('',(8.6868,34.1376,1.905));
#15761=CARTESIAN_POINT('',(8.6868,34.1376,0.));
#15762=CARTESIAN_POINT('',(8.6868,41.2496,1.905));
#15763=CARTESIAN_POINT('Origin',(8.6868,37.6936,1.905));
#15764=CARTESIAN_POINT('',(8.6868,41.2496,0.));
#15765=CARTESIAN_POINT('',(8.6868,41.2496,0.));
#15766=CARTESIAN_POINT('Origin',(8.6868,37.6936,0.));
#15767=CARTESIAN_POINT('Origin',(8.6868,41.2496,0.));
#15768=CARTESIAN_POINT('',(5.6134,41.2496,1.905));
#15769=CARTESIAN_POINT('',(8.6868,41.2496,1.905));
#15770=CARTESIAN_POINT('',(5.6134,41.2496,0.));
#15771=CARTESIAN_POINT('',(5.6134,41.2496,0.));
#15772=CARTESIAN_POINT('',(8.6868,41.2496,0.));
#15773=CARTESIAN_POINT('Origin',(5.6134,37.6936,0.));
#15774=CARTESIAN_POINT('',(5.6134,34.1376,1.905));
#15775=CARTESIAN_POINT('Origin',(5.6134,37.6936,1.905));
#15776=CARTESIAN_POINT('',(5.6134,34.1376,0.));
#15777=CARTESIAN_POINT('',(5.6134,34.1376,0.));
#15778=CARTESIAN_POINT('Origin',(5.6134,37.6936,0.));
#15779=CARTESIAN_POINT('Origin',(5.6134,34.1376,0.));
#15780=CARTESIAN_POINT('',(5.6134,34.1376,1.905));
#15781=CARTESIAN_POINT('',(5.6134,34.1376,0.));
#15782=CARTESIAN_POINT('Origin',(240.284,11.43,0.));
#15783=CARTESIAN_POINT('',(238.2139,11.43,1.905));
#15784=CARTESIAN_POINT('Origin',(240.284,11.43,1.905));
#15785=CARTESIAN_POINT('',(238.2139,11.43,0.));
#15786=CARTESIAN_POINT('',(238.2139,11.43,0.));
#15787=CARTESIAN_POINT('Origin',(240.284,11.43,0.));
#15788=CARTESIAN_POINT('Origin',(240.283999998882,66.294,0.));
#15789=CARTESIAN_POINT('Origin',(240.283999998882,66.294,1.905));
#15790=CARTESIAN_POINT('',(0.,0.,0.));
#15791=CARTESIAN_POINT('Origin',(418.5539,-1.905,106.8197));
#15792=CARTESIAN_POINT('',(423.3164,-1.905,106.8197));
#15793=CARTESIAN_POINT('Origin',(418.5539,-1.905,106.8197));
#15794=CARTESIAN_POINT('Origin',(418.5539,-1.905,106.8197));
#15795=CARTESIAN_POINT('',(423.3164,-23.495,106.8197));
#15796=CARTESIAN_POINT('',(418.5539,-23.495,102.0572));
#15797=CARTESIAN_POINT('Origin',(418.5539,-23.495,106.8197));
#15798=CARTESIAN_POINT('',(423.3164,-1.905,106.8197));
#15799=CARTESIAN_POINT('Origin',(418.5539,-23.495,106.8197));
#15800=CARTESIAN_POINT('Origin',(418.5539,-23.495,100.4697));
#15801=CARTESIAN_POINT('',(418.5539,-25.0825,100.4697));
#15802=CARTESIAN_POINT('',(423.3164,-29.845,100.4697));
#15803=CARTESIAN_POINT('Origin',(418.5539,-29.845,100.4697));
#15804=CARTESIAN_POINT('Origin',(418.5539,-29.845,100.4697));
#15805=CARTESIAN_POINT('Origin',(418.5539,-23.495,100.4697));
#15806=CARTESIAN_POINT('Origin',(418.5539,-29.845,100.4697));
#15807=CARTESIAN_POINT('',(423.3164,-29.845,24.2697));
#15808=CARTESIAN_POINT('',(418.5539,-25.0825,24.2697));
#15809=CARTESIAN_POINT('Origin',(418.5539,-29.845,24.2697));
#15810=CARTESIAN_POINT('',(423.3164,-29.845,100.4697));
#15811=CARTESIAN_POINT('Origin',(418.5539,-29.845,24.2697));
#15812=CARTESIAN_POINT('Origin',(418.5539,-23.495,24.2697));
#15813=CARTESIAN_POINT('',(418.5539,-23.495,22.6822));
#15814=CARTESIAN_POINT('',(423.3164,-23.495,17.9197));
#15815=CARTESIAN_POINT('Origin',(418.5539,-23.495,17.9197));
#15816=CARTESIAN_POINT('Origin',(418.5539,-23.495,17.9197));
#15817=CARTESIAN_POINT('Origin',(418.5539,-23.495,24.2697));
#15818=CARTESIAN_POINT('Origin',(418.5539,-23.495,17.9197));
#15819=CARTESIAN_POINT('',(423.3164,-1.905,17.9197));
#15820=CARTESIAN_POINT('Origin',(418.5539,-1.905,17.9197));
#15821=CARTESIAN_POINT('',(423.3164,-23.495,17.9197));
#15822=CARTESIAN_POINT('Origin',(418.5539,-1.905,17.9197));
#15823=CARTESIAN_POINT('',(0.,0.,0.));
#15824=CARTESIAN_POINT('Origin',(9.4361,-1.905,106.8197));
#15825=CARTESIAN_POINT('',(14.1986,-1.905,106.8197));
#15826=CARTESIAN_POINT('Origin',(9.4361,-1.905,106.8197));
#15827=CARTESIAN_POINT('Origin',(9.4361,-1.905,106.8197));
#15828=CARTESIAN_POINT('',(14.1986,-23.495,106.8197));
#15829=CARTESIAN_POINT('',(9.4361,-23.495,102.0572));
#15830=CARTESIAN_POINT('Origin',(9.4361,-23.495,106.8197));
#15831=CARTESIAN_POINT('',(14.1986,-1.905,106.8197));
#15832=CARTESIAN_POINT('Origin',(9.4361,-23.495,106.8197));
#15833=CARTESIAN_POINT('Origin',(9.4361,-23.495,100.4697));
#15834=CARTESIAN_POINT('',(9.4361,-25.0825,100.4697));
#15835=CARTESIAN_POINT('',(14.1986,-29.845,100.4697));
#15836=CARTESIAN_POINT('Origin',(9.4361,-29.845,100.4697));
#15837=CARTESIAN_POINT('Origin',(9.4361,-29.845,100.4697));
#15838=CARTESIAN_POINT('Origin',(9.4361,-23.495,100.4697));
#15839=CARTESIAN_POINT('Origin',(9.4361,-29.845,100.4697));
#15840=CARTESIAN_POINT('',(14.1986,-29.845,24.2697));
#15841=CARTESIAN_POINT('',(9.4361,-25.0825,24.2697));
#15842=CARTESIAN_POINT('Origin',(9.4361,-29.845,24.2697));
#15843=CARTESIAN_POINT('',(14.1986,-29.845,100.4697));
#15844=CARTESIAN_POINT('Origin',(9.4361,-29.845,24.2697));
#15845=CARTESIAN_POINT('Origin',(9.4361,-23.495,24.2697));
#15846=CARTESIAN_POINT('',(9.4361,-23.495,22.6822));
#15847=CARTESIAN_POINT('',(14.1986,-23.495,17.9197));
#15848=CARTESIAN_POINT('Origin',(9.4361,-23.495,17.9197));
#15849=CARTESIAN_POINT('Origin',(9.4361,-23.495,17.9197));
#15850=CARTESIAN_POINT('Origin',(9.4361,-23.495,24.2697));
#15851=CARTESIAN_POINT('Origin',(9.4361,-23.495,17.9197));
#15852=CARTESIAN_POINT('',(14.1986,-1.905,17.9197));
#15853=CARTESIAN_POINT('Origin',(9.4361,-1.905,17.9197));
#15854=CARTESIAN_POINT('',(14.1986,-23.495,17.9197));
#15855=CARTESIAN_POINT('Origin',(9.4361,-1.905,17.9197));
#15856=CARTESIAN_POINT('',(0.,0.,0.));
#15857=CARTESIAN_POINT('',(0.,0.,0.));
#15858=CARTESIAN_POINT('',(0.,0.,0.));
#15859=CARTESIAN_POINT('',(454.279,-1.905,-3.175));
#15860=CARTESIAN_POINT('',(0.,0.,0.));
#15861=CARTESIAN_POINT('',(0.,0.,0.));
#15862=UNCERTAINTY_MEASURE_WITH_UNIT(LENGTH_MEASURE(0.01),#15878,
'DISTANCE_ACCURACY_VALUE',
'Maximum model space distance between geometric entities at asserted c
onnectivities');
#15863=UNCERTAINTY_MEASURE_WITH_UNIT(LENGTH_MEASURE(0.01),#15878,
'DISTANCE_ACCURACY_VALUE',
'Maximum model space distance between geometric entities at asserted c
onnectivities');
#15864=UNCERTAINTY_MEASURE_WITH_UNIT(LENGTH_MEASURE(0.01),#15878,
'DISTANCE_ACCURACY_VALUE',
'Maximum model space distance between geometric entities at asserted c
onnectivities');
#15865=UNCERTAINTY_MEASURE_WITH_UNIT(LENGTH_MEASURE(0.01),#15878,
'DISTANCE_ACCURACY_VALUE',
'Maximum model space distance between geometric entities at asserted c
onnectivities');
#15866=UNCERTAINTY_MEASURE_WITH_UNIT(LENGTH_MEASURE(0.01),#15878,
'DISTANCE_ACCURACY_VALUE',
'Maximum model space distance between geometric entities at asserted c
onnectivities');
#15867=UNCERTAINTY_MEASURE_WITH_UNIT(LENGTH_MEASURE(0.01),#15878,
'DISTANCE_ACCURACY_VALUE',
'Maximum model space distance between geometric entities at asserted c
onnectivities');
#15868=UNCERTAINTY_MEASURE_WITH_UNIT(LENGTH_MEASURE(0.01),#15878,
'DISTANCE_ACCURACY_VALUE',
'Maximum model space distance between geometric entities at asserted c
onnectivities');
#15869=UNCERTAINTY_MEASURE_WITH_UNIT(LENGTH_MEASURE(0.01),#15878,
'DISTANCE_ACCURACY_VALUE',
'Maximum model space distance between geometric entities at asserted c
onnectivities');
#15870=(
GEOMETRIC_REPRESENTATION_CONTEXT(3)
GLOBAL_UNCERTAINTY_ASSIGNED_CONTEXT((#15862))
GLOBAL_UNIT_ASSIGNED_CONTEXT((#15878,#15880,#15881))
REPRESENTATION_CONTEXT('','3D')
);
#15871=(
GEOMETRIC_REPRESENTATION_CONTEXT(3)
GLOBAL_UNCERTAINTY_ASSIGNED_CONTEXT((#15863))
GLOBAL_UNIT_ASSIGNED_CONTEXT((#15878,#15880,#15881))
REPRESENTATION_CONTEXT('','3D')
);
#15872=(
GEOMETRIC_REPRESENTATION_CONTEXT(3)
GLOBAL_UNCERTAINTY_ASSIGNED_CONTEXT((#15864))
GLOBAL_UNIT_ASSIGNED_CONTEXT((#15878,#15880,#15881))
REPRESENTATION_CONTEXT('','3D')
);
#15873=(
GEOMETRIC_REPRESENTATION_CONTEXT(3)
GLOBAL_UNCERTAINTY_ASSIGNED_CONTEXT((#15865))
GLOBAL_UNIT_ASSIGNED_CONTEXT((#15878,#15880,#15881))
REPRESENTATION_CONTEXT('','3D')
);
#15874=(
GEOMETRIC_REPRESENTATION_CONTEXT(3)
GLOBAL_UNCERTAINTY_ASSIGNED_CONTEXT((#15866))
GLOBAL_UNIT_ASSIGNED_CONTEXT((#15878,#15880,#15881))
REPRESENTATION_CONTEXT('','3D')
);
#15875=(
GEOMETRIC_REPRESENTATION_CONTEXT(3)
GLOBAL_UNCERTAINTY_ASSIGNED_CONTEXT((#15867))
GLOBAL_UNIT_ASSIGNED_CONTEXT((#15878,#15880,#15881))
REPRESENTATION_CONTEXT('','3D')
);
#15876=(
GEOMETRIC_REPRESENTATION_CONTEXT(3)
GLOBAL_UNCERTAINTY_ASSIGNED_CONTEXT((#15868))
GLOBAL_UNIT_ASSIGNED_CONTEXT((#15878,#15880,#15881))
REPRESENTATION_CONTEXT('','3D')
);
#15877=(
GEOMETRIC_REPRESENTATION_CONTEXT(3)
GLOBAL_UNCERTAINTY_ASSIGNED_CONTEXT((#15869))
GLOBAL_UNIT_ASSIGNED_CONTEXT((#15878,#15880,#15881))
REPRESENTATION_CONTEXT('','3D')
);
#15878=(
LENGTH_UNIT()
NAMED_UNIT(*)
SI_UNIT(.MILLI.,.METRE.)
);
#15879=(
LENGTH_UNIT()
NAMED_UNIT(*)
SI_UNIT(.CENTI.,.METRE.)
);
#15880=(
NAMED_UNIT(*)
PLANE_ANGLE_UNIT()
SI_UNIT($,.RADIAN.)
);
#15881=(
NAMED_UNIT(*)
SI_UNIT($,.STERADIAN.)
SOLID_ANGLE_UNIT()
);
#15882=SHAPE_DEFINITION_REPRESENTATION(#15889,#15902);
#15883=SHAPE_DEFINITION_REPRESENTATION(#15890,#15903);
#15884=SHAPE_DEFINITION_REPRESENTATION(#15891,#15904);
#15885=SHAPE_DEFINITION_REPRESENTATION(#15892,#15905);
#15886=SHAPE_DEFINITION_REPRESENTATION(#15893,#15906);
#15887=SHAPE_DEFINITION_REPRESENTATION(#15894,#15907);
#15888=SHAPE_DEFINITION_REPRESENTATION(#15895,#15908);
#15889=PRODUCT_DEFINITION_SHAPE('',$,#15910);
#15890=PRODUCT_DEFINITION_SHAPE('',$,#15911);
#15891=PRODUCT_DEFINITION_SHAPE('',$,#15912);
#15892=PRODUCT_DEFINITION_SHAPE('',$,#15913);
#15893=PRODUCT_DEFINITION_SHAPE('',$,#15914);
#15894=PRODUCT_DEFINITION_SHAPE('',$,#15915);
#15895=PRODUCT_DEFINITION_SHAPE('',$,#15916);
#15896=PRODUCT_DEFINITION_SHAPE($,$,#29);
#15897=PRODUCT_DEFINITION_SHAPE($,$,#30);
#15898=PRODUCT_DEFINITION_SHAPE($,$,#31);
#15899=PRODUCT_DEFINITION_SHAPE($,$,#32);
#15900=PRODUCT_DEFINITION_SHAPE($,$,#33);
#15901=PRODUCT_DEFINITION_SHAPE($,$,#34);
#15902=SHAPE_REPRESENTATION('',(#9074,#10019,#10020,#10021,#10022,#10023,
#10024),#15870);
#15903=SHAPE_REPRESENTATION('',(#9075),#15871);
#15904=SHAPE_REPRESENTATION('',(#9541),#15872);
#15905=SHAPE_REPRESENTATION('',(#9611),#15873);
#15906=SHAPE_REPRESENTATION('',(#9735),#15874);
#15907=SHAPE_REPRESENTATION('',(#9979),#15875);
#15908=SHAPE_REPRESENTATION('',(#9999),#15876);
#15909=PRODUCT_DEFINITION_CONTEXT('part definition',#15932,'design');
#15910=PRODUCT_DEFINITION('Rackmount_Template','Protocase_3U',#15917,#15909);
#15911=PRODUCT_DEFINITION('Chassis','Chassis',#15918,#15909);
#15912=PRODUCT_DEFINITION('Cover','Cover',#15919,#15909);
#15913=PRODUCT_DEFINITION('Rear','Rear',#15920,#15909);
#15914=PRODUCT_DEFINITION('Front','Front',#15921,#15909);
#15915=PRODUCT_DEFINITION('Medium_Rackmount_Handle_Sweep',
'Medium_Rackmount_Handle_Sweep',#15922,#15909);
#15916=PRODUCT_DEFINITION('Medium_Rackmount_Handle_Sweep_1',
'Medium_Rackmount_Handle_Sweep_1',#15923,#15909);
#15917=PRODUCT_DEFINITION_FORMATION('',$,#15934);
#15918=PRODUCT_DEFINITION_FORMATION('',$,#15935);
#15919=PRODUCT_DEFINITION_FORMATION('',$,#15936);
#15920=PRODUCT_DEFINITION_FORMATION('',$,#15937);
#15921=PRODUCT_DEFINITION_FORMATION('',$,#15938);
#15922=PRODUCT_DEFINITION_FORMATION('',$,#15939);
#15923=PRODUCT_DEFINITION_FORMATION('',$,#15940);
#15924=PRODUCT_RELATED_PRODUCT_CATEGORY('Protocase_3U','Protocase_3U',(#15934));
#15925=PRODUCT_RELATED_PRODUCT_CATEGORY('Chassis','Chassis',(#15935));
#15926=PRODUCT_RELATED_PRODUCT_CATEGORY('Cover','Cover',(#15936));
#15927=PRODUCT_RELATED_PRODUCT_CATEGORY('Rear','Rear',(#15937));
#15928=PRODUCT_RELATED_PRODUCT_CATEGORY('Front','Front',(#15938));
#15929=PRODUCT_RELATED_PRODUCT_CATEGORY('Medium_Rackmount_Handle_Sweep',
'Medium_Rackmount_Handle_Sweep',(#15939));
#15930=PRODUCT_RELATED_PRODUCT_CATEGORY(
'Medium_Rackmount_Handle_Sweep_1','Medium_Rackmount_Handle_Sweep_1',(#15940));
#15931=APPLICATION_PROTOCOL_DEFINITION('international standard',
'automotive_design',2009,#15932);
#15932=APPLICATION_CONTEXT(
'Core Data for Automotive Mechanical Design Process');
#15933=PRODUCT_CONTEXT('part definition',#15932,'mechanical');
#15934=PRODUCT('Rackmount_Template','Protocase_3U','Open CASCADE Model',
(#15933));
#15935=PRODUCT('Chassis','Chassis',$,(#15933));
#15936=PRODUCT('Cover','Cover',$,(#15933));
#15937=PRODUCT('Rear','Rear',$,(#15933));
#15938=PRODUCT('Front','Front',$,(#15933));
#15939=PRODUCT('Medium_Rackmount_Handle_Sweep',
'Medium_Rackmount_Handle_Sweep',$,(#15933));
#15940=PRODUCT('Medium_Rackmount_Handle_Sweep_1',
'Medium_Rackmount_Handle_Sweep_1',$,(#15933));
ENDSEC;
END-ISO-10303-21;
